n_lines,mean_angle,std_angle,mean_abs_angle,mean_length,max_length,left_count,right_count,balance_lr,center_bottom,center_error,vanishing_x,vanishing_error,confidence,omega_true,oracle_confidence,frame_ts_ns
45.0,0.11548348117062003,0.5815633732507448,0.3743703526575223,89.69831848144531,273.1226806640625,20.0,25.0,0.1111111111111111,307.9117161716171,-0.03777588696369651,274.19195556640625,-0.14315013885498046,1.0,-0.051167501813163235,0.75,1779451115317607513
44.0,0.12498476851838439,0.5925987324166168,0.3872503234863134,91.57707977294922,288.9186706542969,21.0,23.0,0.045454545454545456,313.54255319148933,-0.020179521276595835,181.48077392578125,-0.4328725814819336,1.0,-0.047056539105770755,0.75,1779451115343881489
49.0,0.09978761640150223,0.5968341334584049,0.4032813667781671,87.11071014404297,273.1226806640625,26.0,23.0,-0.061224489795918366,309.06255686988175,-0.034179509781619544,275.0,-0.140625,1.0,-0.04737838980636934,0.75,1779451115375504390
44.0,0.09137914945986343,0.6016989339732288,0.39276472667762385,89.21198272705078,288.17529296875,26.0,18.0,-0.18181818181818182,312.0543845694969,-0.024830048220322178,381.05914306640625,0.19080982208251954,1.0,-0.044653682293126794,0.75,1779451115406791289
47.0,0.07479574991033432,0.6383822332170976,0.4275454387833822,91.62313842773438,314.1592102050781,24.0,23.0,-0.02127659574468085,314.43721231300344,-0.017383711521864242,370.5333251953125,0.15791664123535157,1.0,-0.055942298874797895,1.0,1779451115437834623
48.0,0.11164068136249765,0.6322733504207522,0.4241705586563526,89.3941650390625,311.3326110839844,22.0,26.0,0.08333333333333333,316.5128754940712,-0.010897264081027558,278.49322509765625,-0.1297086715698242,1.0,-0.04843778567397395,1.0,1779451115470545578
44.0,0.08787151921647399,0.6255657733730196,0.42620990565322897,99.78564453125,272.3912658691406,22.0,22.0,0.0,307.98950858388594,-0.03753278567535645,281.17626953125,-0.12132415771484376,1.0,-0.049403115250507855,0.75,1779451115503495670
45.0,0.059594975662945554,0.6005307823584424,0.3879807459838379,89.77799987792969,288.9186706542969,24.0,21.0,-0.06666666666666667,309.50507099391484,-0.03279665314401612,279.36834716796875,-0.12697391510009765,1.0,-0.046394883045051634,0.75,1779451115537596069
46.0,0.07122395052231412,0.6038023830459897,0.3964947871687803,93.48524475097656,286.7629699707031,21.0,25.0,0.08695652173913043,308.52173913043475,-0.035869565217391396,276.09197998046875,-0.13721256256103515,1.0,-0.04936748672508112,0.75,1779451115569986070
48.0,0.12662764545783292,0.5851763863086179,0.3986080911346266,86.19024658203125,288.17529296875,24.0,24.0,0.0,308.6641914191419,-0.03542440181518156,339.41455078125,0.06067047119140625,1.0,-0.04936748672508112,0.75,1779451115603043046
43.0,0.06261401732063451,0.5945796039934872,0.36950555994176465,87.77782440185547,272.3912658691406,21.0,22.0,0.023255813953488372,308.25,-0.03671875,417.85211181640625,0.3057878494262695,1.0,-0.046394883045051634,0.75,1779451115636481834
43.0,0.1355299438529779,0.5799149062470895,0.3712355507522671,89.32778930664062,273.1226806640625,19.0,24.0,0.11627906976744186,309.05,-0.034218749999999964,282.33782958984375,-0.11769428253173828,1.0,-0.046394883045051634,0.75,1779451115671513327
44.0,0.14439416785260936,0.6461972168580666,0.4415037242793268,98.42064666748047,310.6010437011719,20.0,24.0,0.09090909090909091,308.44612424409013,-0.036105861737218345,275.32000732421875,-0.1396249771118164,1.0,-0.05381978064453037,1.0,1779451115703415150
49.0,0.12819803324168833,0.6373847261073062,0.4344544156066961,89.98419189453125,288.17529296875,25.0,24.0,-0.02040816326530612,309.5176056338028,-0.0327574823943662,278.319091796875,-0.13025283813476562,1.0,-0.05114102397018623,1.0,1779451115735441133
49.0,0.12687788316657853,0.589403978465711,0.4003311908277494,85.83139038085938,286.7629699707031,24.0,25.0,0.02040816326530612,308.5564660691421,-0.03576104353393088,273.04412841796875,-0.14673709869384766,1.0,-0.06126100600509446,0.75,1779451115765958778
50.0,0.1232436370153168,0.6133389569364015,0.40507685855517184,80.66805267333984,314.1592102050781,26.0,24.0,-0.04,299.51869158878503,-0.06400408878504678,210.05172729492188,-0.34358835220336914,1.0,-0.05002672896979281,1.0,1779451115797589506
44.0,0.12949010207255338,0.6166041644234083,0.4323931943271839,96.05420684814453,287.50653076171875,21.0,23.0,0.045454545454545456,310.23494617295637,-0.030515793209511345,275.0,-0.140625,1.0,-0.04500223539294164,0.75,1779451115829541954
44.0,0.13054843865272556,0.5909821565601623,0.39717849903084895,91.27584838867188,273.1226806640625,22.0,22.0,0.0,308.95319148936164,-0.03452127659574487,182.55172729492188,-0.42952585220336914,1.0,-0.04519703026537092,0.75,1779451115862522482
46.0,0.15179459123286104,0.6145424361240365,0.4487852862779072,91.79174041748047,288.17529296875,23.0,23.0,0.0,308.6949541284404,-0.035328268348623834,313.8795166015625,-0.019126510620117186,1.0,-0.046394883045051634,0.75,1779451115896022217
43.0,0.06854815781116486,0.6155195236206055,0.4127965569496155,90.23734283447266,286.7629699707031,22.0,21.0,-0.023255813953488372,311.8891167517928,-0.025346510150647462,275.60675048828125,-0.13872890472412108,1.0,-0.05820919720709042,0.75,1779451115930985109
40.0,0.04932473599910736,0.6478877663612366,0.45618921518325806,102.37265014648438,286.7629699707031,18.0,22.0,0.1,309.0492957746479,-0.03422095070422539,328.46746826171875,0.026460838317871094,1.0,-0.040291104618733184,0.75,1779451115963765014
44.0,0.11974541656949186,0.614016541332889,0.4199259004329269,97.0577392578125,309.1876525878906,22.0,22.0,0.0,308.4276351351352,-0.036163640202702574,279.6788330078125,-0.12600364685058593,1.0,-0.051167501813163235,0.75,1779451115996564105
50.0,0.07487270059307115,0.5970495942022874,0.40153728811313405,81.87063598632812,273.1226806640625,24.0,26.0,0.04,314.5490032133255,-0.017034364958357882,274.16009521484375,-0.1432497024536133,1.0,-0.07034161546228343,0.75,1779451116029448690
43.0,0.13148771211527688,0.6217339639316609,0.4377992793209527,100.41992950439453,281.1138610839844,20.0,23.0,0.06976744186046512,309.1615872685667,-0.03387003978572913,276.8301086425781,-0.13490591049194336,1.0,-0.05115836750178137,0.75,1779451116062927659
42.0,0.0551723875105381,0.6172704100608826,0.41232791543006897,99.50262451171875,281.1138610839844,21.0,21.0,0.0,309.1507177033493,-0.033904007177033436,272.4268798828125,-0.14866600036621094,1.0,-0.04392631210464511,0.75,1779451116096505774
44.0,0.08909172723769347,0.6014339577681153,0.39269334909951703,96.37946319580078,288.9186706542969,21.0,23.0,0.045454545454545456,308.8595675675675,-0.03481385135135149,382.05255126953125,0.19391422271728515,1.0,-0.04244415825931557,0.75,1779451116131741796
45.0,0.04192882406071045,0.6127630110119552,0.4000435897693556,88.26412200927734,288.17529296875,26.0,19.0,-0.15555555555555556,310.3042838757125,-0.030299112888398483,248.17999267578125,-0.22443752288818358,1.0,-0.046394883045051634,0.75,1779451116162361740
48.0,0.14690029540139968,0.6019396607826711,0.39200241169622574,80.82166290283203,255.6188507080078,24.0,24.0,0.0,314.1,-0.01843749999999993,280.28118896484375,-0.12412128448486329,1.0,-0.04912573147347546,1.0,1779451116195798081
48.0,0.16657305920439355,0.6051262602524305,0.44317900420730205,86.82617950439453,289.587646484375,22.0,26.0,0.08333333333333333,308.5705785123967,-0.03571694214876029,275.0,-0.140625,1.0,-0.04936748672508112,0.75,1779451116236840709
43.0,0.10270024247230365,0.6162128336266391,0.41947641267269037,98.63915252685547,311.3326110839844,22.0,21.0,-0.023255813953488372,311.08392011266164,-0.02786274964793236,378.13104248046875,0.18165950775146483,1.0,-0.04704207129953093,0.75,1779451116271598352
44.0,0.15828665373976022,0.6263207871948845,0.42514919081662633,94.28113555908203,307.7742614746094,25.0,19.0,-0.13636363636363635,309.0357142857143,-0.03426339285714288,279.63763427734375,-0.12613239288330078,1.0,-0.04969919226381112,1.0,1779451116302999341
46.0,0.10901713347509927,0.6225771241869329,0.40379742136672564,86.86003875732422,287.50653076171875,25.0,21.0,-0.08695652173913043,308.9423676012461,-0.034555101246106015,279.159423828125,-0.12762680053710937,1.0,-0.049121249947286644,1.0,1779451116332879091
47.0,0.0737164095044136,0.6178256869316101,0.4273151159286499,88.0205307006836,286.7629699707031,22.0,25.0,0.06382978723404255,311.6550875389599,-0.026077851440750345,193.18849182128906,-0.3962859630584717,1.0,-0.062944666849427,0.75,1779451116364049516
45.0,0.15689664787572508,0.5750153110849275,0.37992571064851566,87.62542724609375,273.1226806640625,21.0,24.0,0.06666666666666667,312.2173344947735,-0.024320829703832737,279.10418701171875,-0.1277994155883789,1.0,-0.04368178342173599,0.75,1779451116395624886
45.0,0.07346698422668925,0.6659023278617431,0.4663221032696156,82.5755615234375,288.17529296875,21.0,24.0,0.06666666666666667,300.6565513161786,-0.0604482771369419,278.2799072265625,-0.13037528991699218,1.0,-0.03781406269192465,1.0,1779451116428677876
48.0,0.12506620178971226,0.6122538450688103,0.39727007431329325,89.5029067993164,288.9186706542969,20.0,28.0,0.16666666666666666,308.91666666666663,-0.034635416666666786,275.0,-0.140625,1.0,-0.05207206786686468,1.0,1779451116461545936
50.0,0.047536276280879974,0.5874316096305847,0.3793957531452179,85.5829849243164,288.17529296875,26.0,24.0,-0.04,309.96938775510205,-0.0313456632653061,236.84828186035156,-0.25984911918640136,1.0,-0.04268122945989425,0.75,1779451116497531037
39.0,0.09804687649011612,0.5827034115791321,0.3996925950050354,109.43302154541016,309.1876525878906,19.0,20.0,0.02564102564102564,311.0616057233704,-0.027932482114467482,280.958251953125,-0.12200546264648438,1.0,-0.0425829901143534,0.5,1779451116530019085
44.0,0.10773692485644619,0.6318702529857281,0.4450802682630232,93.04354858398438,289.587646484375,23.0,21.0,-0.045454545454545456,315.4090775558167,-0.014346632638072876,278.69171142578125,-0.1290884017944336,1.0,-0.04467151061706118,0.75,1779451116561790906
48.0,0.12573814384582035,0.5980351069697651,0.411209846694071,91.34899139404297,289.587646484375,22.0,26.0,0.08333333333333333,310.67910447761193,-0.02912779850746272,401.71514892578125,0.2553598403930664,1.0,-0.05014129473648546,0.75,1779451116594589086
47.0,0.15722003617306118,0.6319922435521403,0.43486418926297765,86.07547760009766,255.6188507080078,24.0,23.0,-0.02127659574468085,309.7372551361682,-0.03207107769947441,289.49114990234375,-0.09534015655517578,1.0,-0.050929817804168366,1.0,1779451116627511644
47.0,-0.003986799158155918,0.5916191339492798,0.3736093044281006,87.7438735961914,289.587646484375,26.0,21.0,-0.10638297872340426,309.8258312269104,-0.031794277415905015,385.48944091796875,0.20465450286865233,1.0,-0.048831610319751736,0.75,1779451116664853180
48.0,0.1265428392461231,0.6135196321267417,0.40209119602535326,95.00106048583984,289.587646484375,22.0,26.0,0.08333333333333333,308.8333333333333,-0.03489583333333339,274.0,-0.14375,1.0,-0.05406166700057751,1.0,1779451116694861065
45.0,0.049374062567949295,0.6162800192832947,0.4157521426677704,97.19165802001953,289.587646484375,23.0,22.0,-0.022222222222222223,309.36904005085825,-0.03322174984106798,276.0170593261719,-0.13744668960571288,1.0,-0.0529831666655764,0.75,1779451116728965565
42.0,0.14983147350053455,0.6402065332966432,0.4334251657851442,99.24673461914062,309.1876525878906,21.0,21.0,0.0,309.50294985250736,-0.03280328171091451,360.58343505859375,0.12682323455810546,1.0,-0.04933608090719198,1.0,1779451116761937467
43.0,0.12596583589760943,0.5953141070538494,0.39284389815034443,95.61221313476562,309.1876525878906,21.0,22.0,0.023255813953488372,314.49213720553854,-0.017212071232692062,279.24859619140625,-0.12734813690185548,1.0,-0.048352548641280295,0.75,1779451116795230649
45.0,0.12010519660037641,0.6075459723082519,0.4183788183068754,91.63072967529297,270.97784423828125,22.0,23.0,0.022222222222222223,297.80973517718564,-0.06934457757129486,274.22314453125,-0.14305267333984376,1.0,-0.05014129473648546,0.75,1779451116829211908
41.0,0.13153979743604854,0.6180753282063249,0.4196274991335871,97.25544738769531,288.17529296875,21.0,20.0,-0.024390243902439025,309.5003391618933,-0.032811440119083456,386.80645751953125,0.20877017974853515,1.0,-0.046394883045051634,0.75,1779451116861461561
47.0,0.1501089621044082,0.605929652312968,0.4311952993220334,95.1686782836914,288.17529296875,21.0,26.0,0.10638297872340426,311.30268860896655,-0.027179098096979538,278.1650390625,-0.1307342529296875,1.0,-0.04467151061706118,0.75,1779451116894974410
42.0,0.03556308150291443,0.5745495557785034,0.38658860325813293,95.11274719238281,307.7742614746094,19.0,23.0,0.09523809523809523,308.1374223602484,-0.03707055512422368,278.23101806640625,-0.13052806854248047,1.0,-0.059733418026616455,0.5,1779451116935940384
46.0,0.15166705090109198,0.6387770440123187,0.44406615842014324,92.10308837890625,288.17529296875,21.0,25.0,0.08695652173913043,310.23594401815365,-0.030512674943269858,187.26974487304688,-0.4147820472717285,1.0,-0.05836884340589998,1.0,1779451116967255586
48.0,0.11652032757917204,0.6131499889338559,0.3914372664344848,91.73600006103516,288.17529296875,25.0,23.0,-0.041666666666666664,309.0421002778479,-0.034243436631725285,383.7081298828125,0.19908790588378905,1.0,-0.054887367970595055,1.0,1779451116997652428
48.0,0.13146650356804224,0.5724294268553136,0.37180065961497416,84.49095916748047,273.1226806640625,24.0,24.0,0.0,311.61650905023384,-0.026198409218019237,277.1575927734375,-0.1338825225830078,1.0,-0.04618606001228642,0.75,1779451117029622428
46.0,0.10987677988253097,0.608397031188069,0.42155056362021115,89.35502624511719,270.97784423828125,24.0,22.0,-0.043478260869565216,297.91039931406175,-0.06903000214355703,314.2765808105469,-0.017885684967041016,1.0,-0.044653682293126794,0.75,1779451117062807756
45.0,0.08493921090601436,0.5951952236401689,0.38351502166296264,91.80338287353516,286.7629699707031,22.0,23.0,0.022222222222222223,309.1028672032193,-0.03405353998993963,318.5684814453125,-0.004473495483398438,1.0,-0.044653682293126794,0.75,1779451117095720516
47.0,-0.008388794027268887,0.5879279971122742,0.36873719096183777,89.5711441040039,281.1138610839844,24.0,23.0,-0.02127659574468085,309.9914982463357,-0.03127656798020091,279.24310302734375,-0.1273653030395508,1.0,-0.0479399647637641,0.75,1779451117131834166
52.0,0.038322899490594864,0.5885728001594543,0.39011240005493164,84.87046813964844,309.9193420410156,26.0,26.0,0.0,311.0052083333333,-0.028108723958333394,178.41378784179688,-0.4424569129943848,1.0,-0.05385998652705849,0.75,1779451117162362281
49.0,0.10827166023114904,0.6297289549503624,0.4120208718578466,89.58195495605469,288.9186706542969,28.0,21.0,-0.14285714285714285,309.27777777777777,-0.033506944444444464,281.77880859375,-0.11944122314453125,1.0,-0.04935849122228024,1.0,1779451117196309615
44.0,0.06635355949401855,0.532024085521698,0.3260044455528259,88.20645141601562,273.1226806640625,23.0,21.0,-0.045454545454545456,297.23430735930737,-0.07114278950216449,341.4473571777344,0.06702299118041992,1.0,-0.0605976357952025,0.5,1779451117229001138
50.0,0.08083601605390207,0.6037991689536142,0.4043312390545477,83.34119415283203,288.9186706542969,26.0,24.0,-0.04,311.4060224089636,-0.02685617997198868,273.92401123046875,-0.14398746490478515,1.0,-0.044653682293126794,0.75,1779451117262003198
42.0,0.13274530723294087,0.6557846443974501,0.4490294996485161,98.0049057006836,288.9186706542969,22.0,20.0,-0.047619047619047616,308.8333333333333,-0.03489583333333339,377.658447265625,0.18018264770507814,1.0,-0.0518416262378376,1.0,1779451117295732480
43.0,-0.0009609710541553795,0.6233696937561035,0.41480472683906555,94.94062805175781,289.587646484375,22.0,21.0,-0.023255813953488372,308.36247326463155,-0.036367271048026416,338.2412109375,0.0570037841796875,1.0,-0.04528472847686103,0.75,1779451117329117384
48.0,0.08162036538124084,0.5497511029243469,0.36113181710243225,82.95201110839844,289.587646484375,21.0,27.0,0.125,309.1428571428571,-0.03392857142857153,423.4931640625,0.3234161376953125,1.0,-0.06340596040131163,0.5,1779451117362523923
43.0,0.11632763198318057,0.638645289878399,0.4527771416430059,101.67633819580078,288.17529296875,21.0,22.0,0.023255813953488372,308.35682925594784,-0.03638490857516299,364.75,0.13984375,1.0,-0.044680423528039755,0.75,1779451117395552522
43.0,0.11445262844328843,0.61786532917066,0.4219377598168741,99.4297103881836,289.587646484375,22.0,21.0,-0.023255813953488372,309.42546583850935,-0.03304541925465827,185.5909423828125,-0.4200283050537109,1.0,-0.04659973502535594,0.75,1779451117429609744
43.0,-0.0001177940284833312,0.644222617149353,0.45366448163986206,96.81584930419922,289.587646484375,20.0,23.0,0.06976744186046512,308.784965034965,-0.03504698426573434,273.60675048828125,-0.1449789047241211,1.0,-0.05945704985628083,0.75,1779451117463476458
46.0,0.11015076923407827,0.573552212269588,0.37093910838377103,86.97920227050781,287.50653076171875,24.0,22.0,-0.043478260869565216,308.8007009345794,-0.0349978095794393,278.94378662109375,-0.12830066680908203,1.0,-0.071752124921499,0.75,1779451117495211819
46.0,0.1126982644200325,0.5244024991989136,0.3326922059059143,86.23260498046875,273.1226806640625,21.0,25.0,0.08695652173913043,306.80831374853113,-0.041224019535840206,276.8287353515625,-0.1349102020263672,1.0,-0.06546702153031671,0.5,1779451117529539579
47.0,0.0564456582069397,0.5367688536643982,0.33290937542915344,86.80074310302734,250.35174560546875,23.0,24.0,0.02127659574468085,287.6669254658385,-0.10104085791925463,369.3390808105469,0.15418462753295897,1.0,-0.06458336552608611,0.5,1779451117562214581
47.0,0.12008349136273058,0.6443736132824959,0.43550345193160755,92.45478820800781,288.17529296875,26.0,21.0,-0.10638297872340426,308.65157349129953,-0.03546383283968897,308.9530944824219,-0.03452157974243164,1.0,-0.051154703572400505,1.0,1779451117595030776
47.0,0.10006705804570448,0.6479903160821254,0.44258520104487414,89.80404663085938,288.17529296875,22.0,25.0,0.06382978723404255,315.28494937694705,-0.014734533197040456,277.5504150390625,-0.13265495300292968,1.0,-0.04445959948926661,1.0,1779451117628261958
49.0,0.05827084183692932,0.5300453305244446,0.331152081489563,88.64222717285156,315.572509765625,24.0,25.0,0.02040816326530612,308.5176056338028,-0.0358824823943662,282.950439453125,-0.11577987670898438,1.0,-0.04468691901268604,0.5,1779451117662792950
44.0,0.16703776514117455,0.6539999694379393,0.4699212297725451,99.41876983642578,314.1592102050781,21.0,23.0,0.045454545454545456,311.8380281690141,-0.025506161971830997,374.9713134765625,0.1717853546142578,1.0,-0.05303457333865077,1.0,1779451117695235599
47.0,0.10390806943178177,0.560362696647644,0.3792368769645691,94.92940521240234,315.572509765625,23.0,24.0,0.02127659574468085,286.4512105649303,-0.10483996698459279,275.9847106933594,-0.13754777908325194,1.0,-0.0605976357952025,0.5,1779451117728795561
47.0,0.15582571918305346,0.6296332855136265,0.436964337005835,84.5188217163086,270.97784423828125,22.0,25.0,0.06382978723404255,311.22961309523805,-0.02740745907738109,280.5262451171875,-0.12335548400878907,1.0,-0.05302819621764079,1.0,1779451117762416414
44.0,0.07044069468975067,0.5628587603569031,0.3733105957508087,95.2886962890625,288.9186706542969,19.0,25.0,0.13636363636363635,309.4707207207207,-0.03290399774774784,156.744384765625,-0.5101737976074219,1.0,-0.04369657909529792,0.5,1779451117795364486
45.0,0.10821158217743256,0.6210997983021892,0.4341130323528106,88.84307098388672,289.587646484375,24.0,21.0,-0.06666666666666667,310.5501615746181,-0.02953074507931852,297.0,-0.071875,1.0,-0.04705118812028984,0.75,1779451117828581999
46.0,0.11501375328932655,0.5816593558089285,0.37219845995814144,82.6026840209961,273.1226806640625,24.0,22.0,-0.043478260869565216,309.10541401273883,-0.03404558121019115,278.09100341796875,-0.13096561431884765,1.0,-0.04530878377754475,0.75,1779451117862012140
45.0,0.13510599525708508,0.6144945394472967,0.4363100348274431,92.17314147949219,273.1226806640625,23.0,22.0,-0.022222222222222223,310.0778733623323,-0.03100664574271157,276.4552307128906,-0.1360774040222168,1.0,-0.044680423528039755,0.75,1779451117895645885
47.0,0.08375135361614269,0.6009571086199156,0.40105083549376386,90.7823486328125,289.587646484375,22.0,25.0,0.06382978723404255,308.95414880587873,-0.03451828498162897,280.84906005859375,-0.12234668731689453,1.0,-0.046394883045051634,0.75,1779451117928006862
47.0,0.09261216223239899,0.5651096701622009,0.3837771713733673,83.6102066040039,273.1226806640625,21.0,26.0,0.10638297872340426,314.0625,-0.0185546875,279.5501403808594,-0.12640581130981446,1.0,-0.0638411724837473,0.5,1779451117962309626
51.0,0.1060753035035953,0.6104595175286741,0.42927987693006403,85.6059341430664,309.1876525878906,26.0,25.0,-0.0196078431372549,301.8018018018018,-0.05686936936936941,272.19830322265625,-0.14938030242919922,1.0,-0.047056539105770755,0.75,1779451117995400805
44.0,0.11981682272226855,0.612183418459663,0.41954002152896624,92.07628631591797,289.587646484375,21.0,23.0,0.045454545454545456,314.8124400996741,-0.016211124688518375,390.7919921875,0.2212249755859375,1.0,-0.04704207129953093,0.75,1779451118028345703
47.0,0.10454837189751517,0.6150276442721329,0.3920814637146456,91.58487701416016,315.572509765625,24.0,23.0,-0.02127659574468085,309.32092198581563,-0.03337211879432615,283.0411071777344,-0.11549654006958007,1.0,-0.053036782309878745,1.0,1779451118061546709
44.0,0.134454752789747,0.6415773535304813,0.4361817150601315,99.06802368164062,309.1876525878906,25.0,19.0,-0.13636363636363635,308.75,-0.03515625,275.1077880859375,-0.1402881622314453,1.0,-0.04956341735334682,1.0,1779451118095769303
43.0,0.10117319226264954,0.5574612617492676,0.37354567646980286,92.05181884765625,289.587646484375,21.0,22.0,0.023255813953488372,309.88236003861005,-0.03161762487934361,313.61962890625,-0.01993865966796875,1.0,-0.0638411724837473,0.5,1779451118131822959
46.0,0.0949083552722233,0.5841388948481924,0.3854944485913983,88.63990020751953,288.9186706542969,21.0,25.0,0.08695652173913043,309.9553571428571,-0.03138950892857153,279.5128173828125,-0.12652244567871093,1.0,-0.050150401803101534,0.75,1779451118161958016
43.0,0.07030295580625534,0.6385462284088135,0.4470215141773224,98.33146667480469,288.9186706542969,19.0,24.0,0.11627906976744186,310.7083333333333,-0.029036458333333393,280.06500244140625,-0.12479686737060547,1.0,-0.05841997318244571,0.75,1779451118196137148
45.0,0.05715758335115398,0.6409964450794248,0.42552817606947707,92.94706726074219,286.7629699707031,21.0,24.0,0.06666666666666667,310.353516934943,-0.030145259578303118,275.0,-0.140625,1.0,-0.03627520156074023,1.0,1779451118228209191
48.0,0.1423811432374061,0.6441867588239971,0.4529269642518874,91.19792938232422,287.50653076171875,23.0,25.0,0.041666666666666664,316.3923611111111,-0.011273871527777857,390.6678771972656,0.22083711624145508,1.0,-0.049360706556833694,1.0,1779451118261225619
44.0,0.05364428238626791,0.6308980441127854,0.4302833047511417,95.7257080078125,287.50653076171875,22.0,22.0,0.0,309.1079637798932,-0.034037613187833674,276.25390625,-0.13670654296875,1.0,-0.04446157726634738,0.75,1779451118295188125
45.0,0.07357455032837276,0.5861977609945364,0.373110010767366,90.84978485107422,288.9186706542969,23.0,22.0,-0.022222222222222223,308.75,-0.03515625,275.0,-0.140625,1.0,-0.05040858275055845,0.75,1779451118328264534
43.0,0.07772193849086761,0.619900643825531,0.4219975173473358,93.66929626464844,288.9186706542969,19.0,24.0,0.11627906976744186,310.2246835443038,-0.030547863924050667,279.66485595703125,-0.12604732513427735,1.0,-0.04814444205930442,0.75,1779451118361234064
45.0,0.0830816775560379,0.5665323138237,0.3801380693912506,93.2171859741211,288.9186706542969,23.0,22.0,-0.022222222222222223,312.4766611097881,-0.0235104340319122,280.2078857421875,-0.12435035705566407,1.0,-0.060448219172732395,0.5,1779451118397939671
41.0,0.1567746966500519,0.6700843533596681,0.47826455093422787,90.194091796875,286.7629699707031,21.0,20.0,-0.024390243902439025,309.9595521849043,-0.031376399422174114,282.2740478515625,-0.11789360046386718,1.0,-0.05186490113057579,1.0,1779451118428939796
45.0,0.09189820881789146,0.5931081131961317,0.38196552466457306,89.01348876953125,289.587646484375,22.0,23.0,0.022222222222222223,317.0,-0.009375,273.53997802734375,-0.1451875686645508,1.0,-0.04488268178963325,0.75,1779451118460760928
43.0,0.04119312111570965,0.6070157605546258,0.3855911583646288,90.37535095214844,307.7742614746094,24.0,19.0,-0.11627906976744186,307.9635164835165,-0.03761401098901089,280.832275390625,-0.12239913940429688,1.0,-0.04937639518133853,0.75,1779451118495975696
47.0,0.09060064719336988,0.583038384372216,0.3816274719219755,88.1526870727539,309.9193420410156,24.0,23.0,-0.02127659574468085,308.76895734597156,-0.03509700829383888,377.6454162597656,0.18014192581176758,1.0,-0.04467151061706118,0.75,1779451118528554520
47.0,0.05379244338145391,0.6074028603709878,0.403031155449804,93.47750091552734,314.1592102050781,21.0,26.0,0.10638297872340426,309.2567567567568,-0.03357263513513509,385.21673583984375,0.20380229949951173,1.0,-0.06475696641899226,0.75,1779451118562059603
45.0,0.09709320217370987,0.5652638673782349,0.38527625799179077,92.04524993896484,315.572509765625,20.0,25.0,0.1111111111111111,297.774611508659,-0.0694543390354406,277.0706481933594,-0.13415422439575195,1.0,-0.03999373944395575,0.5,1779451118594644291
41.0,0.08091794236337141,0.6159398786665911,0.4045853374964422,100.2493896484375,288.17529296875,19.0,22.0,0.07317073170731707,309.0,-0.034375,401.875,0.255859375,1.0,-0.044452688690105484,0.75,1779451118630357174
46.0,0.10389150914495182,0.651124154528839,0.44967135803735553,94.68204498291016,288.17529296875,26.0,20.0,-0.13043478260869565,309.5,-0.0328125,273.00726318359375,-0.14685230255126952,1.0,-0.049360706556833694,1.0,1779451118661987055
46.0,0.07333620905168567,0.6197079431583541,0.42696813899154135,90.77360534667969,288.17529296875,22.0,24.0,0.043478260869565216,314.6142419014759,-0.01683049405788779,371.2801818847656,0.16025056838989257,1.0,-0.04467151061706118,0.75,1779451118695062021
42.0,0.16750404396717503,0.6406206276239287,0.44230464325377383,93.26539611816406,288.9186706542969,20.0,22.0,0.047619047619047616,309.57042253521126,-0.0325924295774648,277.26953125,-0.13353271484375,1.0,-0.051156947019402786,1.0,1779451118729789873
45.0,0.13581565552827818,0.6379313662602034,0.43349270059542955,97.33503723144531,310.6010437011719,21.0,24.0,0.06666666666666667,312.1139930252833,-0.024643771795989623,278.989990234375,-0.12815628051757813,1.0,-0.05002672896979281,1.0,1779451118762637033
43.0,0.15285417008994504,0.6070962577443936,0.4280783289335344,92.22224426269531,288.9186706542969,19.0,24.0,0.11627906976744186,316.0,-0.0125,278.62127685546875,-0.12930850982666015,1.0,-0.044452688690105484,0.75,1779451118795029493
46.0,0.08771616178221564,0.5880918222143214,0.3807306668099685,89.54605865478516,311.3326110839844,24.0,22.0,-0.043478260869565216,297.66787323037323,-0.06978789615508366,263.034912109375,-0.17801589965820314,1.0,-0.047396677818022315,0.75,1779451118828754257
47.0,0.13988460503797998,0.6287415203165685,0.4247311584584298,91.12857055664062,314.1592102050781,23.0,24.0,0.02127659574468085,308.7843925233645,-0.035048773364485974,182.49224853515625,-0.42971172332763674,1.0,-0.04913463363985744,1.0,1779451118862006312
49.0,0.12237613897658522,0.6310736579083724,0.4310878783856159,87.03900146484375,288.17529296875,26.0,23.0,-0.061224489795918366,312.48751526858507,-0.023476514785671653,278.1081237792969,-0.13091211318969725,1.0,-0.053036782309878745,1.0,1779451118896363738
43.0,0.04504886269569397,0.5798714756965637,0.3860200047492981,94.5864486694336,309.1876525878906,23.0,20.0,-0.06976744186046512,308.09000000000003,-0.0372187499999999,282.1910705566406,-0.11815290451049805,1.0,-0.03999373944395575,0.5,1779451118928517490
49.0,0.11142546683549881,0.5713109970092773,0.40654614567756653,87.93083190917969,288.17529296875,20.0,29.0,0.1836734693877551,297.6529116624526,-0.06983465105483563,368.0,0.15,1.0,-0.0650237679848433,0.5,1779451118961517322
46.0,0.09616883263337112,0.6337830945254556,0.41905374037690024,93.05680084228516,309.9193420410156,23.0,23.0,0.0,314.2271826852531,-0.018040054108583982,275.7763977050781,-0.13819875717163085,1.0,-0.03851010772463753,1.0,1779451118995628213
46.0,0.1230575053209703,0.6012401608435219,0.4028137347727873,89.7569808959961,273.1226806640625,22.0,24.0,0.043478260869565216,297.7738095238095,-0.06945684523809526,276.37445068359375,-0.13632984161376954,1.0,-0.04705118812028984,0.75,1779451119028497826
52.0,0.11376413702964783,0.5662407875061035,0.3736113905906677,83.04029083251953,288.17529296875,27.0,25.0,-0.038461538461538464,309.36552100381886,-0.03323274686306608,434.923095703125,0.3591346740722656,1.0,-0.11654047905521442,0.75,1779451119061120893
48.0,0.14488506668831316,0.6043275085498927,0.3999611917584554,87.269775390625,288.9186706542969,24.0,24.0,0.0,313.4318181818182,-0.020525568181818166,271.0,-0.153125,1.0,-0.04155944370716932,1.0,1779451119095222987
48.0,0.11777535080909729,0.6250967383384705,0.4273292124271393,94.3031997680664,289.587646484375,22.0,26.0,0.08333333333333333,308.98652173913047,-0.03441711956521729,272.71551513671875,-0.1477640151977539,1.0,-0.041648866775252494,1.0,1779451119131677979
50.0,0.09249373525381088,0.6065710186958313,0.4021205008029938,88.05949401855469,309.1876525878906,26.0,24.0,-0.04,281.53405572380376,-0.12020607586311324,270.78460693359375,-0.15379810333251953,1.0,-0.041072196934816944,1.0,1779451119162491244
50.0,0.02863387018442154,0.6282727122306824,0.39849182963371277,92.76338195800781,308.5060729980469,28.0,22.0,-0.12,285.9573170731707,-0.10638338414634152,273.3922119140625,-0.14564933776855468,1.0,-0.017082223994385512,1.0,1779451119194554874
56.0,0.1146133616566658,0.5010108947753906,0.3165142238140106,79.99607849121094,306.36090087890625,27.0,29.0,0.03571428571428571,302.2551020408163,-0.05545280612244898,267.4234924316406,-0.16430158615112306,0.9999509811401367,0.0012994740433796559,0.5,1779451119227728226
47.0,0.10327823460102081,0.6026086211204529,0.42551031708717346,93.76425170898438,306.36090087890625,24.0,23.0,-0.02127659574468085,311.5144230769231,-0.02651742788461533,268.5447998046875,-0.16079750061035156,1.0,-0.016348828528645137,0.75,1779451119261210848
48.0,0.07561666518449783,0.5661757588386536,0.35676226019859314,92.05355072021484,304.9475402832031,26.0,22.0,-0.08333333333333333,332.9929078014184,0.04060283687943258,369.49517822265625,0.15467243194580077,1.0,-0.03493347038431696,0.75,1779451119294668239
34.0,0.1944546401500702,0.6185073256492615,0.4507804214954376,105.2825927734375,303.5341796875,16.0,18.0,0.058823529411764705,429.96920916162486,0.3436537786300777,271.8275146484375,-0.15053901672363282,1.0,-0.0224371713746232,0.75,1779451119328266696
45.0,0.08451749384403229,0.5904179811477661,0.3779583275318146,84.5494155883789,281.7835998535156,26.0,19.0,-0.15555555555555556,298.090140999315,-0.06846830937714063,271.1064453125,-0.1527923583984375,1.0,-0.04706274734547009,0.75,1779451119361827400
41.0,0.10625225305557251,0.6211304664611816,0.42942678928375244,100.72144317626953,302.120849609375,23.0,18.0,-0.12195121951219512,299.14858490566036,-0.06516067216981139,358.3333435058594,0.11979169845581054,1.0,-0.03679073893828735,0.75,1779451119394946898
44.0,0.11637100577354431,0.6546919941902161,0.4856056869029999,91.10497283935547,283.9383850097656,22.0,22.0,0.0,299.6322484383184,-0.06364922363025496,270.6892395019531,-0.15409612655639648,1.0,-0.027737634808196583,0.75,1779451119428028151
36.0,0.07732128351926804,0.6060228943824768,0.43166646361351013,104.18609619140625,300.7074890136719,20.0,16.0,-0.1111111111111111,289.02966507177035,-0.09678229665071765,273.4189758300781,-0.14556570053100587,1.0,0.000563829924471404,0.5,1779451119461298852
44.0,-0.017218641936779022,0.6816557049751282,0.47555285692214966,88.75157928466797,298.563232421875,29.0,15.0,-0.3181818181818182,303.16202606635073,-0.05261866854265396,273.22747802734375,-0.1461641311645508,1.0,-0.027438461086524958,1.0,1779451119494614281
39.0,0.020368991419672966,0.7112703323364258,0.5422245860099792,95.61109924316406,285.35064697265625,25.0,14.0,-0.28205128205128205,303.64495703301674,-0.051109509271822694,273.9501037597656,-0.1439059257507324,1.0,-0.04772895693210752,0.75,1779451119527754793
35.0,0.010113869793713093,0.5785529613494873,0.374684602022171,105.52554321289062,297.880859375,24.0,11.0,-0.37142857142857144,288.371011805057,-0.09884058810919694,271.65643310546875,-0.15107364654541017,1.0,0.00023137433863055362,0.5,1779451119561054988
41.0,0.05057087168097496,0.6489465832710266,0.4724089801311493,101.98690032958984,295.0542297363281,21.0,20.0,-0.024390243902439025,276.1092943201377,-0.13715845524956977,271.8489990234375,-0.15047187805175782,1.0,0.010307754307735575,0.75,1779451119594115452
39.0,0.08537549525499344,0.581295371055603,0.3761984705924988,101.48711395263672,296.467529296875,22.0,17.0,-0.1282051282051282,345.7564102564103,0.08048878205128211,270.4549865722656,-0.15482816696166993,1.0,-0.037221808532659446,0.75,1779451119627424473
49.0,0.08654772490262985,0.5562431216239929,0.35604798793792725,87.40956115722656,283.196044921875,32.0,17.0,-0.30612244897959184,275.92622950819674,-0.13773053278688518,357.4881591796875,0.11715049743652343,1.0,-0.018758735831752152,0.75,1779451119661038120
39.0,0.019924527034163475,0.5574148893356323,0.35709983110427856,101.02742004394531,283.9383850097656,24.0,15.0,-0.23076923076923078,298.9785751590172,-0.06569195262807118,270.58270263671875,-0.1544290542602539,1.0,-0.0028782049957006978,0.5,1779451119695401151
41.0,-0.0064560952596366405,0.5495156645774841,0.3484657108783722,97.23921203613281,305.6795654296875,27.0,14.0,-0.3170731707317073,287.0147316501645,-0.10307896359323596,272.6776123046875,-0.14788246154785156,1.0,-0.007181559501525395,0.5,1779451119727771882
39.0,0.027939148247241974,0.5828328132629395,0.3902353346347809,102.06224060058594,290.0827331542969,24.0,15.0,-0.23076923076923078,276.96303932414764,-0.1344905021120386,271.0755615234375,-0.15288887023925782,1.0,0.0001309159778336566,0.5,1779451119760906017
49.0,0.018602166324853897,0.5604913234710693,0.3423777222633362,86.49150085449219,286.7629699707031,35.0,14.0,-0.42857142857142855,277.3285714285714,-0.1333482142857143,359.511962890625,0.12347488403320313,1.0,-0.04657717355143114,0.75,1779451119794523591
41.0,-0.00968754943460226,0.5928750038146973,0.3739947974681854,101.94047546386719,288.66937255859375,28.0,13.0,-0.36585365853658536,277.76981132075474,-0.13196933962264143,274.7752685546875,-0.14132728576660156,1.0,-0.031502954439248276,0.75,1779451119827491459
36.0,-0.028272198513150215,0.5945093631744385,0.3986065685749054,105.80258178710938,287.50653076171875,23.0,13.0,-0.2777777777777778,277.7950174825175,-0.13189057036713284,270.416748046875,-0.15494766235351562,1.0,-0.0023870628565381136,0.5,1779451119860867636
48.0,0.0013005820801481605,0.6075375080108643,0.3794163763523102,88.34281158447266,289.587646484375,33.0,15.0,-0.375,290.7914029850747,-0.09127686567164162,270.70556640625,-0.15404510498046875,1.0,-0.08224709533482837,1.0,1779451119894634260
42.0,0.023034462705254555,0.6251643300056458,0.3917219638824463,98.83021545410156,286.7629699707031,28.0,14.0,-0.3333333333333333,304.9348661620103,-0.04707854324371787,275.1426696777344,-0.14017915725708008,1.0,-0.0392537627011853,1.0,1779451119928169868
45.0,0.07113587856292725,0.5658634901046753,0.39391136169433594,87.8519515991211,283.9383850097656,27.0,18.0,-0.2,287.71746031746034,-0.10088293650793645,278.19854736328125,-0.1306295394897461,1.0,-0.03976755380219235,0.5,1779451119961269475
51.0,0.0063903494738042355,0.6177489757537842,0.4092119634151459,88.80364227294922,289.587646484375,36.0,15.0,-0.4117647058823529,281.8018420696194,-0.11936924353243938,274.1126708984375,-0.14339790344238282,1.0,-0.07592389406933026,1.0,1779451119995181640
40.0,-0.03496846556663513,0.6952381730079651,0.4679219126701355,96.2184066772461,283.9383850097656,28.0,12.0,-0.4,305.127688172043,-0.0464759744623656,276.60693359375,-0.13560333251953124,1.0,-0.05744878458784144,1.0,1779451120027885161
41.0,-0.035611554980278015,0.6596127152442932,0.45346367359161377,96.04833221435547,285.35064697265625,27.0,14.0,-0.3170731707317073,290.6712871287129,-0.09165222772277222,275.6331787109375,-0.13864631652832032,1.0,-0.05833502801137784,1.0,1779451120061574000
48.0,-0.02456861548125744,0.6280667781829834,0.42154207825660706,81.73856353759766,287.50653076171875,33.0,15.0,-0.375,294.51226827789327,-0.07964916163158353,277.52752685546875,-0.13272647857666015,1.0,-0.018391387655706394,1.0,1779451120094383256
46.0,0.0034502861090004444,0.5774560570716858,0.40688642859458923,91.24059295654297,286.7629699707031,29.0,17.0,-0.2608695652173913,280.89285714285717,-0.12220982142857136,276.11151123046875,-0.13715152740478515,1.0,-0.051265025180633375,0.5,1779451120131560151
43.0,-0.07169245183467865,0.6324312686920166,0.4592635929584503,94.99415588378906,286.7629699707031,29.0,14.0,-0.3488372093023256,290.8553001876173,-0.09107718691369601,279.8226318359375,-0.12555427551269532,1.0,-0.028051496193211366,0.75,1779451120160906194
49.0,0.0223414289352713,0.596996795237443,0.39870223764350116,85.68643188476562,269.564453125,33.0,16.0,-0.3469387755102041,281.5119927536232,-0.12027502264492754,275.36114501953125,-0.13949642181396485,1.0,-0.06958241986294696,0.75,1779451120194248876
48.0,-0.009417322464287281,0.5743326544761658,0.4069482386112213,86.00557708740234,285.35064697265625,28.0,20.0,-0.16666666666666666,280.75,-0.12265625,276.59234619140625,-0.13564891815185548,1.0,-0.04570056179697154,0.5,1779451120227834390
47.0,0.00804456602782011,0.5997662544250488,0.40443962812423706,86.36571502685547,250.45957946777344,29.0,18.0,-0.23404255319148937,305.9610034773969,-0.04387186413313469,374.1981201171875,0.16936912536621093,1.0,-0.03101567427769987,0.75,1779451120266471207
44.0,0.13102271482201344,0.6356606347773387,0.4485716566852062,89.7564468383789,285.35064697265625,28.0,16.0,-0.2727272727272727,305.558264033264,-0.045130424896050056,288.6490478515625,-0.09797172546386719,1.0,-0.06876711301871659,1.0,1779451120297522883
52.0,0.0801858901977539,0.6101076602935791,0.41236692667007446,86.89828491210938,283.9383850097656,31.0,21.0,-0.19230769230769232,306.4347826086956,-0.04239130434782616,273.7125244140625,-0.14464836120605468,1.0,-0.08141264489038431,1.0,1779451120329973123
45.0,0.09123711669052857,0.6944311876157202,0.5111247894277694,92.76122283935547,286.7629699707031,27.0,18.0,-0.2,285.07791311682416,-0.10913152150992449,276.607177734375,-0.13560256958007813,1.0,-0.08088019979042768,1.0,1779451120361704340
47.0,-0.07360494881868362,0.6358023285865784,0.4346676170825958,81.07413482666016,220.0477294921875,32.0,15.0,-0.3617021276595745,304.9155844155844,-0.04713879870129869,378.0574951171875,0.18142967224121093,1.0,-0.023494573193137372,1.0,1779451120394938792
52.0,0.07706137746572495,0.6172858476638794,0.41874489188194275,80.72648620605469,217.4143524169922,33.0,19.0,-0.2692307692307692,307.10555555555555,-0.040295138888888894,186.51210021972656,-0.4171496868133545,1.0,-0.09034076593014724,1.0,1779451120427791158
50.0,0.03032878413796425,0.6432304978370667,0.48165321350097656,85.88241577148438,289.587646484375,30.0,20.0,-0.2,306.3391597270414,-0.042690125852995565,275.5047607421875,-0.13904762268066406,1.0,-0.040134363984954624,0.75,1779451120461125365
55.0,0.0071028657257556915,0.5686330199241638,0.38492441177368164,78.85774993896484,289.587646484375,39.0,16.0,-0.41818181818181815,285.537037037037,-0.10769675925925934,378.0466613769531,0.1813958168029785,0.9857218742370606,-0.04847228258141356,0.75,1779451120493919560
48.0,0.018875539302825928,0.6068388223648071,0.41993483901023865,87.18350982666016,228.52789306640625,32.0,16.0,-0.3333333333333333,324.8110661268556,0.015034581646423817,182.25,-0.43046875,1.0,-0.043294557815301345,0.75,1779451120529524144
53.0,0.043273960646637355,0.6301611577944369,0.44128515691075587,85.2025375366211,253.0316162109375,36.0,17.0,-0.3584905660377358,307.7142857142857,-0.03839285714285712,182.86221313476562,-0.4285555839538574,1.0,-0.0971375995274101,1.0,1779451120568422324
62.0,0.10928666084315342,0.563724585406721,0.3634200285137933,76.8944320678711,239.03347778320312,40.0,22.0,-0.2903225806451613,322.7157200229489,0.008486625071715359,376.21185302734375,0.17566204071044922,0.9611804008483886,-0.07636342020783352,1.0,1779451120602964566
56.0,0.10255423105272772,0.5968582413885654,0.4036443875126425,86.1641845703125,279.0447998046875,33.0,23.0,-0.17857142857142858,306.18642702570867,-0.043167415544660415,374.7293701171875,0.17102928161621095,1.0,-0.0954089643888423,1.0,1779451120633786476
55.0,0.03787261247634888,0.5210914015769958,0.3325919210910797,77.63228607177734,224.18072509765625,38.0,17.0,-0.38181818181818183,301.2313571961223,-0.058652008762117805,180.01502990722656,-0.437453031539917,0.9704035758972168,-0.03635312049821501,0.5,1779451120669240646
49.0,0.08051655441522598,0.5528948903083801,0.3807488679885864,85.12516784667969,255.0313720703125,30.0,19.0,-0.22448979591836735,317.59636740071517,-0.007511351872765104,199.30764770507812,-0.37716360092163087,1.0,-0.04857597033526333,0.5,1779451120701090655
67.0,0.08677176386117935,0.5318954586982727,0.35461726784706116,79.13680267333984,236.0338897705078,47.0,20.0,-0.40298507462686567,286.041453728827,-0.10612045709741569,181.79454040527344,-0.43189206123352053,0.9892100334167481,-0.09681439553274708,0.75,1779451120732527763
63.0,0.04755298048257828,0.5451098084449768,0.35157567262649536,76.23698425292969,194.5584716796875,45.0,18.0,-0.42857142857142855,289.0,-0.096875,233.5,-0.2703125,0.9529623031616211,-0.09544559877006571,0.75,1779451120765556881
63.0,0.12123500555753708,0.5109854936599731,0.3471342623233795,75.78126525878906,195.86985778808594,41.0,22.0,-0.30158730158730157,315.051914893617,-0.015462765957446934,219.02468872070312,-0.31554784774780276,0.9472658157348632,-0.05543748919128271,0.5,1779451120796428705
52.0,0.13849112205674816,0.6240900835702191,0.45615684463608525,83.38358306884766,202.0,37.0,15.0,-0.4230769230769231,290.05476287836746,-0.09357886600510171,197.16673278808594,-0.38385396003723143,1.0,-0.12880161412642283,1.0,1779451120828541517
68.0,0.033129170536994934,0.5362036824226379,0.3476617634296417,72.06678771972656,200.21238708496094,45.0,23.0,-0.3235294117647059,304.378168193309,-0.048818224395909306,177.4052276611328,-0.44560866355895995,0.9008348464965821,-0.09261215719814597,0.75,1779451120862007233
52.0,0.024329543113708496,0.620397686958313,0.46175417304039,85.74726104736328,198.0,38.0,14.0,-0.46153846153846156,285.07530120481925,-0.10913968373493983,272.46990966796875,-0.14853153228759766,1.0,-0.09520464580053171,0.75,1779451120894236953
64.0,0.03338709598566486,0.5930810745287817,0.42299367272252136,74.64472961425781,203.0221710205078,44.0,20.0,-0.375,304.6854354354354,-0.04785801426426435,175.85281372070312,-0.45045995712280273,0.9330591201782227,-0.11781179922928407,1.0,1779451120928116097
53.0,0.06496574786141136,0.5929075835778352,0.41471354895553403,83.67489624023438,187.02406311035156,38.0,15.0,-0.4339622641509434,294.1149237472767,-0.08089086328976033,284.0009460449219,-0.11249704360961914,1.0,-0.07939263076448841,0.75,1779451120960806109
54.0,0.017987264320254326,0.6106978058815002,0.4471019208431244,83.20853424072266,186.07794189453125,38.0,16.0,-0.4074074074074074,279.5913166298207,-0.12627713553181028,188.85800170898438,-0.4098187446594238,1.0,-0.09095941917152083,0.75,1779451120993988896
63.0,0.07204879054978562,0.5935856761201418,0.3814707231702107,74.57613372802734,219.0,46.0,17.0,-0.4603174603174603,273.4186579605446,-0.14556669387329818,278.6173095703125,-0.12932090759277343,0.9322016716003418,-0.09254800796377712,1.0,1779451121028024051
59.0,0.02988658845424652,0.5299947261810303,0.34675392508506775,85.72516632080078,207.0,38.0,21.0,-0.288135593220339,310.4516129032258,-0.029838709677419396,193.86471557617188,-0.39417276382446287,1.0,-0.07294113014820511,0.5,1779451121061222157
64.0,0.038854078522570556,0.5575388963029174,0.36610685019885575,75.94923400878906,208.0,44.0,20.0,-0.375,303.16561771561766,-0.05260744463869482,168.6178436279297,-0.4730692386627197,0.9493654251098633,-0.0698649911941755,0.75,1779451121094146164
60.0,0.027713419869542122,0.5185693502426147,0.3404540717601776,82.0050277709961,189.0,42.0,18.0,-0.4,288.25,-0.09921875,171.98109436035156,-0.46255908012390134,1.0,-0.04308286921046773,0.5,1779451121131363019
66.0,0.06178334355354309,0.6184452176094055,0.4591624140739441,77.45105743408203,171.07308959960938,40.0,26.0,-0.21212121212121213,307.7871298174442,-0.0381652193204868,264.1483154296875,-0.17453651428222655,0.9681382179260254,-0.03697280858134294,0.75,1779451121161006057
64.0,0.07671524222140585,0.5743157933518039,0.39408394157552545,82.37287902832031,175.0,39.0,25.0,-0.21875,311.1286173966931,-0.027723070635334145,202.3288116455078,-0.3677224636077881,1.0,-0.06678072590854114,0.75,1779451121194303615
72.0,0.015481215437699635,0.572583959053659,0.3731407503510839,74.16219329833984,163.02760314941406,48.0,24.0,-0.3333333333333333,303.09733680428695,-0.05282082248660327,273.08843994140625,-0.14659862518310546,0.927027416229248,-0.09809232568981466,1.0,1779451121227667638
61.0,0.06563683599233627,0.5839978456497192,0.4388597309589386,80.71572875976562,227.0352325439453,37.0,24.0,-0.21311475409836064,290.24666666666667,-0.09297916666666665,259.0677795410156,-0.19041318893432618,1.0,-0.05273323009425888,0.5,1779451121260940744
80.0,0.022074813176068762,0.5371941156826601,0.3531337951208756,68.01060485839844,158.53390502929688,54.0,26.0,-0.35,311.00738279808047,-0.02810192875599853,271.5714111328125,-0.15133934020996093,0.8501325607299804,-0.061785298117028035,0.75,1779451121295043810
63.0,0.1089114727294295,0.5888226394172352,0.4283804682856648,79.7900390625,243.0329132080078,37.0,26.0,-0.1746031746031746,312.47241086587434,-0.023523716044142697,175.73858642578125,-0.4508169174194336,0.99737548828125,-0.06419349173019555,0.75,1779451121327695705
75.0,0.06359809637069702,0.5323295593261719,0.36871084570884705,72.42607879638672,167.0,48.0,27.0,-0.28,285.8826908449365,-0.10661659110957337,256.6551513671875,-0.19795265197753906,0.905325984954834,-0.08309733626672361,0.5,1779451121361885454
77.0,0.0423116732960894,0.5419596955253686,0.35888573110213073,69.9462661743164,188.02394104003906,50.0,27.0,-0.2987012987012987,309.26719409282697,-0.03354001845991572,147.46511840820312,-0.5391715049743653,0.874328327178955,-0.0585944984391611,0.75,1779451121394753584
75.0,0.05144761502742767,0.5314590930938721,0.3630567789077759,71.22501373291016,166.0,47.0,28.0,-0.25333333333333335,294.875,-0.078515625,161.67196655273438,-0.49477510452270507,0.890312671661377,-0.04364071706362118,0.5,1779451121427588934
67.0,0.013699315990564658,0.6243842741580713,0.44581999691078833,78.01724243164062,211.0,46.0,21.0,-0.373134328358209,282.38446450809465,-0.11754854841220422,162.70590209960938,-0.4915440559387207,0.9752155303955078,-0.08752251270498143,1.0,1779451121461327807
66.0,-0.007806634415695943,0.6079252659775711,0.43057827589596687,74.01692962646484,190.82977294921875,41.0,25.0,-0.24242424242424243,274.8797558655675,-0.1410007629201015,181.47183227539062,-0.4329005241394043,0.9252116203308105,-0.05769599724341527,0.75,1779451121494773998
77.0,0.09158280020435774,0.5490504757630967,0.3589858643790563,71.02420043945312,217.036865234375,55.0,22.0,-0.42857142857142855,295.0846153846154,-0.07786057692307687,187.76109313964844,-0.41324658393859864,0.8878025054931641,-0.10014728721128634,1.0,1779451121527950953
74.0,0.009637800045311451,0.5438777804374695,0.36354443430900574,70.08871459960938,197.12432861328125,47.0,27.0,-0.2702702702702703,307.3080357142857,-0.039662388392857115,404.5,0.2640625,0.8761089324951172,-0.04081230196227694,0.5,1779451121560675901
73.0,-0.03966224938631058,0.5538564324378967,0.3647894263267517,69.78301239013672,169.19810485839844,50.0,23.0,-0.3698630136986301,283.08617305976804,-0.11535570918822487,257.5653991699219,-0.19510812759399415,0.872287654876709,-0.04578926661470585,0.75,1779451121593977995
73.0,0.03342534209079797,0.5845937935600227,0.40335057609830677,74.46177673339844,190.09471130371094,48.0,25.0,-0.3150684931506849,289.6791352093343,-0.09475270247083038,158.103271484375,-0.5059272766113281,0.9307722091674805,-0.037208224027903324,0.75,1779451121627628493
77.0,0.009941595815279475,0.5741602935722896,0.38581232784946107,72.19547271728516,223.0,49.0,28.0,-0.2727272727272727,312.7150641025641,-0.022765424679487188,156.3854522705078,-0.5112954616546631,0.9024434089660645,1.3096569187439662,1.0,1779451121661058991
84.0,0.015505801886320114,0.4855780303478241,0.3014903664588928,70.80320739746094,221.0,49.0,35.0,-0.16666666666666666,304.41333333333336,-0.04870833333333326,164.89718627929688,-0.4846962928771973,0.8850400924682618,-0.07983583103783083,0.5,1779451121694207628
93.0,-0.011384892277419567,0.5012341141700745,0.32824525237083435,71.16732025146484,220.0,52.0,41.0,-0.11827956989247312,285.5683118369045,-0.1075990255096734,306.54547119140625,-0.04204540252685547,0.8895915031433106,-0.052567043311470066,0.5,1779451121726684182
100.0,0.03786454549302356,0.4966930936866147,0.31222227687259213,66.46952819824219,218.28880310058594,52.0,48.0,-0.04,295.40714285714284,-0.0768526785714286,488.7054443359375,0.5272045135498047,0.8308691024780274,-0.06181401966233067,0.75,1779451121767213694
91.0,0.0288437081548069,0.5187595562284444,0.3326298646082448,71.68977355957031,253.0316162109375,50.0,41.0,-0.0989010989010989,289.3069191210846,-0.09591587774661062,260.875,-0.184765625,0.8961221694946289,-0.06084322306060137,0.75,1779451121799228710
94.0,0.008214762891409964,0.5042594844438401,0.3215350979714249,68.78267669677734,238.0336151123047,51.0,43.0,-0.0851063829787234,296.1808857808858,-0.07443473193473196,178.75192260742188,-0.44140024185180665,0.8597834587097168,-0.07431962263257054,0.5,1779451121830572649
90.0,0.04165872753764409,0.5458870131221667,0.358138245740088,73.1519546508789,222.0,49.0,41.0,-0.08888888888888889,314.61421107628007,-0.016830590386624777,175.2127685546875,-0.45246009826660155,0.9143994331359864,-0.05531324228759353,0.75,1779451121861997311
82.0,0.061509661059945916,0.5354936947536926,0.36366618165849124,74.24359130859375,219.12782287597656,48.0,34.0,-0.17073170731707318,318.679898989899,-0.004125315656565575,195.5845184326172,-0.3887983798980713,0.9280448913574219,-0.06566377735815784,0.5,1779451121893794920
91.0,0.05964576909554472,0.4896631147432673,0.31144447078304577,69.53202056884766,224.1160430908203,53.0,38.0,-0.16483516483516483,298.21771771771773,-0.06806963213213209,164.380615234375,-0.4863105773925781,0.8691502571105957,-0.07137405771145755,0.5,1779451121929412397
93.0,0.08157625794410706,0.47870102524757385,0.3038442134857178,67.84446716308594,216.0,50.0,43.0,-0.07526881720430108,304.1364866226271,-0.049573479304290305,275.7145080566406,-0.13839216232299806,0.8480558395385742,-0.25395013293038915,0.5,1779451121961371572
91.0,0.044401268926403115,0.5196392922450709,0.3475834531313535,71.11357879638672,231.3266143798828,53.0,38.0,-0.16483516483516483,306.72781601012497,-0.04147557496835948,148.5335235595703,-0.5358327388763428,0.888919734954834,1.3009812745151472,0.75,1779451121994445256
84.0,0.04114096093003178,0.5663112725106184,0.4086249098639681,69.74357604980469,235.7710723876953,51.0,33.0,-0.21428571428571427,314.44010416666663,-0.017374674479166786,458.11676025390625,0.43161487579345703,0.8717947006225586,1.2995770555985164,0.75,1779451122028226698
90.0,0.0548515953447515,0.5009107045173801,0.3239217299878029,70.85465240478516,172.80335998535156,53.0,37.0,-0.17777777777777778,338.66785714285714,0.05833705357142858,239.0,-0.253125,0.8856831550598144,1.2928764086033466,1.0,1779451122061451642
99.0,0.061871188919751414,0.5109210682395059,0.3428277500230641,71.22128295898438,200.529296875,59.0,40.0,-0.1919191919191919,325.5808823529412,0.017440257352941302,183.5501708984375,-0.4264057159423828,0.8902660369873047,-0.1384550293842086,0.5,1779451122094996392
86.0,0.07000798732042313,0.5168416500091553,0.353518009185791,74.54196166992188,244.36448669433594,49.0,37.0,-0.13953488372093023,323.5,0.0109375,511.3157958984375,0.5978618621826172,0.9317745208740235,-0.13580973407229535,0.5,1779451122131552801
85.0,0.1042654737830162,0.5527294874191284,0.39618372917175293,76.3261489868164,245.74783325195312,47.0,38.0,-0.10588235294117647,342.32612077152305,0.06976912741100953,166.69630432128906,-0.47907404899597167,0.9540768623352051,-0.1676681190114485,0.75,1779451122161131861
100.0,0.05953764101490378,0.5381821370935114,0.351731599012958,72.46637725830078,247.96975708007812,57.0,43.0,-0.14,355.23442576840637,0.1101075805262699,187.64727783203125,-0.41360225677490237,0.9058297157287598,-0.13767774819631828,1.0,1779451122194037534
94.0,0.10023900121450424,0.5146089792251587,0.3603346049785614,69.99960327148438,198.0404052734375,52.0,42.0,-0.10638297872340426,331.59888438133873,0.036246513691683545,532.2476806640625,0.6632740020751953,0.8749950408935547,-0.15593976725303416,0.5,1779451122227898075
88.0,0.0832018032670021,0.4895903468132019,0.3210448920726776,72.40937042236328,208.85641479492188,48.0,40.0,-0.09090909090909091,337.32935117140886,0.05415422241065269,269.634521484375,-0.15739212036132813,0.905117130279541,-0.15719129430697365,0.5,1779451122261747760
84.0,0.07197945564985275,0.5296903848648071,0.3563259541988373,72.35909271240234,207.47288513183594,51.0,33.0,-0.21428571428571427,348.12471620227035,0.08788973813209484,186.95309448242188,-0.4157715797424316,0.9044886589050293,-0.21244359947961033,0.75,1779451122295030735
81.0,0.06499660760164261,0.5052820444107056,0.34254899621009827,75.98332214355469,211.07818603515625,49.0,32.0,-0.20987654320987653,342.9560755336617,0.07173773604269282,201.436767578125,-0.3705101013183594,0.9497915267944336,-0.17208178913931552,0.5,1779451122328832467
86.0,0.06752356886863708,0.521619975566864,0.3591858148574829,74.79307556152344,213.30026245117188,42.0,44.0,0.023255813953488372,334.29999999999995,0.04468749999999986,184.91836547851562,-0.42213010787963867,0.934913444519043,-0.25296448931002957,0.75,1779451122360789148
91.0,0.08339806646108627,0.4964222311973572,0.34980034828186035,72.46771240234375,221.8941192626953,50.0,41.0,-0.0989010989010989,345.4644809582309,0.07957650299447164,211.3627166748047,-0.3394915103912354,0.9058464050292969,-0.21320453052299682,0.5,1779451122395275439
85.0,0.12469325214624405,0.5341511964797974,0.3754877746105194,76.46728515625,213.114990234375,52.0,33.0,-0.2235294117647059,357.28846153846155,0.11652644230769234,209.68104553222656,-0.344746732711792,0.955841064453125,-0.19541872238024155,1.0,1779451122428649779
77.0,0.11297846585512161,0.49653202295303345,0.3555314540863037,80.8368911743164,220.51077270507812,46.0,31.0,-0.19480519480519481,365.0626321978236,0.14082072561819867,212.64041137695312,-0.3354987144470215,1.0,-0.22355563490071445,0.5,1779451122461042989
95.0,0.10886474698781967,0.4928456246852875,0.35929861664772034,68.87123107910156,191.31387329101562,54.0,41.0,-0.1368421052631579,345.7134057971014,0.08035439311594192,564.9451904296875,0.7654537200927735,0.8608903884887695,-0.21438647908554234,0.5,1779451122494376472
82.0,0.050651613622903824,0.5258716344833374,0.37018951773643494,77.78791046142578,269.670166015625,54.0,28.0,-0.3170731707317073,353.57981366459626,0.10493691770186331,211.80303955078125,-0.3381155014038086,0.9723488807678222,-0.266248244653929,0.75,1779451122527634313
86.0,0.1053183376789093,0.47966840863227844,0.3425474464893341,76.5891342163086,231.55345153808594,46.0,40.0,-0.06976744186046512,367.4255319148936,0.14820478723404254,185.42465209960938,-0.4205479621887207,0.9573641777038574,-0.24406009431221465,0.5,1779451122561156546
77.0,0.0866503119468689,0.5516053438186646,0.40495264530181885,79.375732421875,256.15814208984375,43.0,34.0,-0.11688311688311688,350.70192982456143,0.09594353070175447,513.767822265625,0.6055244445800781,0.9921966552734375,-0.2755812157733154,0.75,1779451122594402230
84.0,0.08771836757659912,0.5316094160079956,0.3842464089393616,75.42805480957031,257.38104248046875,52.0,32.0,-0.23809523809523808,366.1896551724138,0.14434267241379306,230.078857421875,-0.2810035705566406,0.9428506851196289,-0.27547891153085713,0.75,1779451122627284178
82.0,0.052609194070100784,0.5034335851669312,0.3594525456428528,79.2850341796875,330.4375915527344,49.0,33.0,-0.1951219512195122,365.3332299971264,0.14166634374102002,186.30226135253906,-0.41780543327331543,0.9910629272460938,-0.2781754507624629,0.5,1779451122660637838
88.0,0.007998187094926834,0.5129356384277344,0.3578278720378876,76.72480773925781,274.657958984375,53.0,35.0,-0.20454545454545456,358.92906178489704,0.12165331807780326,213.99349975585938,-0.33127031326293943,0.9590600967407227,-0.2621055866831608,0.5,1779451122694691579
82.0,0.07418020069599152,0.5497896671295166,0.4065691828727722,84.08074951171875,271.36138916015625,43.0,39.0,-0.04878048780487805,372.4449122807018,0.16389035087719303,239.49609375,-0.25157470703125,1.0,-0.2581103554890941,0.75,1779451122727576489
82.0,0.012838104739785194,0.5404857993125916,0.3934859335422516,80.10201263427734,249.33912658691406,48.0,34.0,-0.17073170731707318,379.76190476190476,0.18675595238095238,210.283447265625,-0.3428642272949219,1.0,1.1302993951869202,1.0,1779451122761238546
79.0,0.0699901208281517,0.5334641933441162,0.3798368573188782,79.78147888183594,205.52615356445312,46.0,33.0,-0.16455696202531644,370.7272727272727,0.15852272727272715,210.22579956054688,-0.343044376373291,0.9972684860229493,-0.4491287824333593,1.0,1779451122795354005
87.0,0.032808657735586166,0.4968489110469818,0.3536139130592346,78.49565124511719,240.53274536132812,53.0,34.0,-0.21839080459770116,382.92261904761904,0.19663318452380948,276.9261474609375,-0.1346057891845703,0.9811956405639648,-0.3021925569766594,0.5,1779451122827614116
91.0,0.060932546854019165,0.4993830621242523,0.3529384434223175,75.54033660888672,212.46176147460938,53.0,38.0,-0.16483516483516483,370.74019839395373,0.15856311998110542,222.26809692382812,-0.30541219711303713,0.944254207611084,-0.2783725567199682,0.75,1779451122861036758
86.0,0.03287922963500023,0.5288974046707153,0.4031393229961395,84.14359283447266,245.38133239746094,50.0,36.0,-0.16279069767441862,378.8543388429752,0.18391980888429754,136.20396423339844,-0.5743626117706299,1.0,-0.32329531830008146,0.5,1779451122895226216
92.0,0.01654210314154625,0.4573834240436554,0.31096217036247253,73.92390441894531,292.68414306640625,58.0,34.0,-0.2608695652173913,397.20439858975794,0.24126374559299357,259.7180480957031,-0.18838109970092773,0.9240488052368164,-0.3251879122237665,0.5,1779451122928509504
84.0,0.016617242246866226,0.5199645161628723,0.37828636169433594,79.5551528930664,275.65557861328125,56.0,28.0,-0.3333333333333333,366.58431085043986,0.14557597140762457,251.4611358642578,-0.21418395042419433,0.9944394111633301,-0.5700818116454132,0.75,1779451122960772479
75.0,-0.02438211813569069,0.5287529230117798,0.3920808732509613,85.1360855102539,263.6854248046875,52.0,23.0,-0.38666666666666666,387.093137254902,0.20966605392156873,206.51715087890625,-0.35463390350341795,1.0,1.1988507086424178,0.5,1779451123027666343
84.0,0.002941826591268182,0.5154699087142944,0.3785356879234314,83.67201232910156,265.6802673339844,53.0,31.0,-0.2619047619047619,410.1764705882353,0.28180147058823535,272.24749755859375,-0.14922657012939453,1.0,-0.33707848878489743,0.5,1779451123061288996
77.0,0.06377436965703964,0.5694248080253601,0.4261431396007538,79.414306640625,231.62469482421875,46.0,31.0,-0.19480519480519481,393.21338724168913,0.22879183513027854,256.182861328125,-0.19942855834960938,0.9926788330078125,-0.6463123935869449,1.0,1779451123094621154
71.0,0.033535849303007126,0.539689302444458,0.38652536273002625,83.35826873779297,239.30941772460938,44.0,27.0,-0.23943661971830985,408.3786837196909,0.2761833866240341,237.9165802001953,-0.25651068687438966,1.0,-0.4573946209228149,0.75,1779451123131446400
77.0,-0.027044136077165604,0.5615980625152588,0.4185558557510376,87.26949310302734,253.95472717285156,48.0,29.0,-0.24675324675324675,419.34139784946234,0.3104418682795698,243.52589416503906,-0.23898158073425294,1.0,1.0609620607241086,0.75,1779451123161374438
71.0,-0.01672215200960636,0.5620889663696289,0.4268084764480591,92.1340560913086,301.2125549316406,45.0,26.0,-0.2676056338028169,437.3669713438735,0.3667717854496047,247.2305908203125,-0.22740440368652343,1.0,0.9121518111193679,1.0,1779451123194878757
73.0,0.01802399381995201,0.5213073492050171,0.3827897608280182,83.25321960449219,272.0091857910156,46.0,27.0,-0.2602739726027397,426.4511111111111,0.33265972222222223,246.70428466796875,-0.22904911041259765,1.0,0.9001298703960046,1.0,1779451123228560879
73.0,-0.05676227807998657,0.5590338110923767,0.4247153401374817,92.9251937866211,304.90655517578125,47.0,26.0,-0.2876712328767123,432.2312271062271,0.35072258470695966,244.77081298828125,-0.2350912094116211,1.0,0.8901180410703831,1.0,1779451123261946571
74.0,-0.006809331476688385,0.5576601624488831,0.42358797788619995,93.24518585205078,287.7933349609375,49.0,25.0,-0.32432432432432434,427.01111111111106,0.3344097222222221,271.98291015625,-0.15005340576171874,1.0,0.780949973137592,1.0,1779451123294813191
73.0,0.004450516775250435,0.5579236745834351,0.4189426600933075,89.7005386352539,267.4696350097656,45.0,28.0,-0.2328767123287671,443.0570657412763,0.38455333044148843,232.36517333984375,-0.27385883331298827,1.0,0.6558908002355938,1.0,1779451123328230201
78.0,-0.019802391529083252,0.5668787360191345,0.43971091508865356,90.2738265991211,267.4696350097656,49.0,29.0,-0.2564102564102564,447.5758384146342,0.3986744950457318,248.7431640625,-0.2226776123046875,1.0,0.7307338944659036,1.0,1779451123361424494
84.0,-0.005500982981175184,0.5625171661376953,0.42944490909576416,85.95254516601562,271.0166015625,51.0,33.0,-0.21428571428571427,444.05417956656345,0.3876693111455108,267.5592041015625,-0.1638774871826172,1.0,0.7335549706134863,1.0,1779451123395322497
79.0,0.06343800574541092,0.5860911011695862,0.4590936005115509,91.48332214355469,271.0166015625,47.0,32.0,-0.189873417721519,430.71395269475715,0.3459811021711161,253.19680786132812,-0.20875997543334962,1.0,0.6222204295674696,1.0,1779451123428046895
88.0,0.04076707363128662,0.5689564943313599,0.4401874542236328,86.95077514648438,264.4862976074219,52.0,36.0,-0.18181818181818182,419.4703608247423,0.3108448775773196,238.15347290039062,-0.2557703971862793,1.0,0.5316854782937777,1.0,1779451123460237224
93.0,0.009438065811991692,0.5062621235847473,0.3715227544307709,76.0662841796875,230.25421142578125,58.0,35.0,-0.24731182795698925,433.73159080936614,0.35541122127926916,219.3540802001953,-0.31451849937438964,0.9508285522460938,1.0937946220125738,1.0,1779451123494160666
83.0,-0.0017398856580257416,0.5878548622131348,0.4608438014984131,90.7536849975586,303.9161071777344,55.0,28.0,-0.3253012048192771,444.79632092198585,0.3899885028812058,228.43194580078125,-0.2861501693725586,1.0,0.6331494622415698,1.0,1779451123527877922
81.0,0.008677171543240547,0.5649697184562683,0.4378001391887665,90.08919525146484,221.1831817626953,49.0,32.0,-0.20987654320987653,437.2263888888889,0.3663324652777778,289.5201416015625,-0.09524955749511718,1.0,0.6502773505863813,1.0,1779451123560961223
91.0,0.01081298477947712,0.5510989427566528,0.4255484342575073,84.27970123291016,275.6319885253906,59.0,32.0,-0.2967032967032967,468.877807486631,0.4652431483957219,238.00648498535156,-0.25622973442077634,1.0,0.6880857975112612,1.0,1779451123594302569
89.0,0.02537953108549118,0.5536781549453735,0.42797017097473145,83.6798324584961,306.7784118652344,55.0,34.0,-0.23595505617977527,452.93613636363636,0.41542542613636363,234.54913330078125,-0.2670339584350586,1.0,0.5267868410230372,1.0,1779451123627155999
100.0,-0.004277829080820084,0.5442487597465515,0.41089221835136414,81.49993133544922,286.1485595703125,64.0,36.0,-0.28,447.46491923702996,0.3983278726157186,217.57611083984375,-0.32007465362548826,1.0,0.7134167307487354,1.0,1779451123660341662
98.0,0.04269343614578247,0.5299353003501892,0.41096848249435425,76.52989196777344,238.76766967773438,66.0,32.0,-0.3469387755102041,439.8181818181818,0.37443181818181814,240.80398559570312,-0.24748754501342773,0.956623649597168,1.107085588914992,1.0,1779451123693875337
89.0,0.05209261551499367,0.5456633567810059,0.4211595952510834,82.69186401367188,242.86004638671875,58.0,31.0,-0.30337078651685395,470.2079089816034,0.4693997155675106,188.80572509765625,-0.40998210906982424,1.0,0.5925723321408057,1.0,1779451123727223447
79.0,0.006042066495865583,0.5473517179489136,0.42425087094306946,85.53559875488281,246.82989501953125,48.0,31.0,-0.21518987341772153,459.25598875914,0.4351749648723125,224.91319274902344,-0.29714627265930177,1.0,0.7242804033708554,1.0,1779451123760681850
96.0,0.01606910116970539,0.534134566783905,0.39993545413017273,78.31466674804688,223.6358642578125,67.0,29.0,-0.3958333333333333,456.7126603849238,0.42722706370288693,170.0045928955078,-0.4687356472015381,0.9789333343505859,0.5272503838392995,1.0,1779451123794316465
96.0,0.06463406980037689,0.5295682549476624,0.40583476424217224,84.74658966064453,292.2259521484375,66.0,30.0,-0.375,441.19962032846195,0.3787488135264436,216.3141326904297,-0.3240183353424072,1.0,0.602814681468576,1.0,1779451123827424980
88.0,0.029962880536913872,0.5488611459732056,0.42190179228782654,88.41209411621094,270.0240783691406,57.0,31.0,-0.29545454545454547,464.4452284946236,0.45139133904569884,182.92196655273438,-0.42836885452270507,1.0,0.4857380984187466,1.0,1779451123860935264
97.0,-0.008689595386385918,0.5678319931030273,0.44017016887664795,83.77336883544922,306.36578369140625,69.0,28.0,-0.422680412371134,442.039456145028,0.3813733004532125,140.6280059814453,-0.5605374813079834,1.0,0.48809598974173807,1.0,1779451123894194214
110.0,0.014370572753250599,0.513931930065155,0.3767475187778473,71.36788177490234,210.48989868164062,73.0,37.0,-0.32727272727272727,445.5629221471739,0.39238413170991837,170.04232788085938,-0.46861772537231444,0.8920985221862793,0.6333012073309675,1.0,1779451123927616061
97.0,0.0028910234104841948,0.542463481426239,0.4078870415687561,82.36454772949219,242.90945434570312,65.0,32.0,-0.3402061855670103,457.9675475687104,0.43114858615222007,199.68368530273438,-0.3759884834289551,1.0,0.6146725367976318,1.0,1779451123960845817
90.0,0.0639459416270256,0.5199556946754456,0.3949041962623596,88.04769134521484,320.3825988769531,59.0,31.0,-0.3111111111111111,457.60525073746305,0.430016408554572,212.53890991210938,-0.3358159065246582,1.0,1.1125545210694994,1.0,1779451123993855866
86.0,0.06743170320987701,0.5324748158454895,0.40034911036491394,84.76685333251953,221.65061950683594,55.0,31.0,-0.27906976744186046,472.7888172477834,0.47746505389932314,201.6703643798828,-0.3697801113128662,1.0,0.5225017249266035,1.0,1779451124027811425
85.0,0.0632009506225586,0.5391551852226257,0.4229455292224884,82.72318267822266,243.39268493652344,58.0,27.0,-0.36470588235294116,455.6799294800885,0.4239997796252766,236.78521728515625,-0.26004619598388673,1.0,0.4091848166906212,1.0,1779451124060821119
91.0,0.017956912517547607,0.5679553747177124,0.43312910199165344,81.40648651123047,234.54637145996094,58.0,33.0,-0.27472527472527475,454.44791666666663,0.42014973958333324,221.44232177734375,-0.30799274444580077,1.0,0.5895392375795754,1.0,1779451124094372382
86.0,0.0922485888004303,0.5230346918106079,0.39838626980781555,92.20975494384766,356.6020202636719,57.0,29.0,-0.32558139534883723,450.9063819956135,0.4090824437362922,206.14456176757812,-0.35579824447631836,1.0,0.36667807477162295,1.0,1779451124131512275
102.0,0.019857315346598625,0.5156974792480469,0.38549554347991943,78.09622192382812,206.29348754882812,71.0,31.0,-0.39215686274509803,449.05686274509804,0.4033026960784314,519.41357421875,0.6231674194335938,0.9762027740478516,0.3949844347599647,0.55,1779451124160551298
92.0,0.07330486923456192,0.49799594283103943,0.36646023392677307,80.83746337890625,298.18115234375,60.0,32.0,-0.30434782608695654,447.0536567164179,0.39704267723880593,574.8687744140625,0.7964649200439453,1.0,1.0401344515385471,1.0,1779451124193530829
93.0,-0.012105531990528107,0.507586658000946,0.3681398332118988,82.176513671875,255.88473510742188,63.0,30.0,-0.3548387096774194,439.5856153846154,0.37370504807692306,233.79893493652344,-0.2693783283233643,1.0,0.7665259516404983,0.55,1779451124228018685
99.0,0.04784142225980759,0.5702953338623047,0.4309467673301697,84.21568298339844,251.96229553222656,66.0,33.0,-0.3333333333333333,435.85037878787875,0.3620324337121211,187.7783203125,-0.4131927490234375,1.0,1.1190616396404345,1.0,1779451124260865803
93.0,0.030728045850992203,0.54383385181427,0.40549761056900024,79.27560424804688,304.2005920410156,63.0,30.0,-0.3548387096774194,448.7,0.4021875,199.03424072265625,-0.3780179977416992,0.9909450531005859,-0.7649917512255314,0.5,1779451124294615237
91.0,0.0613592155277729,0.5417184829711914,0.40952304005622864,90.33399200439453,264.0037841796875,63.0,28.0,-0.38461538461538464,413.75524475524475,0.29298513986013985,224.62962341308594,-0.29803242683410647,1.0,-0.7466902937503133,0.5,1779451124327266321
93.0,0.03278397396206856,0.5594325661659241,0.41930946707725525,90.8274917602539,301.597412109375,63.0,30.0,-0.3548387096774194,396.5774193548387,0.23930443548387093,468.87841796875,0.46524505615234374,1.0,-0.7415729287325663,0.5,1779451124360478285
97.0,0.056738294661045074,0.547965407371521,0.4095332622528076,87.68624877929688,270.45330810546875,65.0,32.0,-0.3402061855670103,391.2378048780488,0.22261814024390247,548.8292236328125,0.715091323852539,1.0,1.1518430105244046,1.0,1779451124394124609
88.0,0.08103343099355698,0.5436488389968872,0.41626662015914917,91.46328735351562,262.154541015625,58.0,30.0,-0.3181818181818182,413.76624272010963,0.2930195085003426,192.04901123046875,-0.39984683990478515,1.0,-0.7280214589980712,0.5,1779451124460939540
98.0,0.0509352870285511,0.5780962705612183,0.43042412400245667,82.51895141601562,287.090576171875,69.0,29.0,-0.40816326530612246,382.33333333333337,0.19479166666666678,255.45877075195312,-0.2016913414001465,1.0,-0.7023099076844842,0.5,1779451124534756201
95.0,-0.007384244352579117,0.5679061412811279,0.4084993600845337,88.62560272216797,262.6061706542969,63.0,32.0,-0.3263157894736842,389.158064516129,0.21611895161290312,203.80938720703125,-0.36309566497802737,1.0,-0.7789182639180998,0.75,1779451124565056538
93.0,0.07661208510398865,0.5576163530349731,0.39669352769851685,91.52729797363281,303.11712646484375,64.0,29.0,-0.3763440860215054,399.62569163292846,0.24883028635290144,177.745361328125,-0.4445457458496094,1.0,-0.6847355651713569,0.5,1779451124595590554
91.0,0.027952343225479126,0.5894102454185486,0.4539509117603302,92.60587310791016,271.1825866699219,63.0,28.0,-0.38461538461538464,390.14214653159297,0.21919420791122804,455.6500244140625,0.4239063262939453,1.0,-0.6593201102079915,0.5,1779451124627171068
96.0,-0.04914960265159607,0.49872809648513794,0.337225079536438,87.63053131103516,282.3986511230469,66.0,30.0,-0.375,366.26400854872105,0.14457502671475328,251.07691955566406,-0.2153846263885498,1.0,-0.617257994901661,0.5,1779451124760044209
113.0,-0.019884994253516197,0.48187974095344543,0.3084058165550232,76.85147857666016,294.6133117675781,78.0,35.0,-0.3805309734513274,386.00352564102565,0.20626101762820515,452.6560974121094,0.4145503044128418,0.9606434822082519,-0.6675518581509475,0.5,1779451124793663504
98.0,-0.027351830154657364,0.4922187626361847,0.3309566378593445,87.40357208251953,272.80029296875,65.0,33.0,-0.32653061224489793,360.227068262863,0.12570958832144682,321.14825439453125,0.003588294982910156,1.0,-0.5760315231849019,0.5,1779451124827413491
93.0,-0.008066168054938316,0.4916681945323944,0.31450092792510986,82.36995697021484,277.0018005371094,60.0,33.0,-0.2903225806451613,361.6199279153587,0.1300622747354959,409.64385986328125,0.2801370620727539,1.0,-0.5799958736876849,0.5,1779451124861249088
87.0,-0.04424785077571869,0.47145140171051025,0.2837452292442322,87.19154357910156,285.0,56.0,31.0,-0.28735632183908044,361.26459618669173,0.12895186308341167,420.3017883300781,0.31344308853149416,1.0,-0.578860419958362,0.5,1779451124894238424
100.0,-0.06438712775707245,0.4895870089530945,0.31126829981803894,76.84367370605469,284.20062255859375,66.0,34.0,-0.32,359.2261904761904,0.12258184523809508,525.9737548828125,0.6436679840087891,0.9605459213256836,-0.5671974244134934,0.75,1779451124927511726
96.0,-0.020885659381747246,0.4669412076473236,0.2897174060344696,78.9509048461914,283.40252685546875,59.0,37.0,-0.22916666666666666,352.1869588744589,0.10058424648268413,394.702392578125,0.23344497680664061,0.9868863105773926,-0.5485771580840076,0.5,1779451124960878975
93.0,-0.10175187885761261,0.48042991757392883,0.31219425797462463,77.76445007324219,287.0017395019531,59.0,34.0,-0.26881720430107525,347.5479797979798,0.08608743686868685,457.4964904785156,0.42967653274536133,0.9720556259155273,-0.5461503989663674,0.5,1779451124993638836
97.0,-0.07487364113330841,0.4729016423225403,0.30026358366012573,76.3939208984375,287.80029296875,62.0,35.0,-0.27835051546391754,364.1261198934419,0.13789412466700596,172.30825805664062,-0.46153669357299804,0.9549240112304688,1.2165547554552678,1.0,1779451125033801541
79.0,-0.055095087736845016,0.5030050873756409,0.31873998045921326,91.15283966064453,272.0018310546875,47.0,32.0,-0.189873417721519,339.8730303030303,0.062103219696969705,220.79531860351562,-0.3100146293640137,1.0,-0.46057202566718436,0.5,1779451125131451491
90.0,-0.051295168697834015,0.4732491374015808,0.28998494148254395,80.01593017578125,270.6011962890625,54.0,36.0,-0.2,344.36875,0.07615234374999993,134.1846160888672,-0.58067307472229,1.0,-0.4505955568767596,0.5,1779451125194219296
84.0,-0.06214971840381622,0.46824508905410767,0.28744736313819885,80.27410888671875,270.6011962890625,48.0,36.0,-0.14285714285714285,345.0693723454459,0.07834178857951848,467.20672607421875,0.4600210189819336,1.0,-0.4991489119560729,0.5,1779451125227718594
79.0,-0.0815976932644844,0.5110365748405457,0.34370535612106323,88.01233673095703,254.20071411132812,51.0,28.0,-0.2911392405063291,334.32317747611864,0.044759929612870765,328.0235595703125,0.02507362365722656,1.0,-0.4647326326144561,0.5,1779451125327708079
91.0,-0.015100217424333096,0.48190903663635254,0.3172501027584076,77.28260040283203,259.20068359375,54.0,37.0,-0.18681318681318682,332.14732394366195,0.03796038732394358,236.33334350585938,-0.2614583015441895,0.9660325050354004,-0.40972342427252845,0.5,1779451125360896868
94.0,-0.09171314537525177,0.5097185969352722,0.3547562062740326,77.53483581542969,249.2007293701172,55.0,39.0,-0.1702127659574468,326.46887639029325,0.020215238719666396,281.2392578125,-0.1211273193359375,0.9691854476928711,-0.37660987328612017,0.5,1779451125460144146
82.0,0.002787540666759014,0.47635525465011597,0.32128605246543884,80.35305786132812,287.3917236328125,45.0,37.0,-0.0975609756097561,322.8484848484849,0.008901515151515226,428.30877685546875,0.33846492767333985,1.0,-0.4018093707400973,0.5,1779451125526429830
82.0,-0.006950235925614834,0.5157341361045837,0.37640953063964844,84.8333969116211,269.670166015625,48.0,34.0,-0.17073170731707318,304.6240990990991,-0.04804969031531527,313.0743408203125,-0.021642684936523438,1.0,-0.34122805281762175,0.5,1779451125627054743
70.0,0.062681645154953,0.48726609349250793,0.35374632477760315,90.43939971923828,249.2007293701172,34.0,36.0,0.02857142857142857,333.8423076923077,0.043257211538461605,348.339599609375,0.08856124877929687,1.0,-0.30768709174487596,0.5,1779451125694225276
69.0,0.033641304820775986,0.5038830637931824,0.36963167786598206,94.99250030517578,254.33245849609375,36.0,33.0,-0.043478260869565216,300.22573757763973,-0.061794570069875834,386.682861328125,0.20838394165039062,1.0,-0.3299785739039826,0.5,1779451125727184570
86.0,0.03693932667374611,0.4565199613571167,0.3209162950515747,81.28450012207031,261.9255676269531,48.0,38.0,-0.11627906976744186,334.1253702437913,0.04414178201184775,396.11187744140625,0.23784961700439453,1.0,-0.30501964425291056,0.5,1779451125760669083
60.0,0.09997355192899704,0.5131931900978088,0.38980036973953247,107.21540069580078,308.4153137207031,29.0,31.0,0.03333333333333333,297.7899721301002,-0.06940633709343694,371.9980163574219,0.16249380111694336,1.0,-0.2900068410157283,0.5,1779451125793738803
67.0,0.025746284052729607,0.5361512303352356,0.40247926115989685,97.76853942871094,263.6854248046875,38.0,29.0,-0.13432835820895522,292.57272727272726,-0.0857102272727273,388.1496276855469,0.212967586517334,1.0,-0.2833389562445165,0.5,1779451125827142594
71.0,0.06327973306179047,0.5166459679603577,0.380837619304657,93.28014373779297,314.1623840332031,38.0,33.0,-0.07042253521126761,295.8176136363636,-0.07556995738636374,352.7255859375,0.1022674560546875,1.0,-0.2510760365425124,0.5,1779451125860189823
68.0,0.049288779497146606,0.5062958598136902,0.36141252517700195,90.11102294921875,315.15869140625,41.0,27.0,-0.20588235294117646,247.646564716312,-0.22610448526152496,376.115234375,0.175360107421875,1.0,-0.24332920910642108,0.5,1779451125894049388
73.0,0.05268331244587898,0.5144419074058533,0.3740982711315155,90.75043487548828,313.16607666015625,41.0,32.0,-0.1232876712328767,258.9855661881978,-0.1906701056618818,456.050537109375,0.4251579284667969,1.0,-0.23836523640218732,0.5,1779451125927878751
60.0,0.000955943251028657,0.43243205547332764,0.3078102767467499,101.3501205444336,313.6701965332031,33.0,27.0,-0.1,331.3031690619758,0.03532240331867431,197.2235107421875,-0.38367652893066406,1.0,1.4226645410641727,0.55,1779451126095211007
61.0,0.013237295672297478,0.42836707830429077,0.3070752024650574,100.0378646850586,320.7319641113281,32.0,29.0,-0.04918032786885246,373.0984848484849,0.16593276515151523,357.49322509765625,0.11716632843017578,1.0,1.4173420682922062,0.55,1779451126131348399
60.0,-0.03269727900624275,0.4568086862564087,0.3108409345149994,87.74732208251953,307.09283447265625,37.0,23.0,-0.23333333333333334,335.65630258041716,0.04892594556380363,389.769287109375,0.21802902221679688,1.0,1.3493614211328864,0.55,1779451126960212928
67.0,-0.04309111833572388,0.4858485460281372,0.33334359526634216,84.33133697509766,300.7074890136719,40.0,27.0,-0.19402985074626866,315.9054054054054,-0.01279560810810807,377.8116455078125,0.18066139221191407,1.0,-1.2809854508896545,0.5,1779451127093610065
66.0,0.047783248126506805,0.41033926606178284,0.2471272200345993,85.3499755859375,300.7074890136719,39.0,27.0,-0.18181818181818182,341.4072972972973,0.06689780405405407,390.58929443359375,0.22059154510498047,1.0,-1.2576466899468404,0.5,1779451127131414715
67.0,0.024449646472930908,0.4536443054676056,0.2950309216976166,79.40380859375,291.49615478515625,41.0,26.0,-0.22388059701492538,292.52229513167015,-0.08586782771353078,382.8292236328125,0.19634132385253905,0.992547607421875,-1.2835195963915096,0.5,1779451127160369093
58.0,0.0573282390832901,0.5158262252807617,0.36360085010528564,101.11133575439453,300.7074890136719,34.0,24.0,-0.1724137931034483,308.2308176720115,-0.036778694774964114,383.96014404296875,0.19987545013427735,1.0,-1.274134621214006,0.5,1779451127193171478
56.0,0.034594058990478516,0.44895195960998535,0.288059800863266,96.67232513427734,297.880859375,35.0,21.0,-0.25,272.7616315136476,-0.14761990151985122,383.4866943359375,0.1983959197998047,1.0,-1.2853757046660452,0.5,1779451127226217592
58.0,-0.011560868471860886,0.4348553419113159,0.27741682529449463,90.83710479736328,299.2941589355469,41.0,17.0,-0.41379310344827586,272.1268255212221,-0.149603670246181,382.58624267578125,0.1955820083618164,1.0,1.3700562616473972,0.55,1779451127260172698
48.0,0.026225924491882324,0.4265652298927307,0.271700382232666,106.23421478271484,314.1592102050781,30.0,18.0,-0.25,320.1845790523731,0.0005768095386660121,391.0537109375,0.2220428466796875,1.0,1.3326482989529493,0.41250000000000003,1779451127360603281
45.0,-0.034044887870550156,0.4553138315677643,0.30733516812324524,104.3719711303711,319.4526672363281,28.0,17.0,-0.24444444444444444,340.0681818181818,0.06271306818181817,385.32965087890625,0.20415515899658204,1.0,1.3456335409152724,0.55,1779451127393424496
45.0,-0.03984375670552254,0.4555833041667938,0.31637975573539734,104.53582000732422,320.861328125,31.0,14.0,-0.37777777777777777,340.44871794871796,0.06390224358974361,395.6341552734375,0.2363567352294922,1.0,1.3592169040743807,0.55,1779451127426847932
40.0,-0.040716174989938736,0.4824597239494324,0.3403177261352539,113.6709976196289,320.861328125,28.0,12.0,-0.4,316.2475247524752,-0.011726485148514954,379.74176025390625,0.18669300079345702,1.0,1.3507896560446033,0.55,1779451127459895314
54.0,-0.04134947434067726,0.45985206961631775,0.31911501288414,98.04566955566406,317.2774963378906,37.0,17.0,-0.37037037037037035,316.59558823529414,-0.0106387867647058,386.1533203125,0.2067291259765625,1.0,1.3699394826863336,0.55,1779451127493242151
46.0,0.0024164384230971336,0.45640620589256287,0.31480589509010315,97.61487579345703,316.63543701171875,29.0,17.0,-0.2608695652173913,268.63953886152166,-0.16050144105774483,389.62750244140625,0.21758594512939453,1.0,1.3309832047371177,0.41250000000000003,1779451127596160878
52.0,0.018770301714539528,0.44288066029548645,0.2997368574142456,89.22315979003906,317.2774963378906,34.0,18.0,-0.3076923076923077,324.21168539325845,0.013161516853932654,275.63092041015625,-0.13865337371826172,1.0,1.3361640784635487,0.41250000000000003,1779451127626298671
61.0,0.003434005193412304,0.3967234194278717,0.24887937307357788,84.4459457397461,306.6496276855469,44.0,17.0,-0.4426229508196721,343.3225806451613,0.072883064516129,436.7048645019531,0.3647027015686035,1.0,1.3476040766443722,0.41250000000000003,1779451128026576340
59.0,-0.02705085463821888,0.4352719187736511,0.29092320799827576,92.54952239990234,304.4749450683594,45.0,14.0,-0.5254237288135594,293.25255984042553,-0.0835857504986702,409.60955810546875,0.2800298690795898,1.0,1.3560843253479262,0.55,1779451128060636969
55.0,-0.03128451481461525,0.45617029070854187,0.3154519200325012,96.48596954345703,304.4749450683594,39.0,16.0,-0.41818181818181815,357.1125,0.11597656250000003,423.7874450683594,0.32433576583862306,1.0,1.3550220761178982,0.55,1779451128092794285
61.0,-0.029911527410149574,0.4405781328678131,0.29531019926071167,86.9677963256836,301.6571044921875,44.0,17.0,-0.4426229508196721,329.7107985480944,0.030346245462794918,438.1483154296875,0.36921348571777346,1.0,1.3593699503526528,0.55,1779451128193574202
62.0,-0.02460058592259884,0.41050857305526733,0.2601620554924011,85.072998046875,297.4306640625,40.0,22.0,-0.2903225806451613,346.4701286764706,0.08271915211397066,429.132568359375,0.34103927612304685,1.0,1.2400219078591506,0.5,1779451128327521524
72.0,-0.0028901041951030493,0.38666489720344543,0.24233096837997437,78.56377410888672,278.2265319824219,48.0,24.0,-0.3333333333333333,342.5677954787174,0.07052436087099193,355.45355224609375,0.11079235076904297,0.982047176361084,1.2697484321347106,0.41250000000000003,1779451128726991441
74.0,-0.002400235505774617,0.3761870265007019,0.22552917897701263,71.31120300292969,274.0,51.0,23.0,-0.3783783783783784,310.1580140485313,-0.03075620609833969,463.311279296875,0.4478477478027344,0.891390037536621,1.2695953714101658,0.41250000000000003,1779451128826274692
72.0,0.039981599897146225,0.37716206908226013,0.22960132360458374,75.1698226928711,269.0074462890625,49.0,23.0,-0.3611111111111111,337.79487179487177,0.05560897435897427,484.2460632324219,0.5132689476013184,0.9396227836608887,1.2728824244856345,0.41250000000000003,1779451128896751995
64.0,0.017148535698652267,0.37548285722732544,0.2183396816253662,84.91010284423828,269.0074462890625,43.0,21.0,-0.34375,369.41544945401324,0.15442327954379137,433.6129150390625,0.3550403594970703,1.0,1.2843890907604947,0.41250000000000003,1779451128928194376
70.0,0.031069422140717506,0.34498152136802673,0.19760669767856598,72.07604217529297,231.36550903320312,48.0,22.0,-0.37142857142857144,357.03416149068323,0.1157317546583851,466.1444091796875,0.45670127868652344,0.9009505271911621,1.282155424368177,0.41250000000000003,1779451128993232790
81.0,0.05876902490854263,0.3585685193538666,0.2148795872926712,66.95101165771484,230.7227783203125,50.0,31.0,-0.2345679012345679,353.20138888888886,0.10375434027777768,460.7134094238281,0.4397294044494629,0.8368876457214356,1.3284785585179322,0.41250000000000003,1779451129130993433
69.0,0.05139823630452156,0.35808953642845154,0.21325913071632385,76.27449035644531,225.7299346923828,46.0,23.0,-0.3333333333333333,355.39772727272725,0.11061789772727267,484.1847229003906,0.5130772590637207,0.9534311294555664,1.285772727206773,0.41250000000000003,1779451129192211595
69.0,0.039219483733177185,0.3889356255531311,0.25095459818840027,75.1801528930664,225.7299346923828,46.0,23.0,-0.3333333333333333,327.409375,0.023154296875000036,379.78570556640625,0.18683032989501952,0.9397519111633301,1.3273288047023737,0.41250000000000003,1779451129226586299
76.0,0.04604927450418472,0.3721283972263336,0.23053286969661713,70.61587524414062,247.75189208984375,50.0,26.0,-0.3157894736842105,347.3901098901099,0.08559409340659344,469.8602600097656,0.46831331253051756,0.8826984405517578,1.3467708483534349,0.41250000000000003,1779451129259456141
80.0,0.057126641273498535,0.39694449305534363,0.2519875168800354,66.70093536376953,244.9346923828125,50.0,30.0,-0.25,325.26682986536105,0.01645884332925327,490.83099365234375,0.5338468551635742,0.8337616920471191,-1.4790906864541968,0.5,1779451129293456507
78.0,0.04304484277963638,0.3668479025363922,0.23024871945381165,67.83440399169922,237.76669311523438,48.0,30.0,-0.23076923076923078,370.8804347826087,0.15900135869565216,522.1666259765625,0.6317707061767578,0.8479300498962402,1.3013043389425751,0.41250000000000003,1779451129359878016
75.0,0.04163931682705879,0.38186222314834595,0.23811498284339905,70.31096649169922,209.74508666992188,48.0,27.0,-0.28,360.72447119167225,0.12726397247397578,480.60076904296875,0.5018774032592773,0.8788870811462403,1.3324925376268029,0.55,1779451129392935898
78.0,0.050649046897888184,0.36468222737312317,0.23204556107521057,66.58990478515625,208.3386688232422,49.0,29.0,-0.2564102564102564,337.81776839369826,0.05568052623030706,471.11883544921875,0.4722463607788086,0.8323738098144531,1.3191502136956044,0.41250000000000003,1779451129459937098
84.0,0.08605081588029861,0.41549214720726013,0.2782675325870514,60.58989715576172,166.83224487304688,50.0,34.0,-0.19047619047619047,274.46315789473687,-0.1423026315789473,495.5,0.5484375,0.7573737144470215,-1.2673937769287287,0.5,1779451129659048316
90.0,0.09637056291103363,0.4238407015800476,0.27945736050605774,64.22891235351562,209.74508666992188,49.0,41.0,-0.08888888888888889,318.4442016317016,-0.004861869900932447,541.042724609375,0.6907585144042969,0.8028614044189453,-1.192085071731918,0.5,1779451129692989137
89.0,0.11066008359193802,0.4369494616985321,0.2999064326286316,59.96268081665039,180.42449951171875,52.0,37.0,-0.16853932584269662,303.7682926829268,-0.05072408536585371,544.4193115234375,0.7013103485107421,0.7495335102081299,-1.2701522710543425,0.5,1779451129726267690
87.0,0.12870076298713684,0.3897022604942322,0.2725723087787628,59.1215705871582,176.18455505371094,48.0,39.0,-0.10344827586206896,301.95535047476795,-0.056389529766350144,516.1429443359375,0.6129467010498046,0.7390196323394775,-1.2989415271872753,0.5,1779451129759666182
84.0,0.13283289968967438,0.4558587968349457,0.3312520682811737,57.03322219848633,166.97305297851562,53.0,31.0,-0.2619047619047619,282.78503963830053,-0.11629675113031084,493.9196472167969,0.5434988975524903,0.7129152774810791,-0.6335814185600711,0.5,1779451129792905133
77.0,0.12867595255374908,0.46027204394340515,0.34280481934547424,61.71853256225586,149.2816162109375,43.0,34.0,-0.11688311688311688,321.0208333333333,0.0031901041666666076,551.48779296875,0.7233993530273437,0.7714816570281983,-1.064499348297908,0.5,1779451129959839796
80.0,0.11830611526966095,0.4218500554561615,0.30570417642593384,55.200096130371094,141.49559020996094,43.0,37.0,-0.075,288.78741694785543,-0.09753932203795176,525.0,0.640625,0.6900012016296386,-1.013335046459729,0.5,1779451130026970877
75.0,0.12487787753343582,0.40397998690605164,0.2927120625972748,55.80222702026367,128.06248474121094,44.0,31.0,-0.17333333333333334,265.65606783253844,-0.16982478802331738,565.83935546875,0.7682479858398438,0.6975278377532959,-0.9380354068425523,0.41250000000000003,1779451130130893911
68.0,0.1192023903131485,0.39894500374794006,0.29366740584373474,56.10490417480469,148.08444213867188,42.0,26.0,-0.23529411764705882,283.42532467532465,-0.11429586038961048,625.1384887695312,0.9535577774047852,0.7013113021850585,-0.9311488336210828,0.5,1779451130260378225
73.0,0.06306559592485428,0.44608256220817566,0.3194113075733185,57.63288116455078,151.082763671875,47.0,26.0,-0.2876712328767123,278.21361207526485,-0.13058246226479736,548.0811767578125,0.7127536773681641,0.7204110145568847,-1.012696545874101,0.75,1779451130297493207
70.0,0.051775284111499786,0.42874065041542053,0.298621267080307,54.65447998046875,146.08558654785156,45.0,25.0,-0.2857142857142857,289.4659090909091,-0.09541903409090899,590.87255859375,0.8464767456054687,0.6831809997558593,-0.9254277119454195,0.5,1779451130330178553
62.0,0.15234211087226868,0.45534175634384155,0.33762770891189575,58.13652801513672,142.80056762695312,34.0,28.0,-0.0967741935483871,279.12377461204636,-0.1277382043373551,410.4784240722656,0.2827450752258301,0.726706600189209,-0.6590931968627701,0.55,1779451130393468119
50.0,0.18913529813289642,0.49004149436950684,0.3837272524833679,59.85771179199219,141.82383728027344,30.0,20.0,-0.2,262.96421568627454,-0.17823682598039206,338.6767578125,0.0583648681640625,0.7482213973999023,-0.6820204744222453,0.55,1779451130525668322
51.0,0.2512300908565521,0.5283343195915222,0.4251355230808258,55.449161529541016,139.26951599121094,33.0,18.0,-0.29411764705882354,330.8230133118193,0.0338219165994353,424.33111572265625,0.3260347366333008,0.6931145191192627,-0.6066741425623655,0.55,1779451130559482604
52.0,0.24059978127479553,0.43552279472351074,0.39523378014564514,59.38770294189453,120.8801040649414,34.0,18.0,-0.3076923076923077,253.66325536062377,-0.20730232699805073,340.3169250488281,0.06349039077758789,0.7423462867736816,-0.8517731364169532,0.55,1779451130658708428
44.0,0.2007705271244049,0.39074745774269104,0.34059059619903564,59.78670883178711,125.67020416259766,32.0,12.0,-0.45454545454545453,442.25,0.38203125,355.8917541503906,0.11216173171997071,0.7473338603973388,-1.1019412398118051,0.5,1779451131327015008
60.0,-0.10934290289878845,0.4731868803501129,0.44577351212501526,56.46381759643555,136.85394287109375,35.0,25.0,-0.16666666666666666,343.44607843137254,0.07326899509803919,321.6205139160156,0.0050641059875488285,0.7057977199554444,0.20304881457352528,0.41250000000000003,1779451134558746841
54.0,-0.012970532290637493,0.5734465718269348,0.515677273273468,58.75951385498047,116.73046112060547,27.0,27.0,0.0,305.8630952380952,-0.04417782738095255,375.16534423828125,0.1723917007446289,0.7344939231872558,0.8664528234433105,0.5,1779451134859131099
76.0,-0.12190551310777664,0.4710523188114166,0.43165287375450134,60.30732345581055,134.65882873535156,47.0,29.0,-0.23684210526315788,227.11593172119487,-0.290262713371266,434.41497802734375,0.3575468063354492,0.7538415431976319,0.9005367244137278,0.41250000000000003,1779451134993813671
70.0,-0.09100597351789474,0.4842263460159302,0.43509113788604736,58.860595703125,145.83895874023438,38.0,32.0,-0.08571428571428572,303.3287202380953,-0.05209774925595223,382.8840026855469,0.19651250839233397,0.7357574462890625,1.0077794120640018,1.0,1779451135025921470
60.0,-0.08189360052347183,0.5059164762496948,0.4524412453174591,61.85957336425781,139.0863037109375,34.0,26.0,-0.13333333333333333,309.47338935574226,-0.03289565826330545,348.3993835449219,0.08874807357788086,0.7732446670532227,0.7350915543906111,0.5,1779451135059241191
66.0,-0.07616651803255081,0.551101803779602,0.4933566451072693,57.06901550292969,132.42356872558594,37.0,29.0,-0.12121212121212122,258.3008620689655,-0.1928098060344828,348.3431396484375,0.08857231140136719,0.7133626937866211,0.9037556937498917,1.0,1779451135093965728
57.0,0.05183577910065651,0.48626962304115295,0.43317171931266785,56.97687911987305,120.42009735107422,27.0,30.0,0.05263157894736842,246.146783625731,-0.23079130116959065,358.1803894042969,0.11931371688842773,0.7122109889984131,0.9202539560783856,1.0,1779451135125704033
66.0,-0.04638361558318138,0.49418073892593384,0.454477459192276,61.21688461303711,142.2708740234375,41.0,25.0,-0.24242424242424243,272.7940340909091,-0.14751864346590898,322.84869384765625,0.008902168273925782,0.7652110576629638,1.0322485373133286,1.0,1779451135159234075
58.0,-0.02502186968922615,0.5718769431114197,0.5225470066070557,63.80611801147461,150.28306579589844,33.0,25.0,-0.13793103448275862,291.52155844155845,-0.08899512987012984,356.31170654296875,0.11347408294677734,0.7975764751434327,0.9909734807225647,1.0,1779451135191890920
55.0,0.055015165358781815,0.5392007231712341,0.4918673634529114,63.133548736572266,136.85028076171875,28.0,27.0,-0.01818181818181818,382.5860876678257,0.19558152396195538,360.74005126953125,0.12731266021728516,0.7891693592071534,0.9490431461217869,1.0,1779451135224992084
73.0,-0.008968831971287727,0.5247921943664551,0.45702147483825684,59.30879592895508,133.7647247314453,41.0,32.0,-0.1232876712328767,347.9148936170213,0.08723404255319149,357.8353271484375,0.11823539733886719,0.7413599491119385,0.935228337933983,0.55,1779451135258621431
65.0,-0.08145400136709213,0.5461171269416809,0.4933398962020874,59.978885650634766,161.7559814453125,36.0,29.0,-0.1076923076923077,347.734375,0.086669921875,290.73095703125,-0.09146575927734375,0.7497360706329346,0.9429044819253294,1.0,1779451135292228112
57.0,0.007355171721428633,0.5404991507530212,0.4801073670387268,61.58514404296875,144.5856170654297,29.0,28.0,-0.017543859649122806,451.4734126984127,0.41085441468253964,392.81976318359375,0.22756175994873046,0.7698143005371094,0.8962894438527103,0.55,1779451135326465519
78.0,-0.015437238849699497,0.5045804381370544,0.4524015784263611,59.48307418823242,145.79437255859375,42.0,36.0,-0.07692307692307693,355.9203125,0.11225097656250008,323.21282958984375,0.010040092468261718,0.7435384273529053,0.8801178962012293,1.0,1779451135358652797
68.0,-0.026625510305166245,0.519855260848999,0.45995163917541504,57.855194091796875,128.78665161132812,37.0,31.0,-0.08823529411764706,394.4642857142857,0.23270089285714288,319.18695068359375,-0.002540779113769531,0.7231899261474609,0.8866981879672229,0.55,1779451135398959998
81.0,-0.09680203348398209,0.49851900339126587,0.43688541650772095,61.43185806274414,176.70596313476562,49.0,32.0,-0.20987654320987653,343.64358974358976,0.073886217948718,356.58160400390625,0.11431751251220704,0.7678982257843018,0.8587575858877863,1.0,1779451135430558619
69.0,-0.04652583226561546,0.5174815058708191,0.45460987091064453,57.743980407714844,152.5417938232422,45.0,24.0,-0.30434782608695654,354.91217948717946,0.1091005608974358,273.62060546875,-0.14493560791015625,0.7217997550964356,0.7953907905142932,1.0,1779451135463652477
86.0,0.02590498887002468,0.39696356654167175,0.30214738845825195,61.45710372924805,136.85394287109375,57.0,29.0,-0.32558139534883723,316.18442728442733,-0.011923664736164597,399.69384765625,0.24904327392578124,0.7682137966156006,0.9087337584665721,0.55,1779451135493469935
75.0,0.029809128493070602,0.4343651235103607,0.3414735198020935,62.23080062866211,136.85394287109375,47.0,28.0,-0.25333333333333335,353.9969486531987,0.10624046454124585,295.07305908203125,-0.07789669036865235,0.7778850078582764,0.9075113186247799,0.55,1779451135524476089
63.0,0.009793901816010475,0.46072468161582947,0.39557740092277527,59.256343841552734,130.26895141601562,32.0,31.0,-0.015873015873015872,357.375,0.116796875,281.14874267578125,-0.1214101791381836,0.7407042980194092,0.8212620425160934,0.55,1779451135558291661
76.0,-0.09369071573019028,0.5297625064849854,0.48961198329925537,58.56889343261719,138.07968139648438,47.0,29.0,-0.23684210526315788,359.8885135135135,0.12465160472972965,239.7648468017578,-0.2507348537445068,0.7321111679077148,0.8531518009571899,1.0,1779451135591947231
71.0,-0.04964014142751694,0.49169492721557617,0.44062545895576477,61.115474700927734,141.90841674804688,42.0,29.0,-0.18309859154929578,352.23270440251576,0.10072720125786176,320.2041320800781,0.0006379127502441406,0.7639434337615967,0.8432791588506388,1.0,1779451135625608028
72.0,-0.031477268785238266,0.47893092036247253,0.40765249729156494,54.08015060424805,144.1006622314453,45.0,27.0,-0.25,347.8719512195122,0.08709984756097562,236.98233032226562,-0.2594302177429199,0.6760018825531006,0.8123753496094517,0.75,1779451135658952042
75.0,-0.10316580533981323,0.4829854369163513,0.45386555790901184,53.8080940246582,144.5060577392578,52.0,23.0,-0.38666666666666666,357.33672891907185,0.11667727787209951,296.60870361328125,-0.0730978012084961,0.6726011753082275,0.7557961269947631,0.5,1779451135725555221
69.0,0.005070271901786327,0.47804564237594604,0.42297905683517456,55.378047943115234,143.96180725097656,35.0,34.0,-0.014492753623188406,333.6699494949495,0.04271859217171716,251.19061279296875,-0.21502933502197266,0.6922255992889405,0.7350343460476294,0.75,1779451135758797365
78.0,-0.017205769196152687,0.5206506252288818,0.4651842415332794,51.06914520263672,148.22280883789062,41.0,37.0,-0.05128205128205128,330.5192307692308,0.03287259615384617,240.59332275390625,-0.24814586639404296,0.638364315032959,0.7055895445968662,0.55,1779451135792394298
69.0,-0.009398391470313072,0.5143932700157166,0.44788506627082825,54.75848388671875,148.8623504638672,39.0,30.0,-0.13043478260869565,329.90934065934067,0.030966689560439596,255.18386840820312,-0.20255041122436523,0.6844810485839844,0.6702470626616208,0.55,1779451135825196544
87.0,0.04062638431787491,0.40877169370651245,0.32872679829597473,57.40599060058594,155.4155731201172,57.0,30.0,-0.3103448275862069,351.27777777777777,0.09774305555555554,237.42181396484375,-0.2580568313598633,0.7175748825073243,0.6717127932776153,0.41250000000000003,1779451135857599220
67.0,-0.08067590743303299,0.5188440680503845,0.4558238089084625,56.2967529296875,140.11781311035156,37.0,30.0,-0.1044776119402985,343.099358974359,0.07218549679487189,270.3277587890625,-0.1552257537841797,0.7037094116210938,0.6488480633702586,0.55,1779451135894607013
72.0,-0.02814585715532303,0.5057409405708313,0.44893911480903625,53.55979919433594,135.9301300048828,40.0,32.0,-0.1111111111111111,344.0403225806452,0.07512600806451619,222.3489990234375,-0.3051593780517578,0.6694974899291992,0.6258536128269654,0.55,1779451135925828219
70.0,-0.07046643644571304,0.5189771056175232,0.4608648121356964,57.46726608276367,174.72264099121094,42.0,28.0,-0.2,337.39772727272725,0.054367897727272664,278.2552490234375,-0.13045234680175782,0.7183408260345459,0.569445425384347,0.55,1779451135959243335
75.0,0.03938920050859451,0.528894305229187,0.4499761462211609,55.49275207519531,157.99050903320312,39.0,36.0,-0.04,339.4188034188034,0.06068376068376065,247.62481689453125,-0.22617244720458984,0.6936594009399414,0.5915606788397715,0.55,1779451135991950064
61.0,-0.01741820015013218,0.555742084980011,0.4514425992965698,56.95027160644531,146.81961059570312,30.0,31.0,0.01639344262295082,302.61888111888106,-0.05431599650349668,210.22955322265625,-0.3430326461791992,0.7118783950805664,0.5500564216008694,1.0,1779451136025607240
79.0,0.03611299768090248,0.5389893054962158,0.4639183580875397,50.888431549072266,178.843505859375,37.0,42.0,0.06329113924050633,331.91111111111115,0.03722222222222236,236.98455810546875,-0.25942325592041016,0.6361053943634033,0.49926065773448464,1.0,1779451136058887848
66.0,0.05871027191777043,0.5528979329960948,0.4754759680893287,55.775909423828125,187.25918579101562,30.0,36.0,0.09090909090909091,343.34127789046653,0.0729414934077079,279.096435546875,-0.12782363891601561,0.6971988677978516,1.2701920544182062,0.5,1779451136091713894
76.0,0.017048122361302376,0.5041009187698364,0.4302772283554077,51.92931365966797,145.0655059814453,41.0,35.0,-0.07894736842105263,330.2925629290618,0.03216425915331804,223.57907104492188,-0.3013154029846191,0.6491164207458496,0.3005448123312565,0.55,1779451136125195185
81.0,-0.00942047405987978,0.5509544014930725,0.48044413328170776,52.476654052734375,191.3765869140625,42.0,39.0,-0.037037037037037035,322.4318181818182,0.007599431818181834,239.9196319580078,-0.25025115013122556,0.6559581756591797,0.40235496633182655,1.0,1779451136159313809
69.0,-0.042276207357645035,0.5878397226333618,0.49447837471961975,55.0821647644043,195.49424743652344,37.0,32.0,-0.07246376811594203,322.6517857142857,0.008286830357142883,238.60360717773438,-0.2543637275695801,0.6885270595550537,0.2941900071363112,1.0,1779451136191857342
65.0,-0.028382251039147377,0.5623908638954163,0.4673585891723633,57.14674758911133,196.7434844970703,39.0,26.0,-0.2,334.2782738095238,0.04461960565476186,228.50283813476562,-0.28592863082885744,0.7143343448638916,0.3436199589618437,1.0,1779451136226389115
66.0,0.0049079530872404575,0.5771523118019104,0.4930318295955658,56.31672286987305,209.3466033935547,41.0,25.0,-0.24242424242424243,308.52412875005945,-0.035862097656064226,209.78485107421875,-0.3444223403930664,0.7039590358734131,-1.1380194750373662,0.5,1779451136327949958
67.0,0.05900510773062706,0.48001572489738464,0.4164319634437561,54.69445037841797,110.0636215209961,37.0,30.0,-0.1044776119402985,371.65095899470896,0.1614092468584655,183.54661560058594,-0.42641682624816896,0.6836806297302246,-0.19186041073273413,0.5,1779451136360238208
71.0,0.038696009665727615,0.5425084829330444,0.4654836058616638,52.344627380371094,220.73513793945312,36.0,35.0,-0.014084507042253521,351.0022787290229,0.09688212102819663,212.92523193359375,-0.3346086502075195,0.6543078422546387,-1.1063844631031616,0.5,1779451136425413550
72.0,0.03983671963214874,0.5381367802619934,0.4750942587852478,53.71550750732422,163.1747589111328,40.0,32.0,-0.1111111111111111,338.5,0.0578125,233.49697875976562,-0.2703219413757324,0.6714438438415528,-1.1829172732306332,0.5,1779451136459327810
79.0,0.10455847531557083,0.5281168818473816,0.4566642642021179,52.60811996459961,148.9295196533203,46.0,33.0,-0.16455696202531644,344.75,0.07734375,208.8442840576172,-0.3473616123199463,0.6576014995574951,-1.1200691701919685,0.75,1779451136525025690
78.0,-0.037261925637722015,0.5736159086227417,0.4831283688545227,53.95475387573242,141.67568969726562,48.0,30.0,-0.23076923076923078,327.8435064935065,0.024510957792207754,222.54531860351562,-0.30454587936401367,0.6744344234466553,-0.4842790657612216,0.55,1779451136558648270
61.0,-0.0075431084260344505,0.5731218457221985,0.48520827293395996,55.75196838378906,152.16110229492188,35.0,26.0,-0.14754098360655737,323.18333333333334,0.009947916666666678,237.8128662109375,-0.2568347930908203,0.6968996047973632,-0.741159845030537,0.55,1779451136592020096
61.0,0.05020492523908615,0.5387308597564697,0.4681745171546936,56.35817337036133,204.29879760742188,35.0,26.0,-0.14754098360655737,338.2,0.05687499999999997,221.2598876953125,-0.3085628509521484,0.7044771671295166,-0.4172886341521033,0.5,1779451136625418510
77.0,-0.09471164643764496,0.5493506789207458,0.4688018262386322,53.88436508178711,140.2355194091797,51.0,26.0,-0.3246753246753247,325.075,0.015859374999999964,223.63082885742188,-0.30115365982055664,0.6735545635223389,-1.185141168552927,0.75,1779451136658374521
80.0,-0.08200906217098236,0.5259533524513245,0.4573419690132141,55.39393997192383,134.83323669433594,56.0,24.0,-0.4,328.8461111111111,0.027644097222222185,238.1688232421875,-0.2557224273681641,0.6924242496490478,-1.1949223857140354,0.5,1779451136696490470
85.0,-0.0710376650094986,0.5612702965736389,0.4739771783351898,57.76725769042969,125.59060668945312,57.0,28.0,-0.3411764705882353,318.599366359447,-0.004376980126728114,245.56256103515625,-0.23261699676513672,0.7220907211303711,-0.8781504793964496,1.0,1779451136727644108
94.0,-0.01986560970544815,0.544293224811554,0.47091901302337646,52.34923553466797,145.61936950683594,62.0,32.0,-0.3191489361702128,317.55035650623887,-0.00765513591800353,249.77291870117188,-0.2194596290588379,0.6543654441833496,-0.686707891234231,1.0,1779451136758858544
81.0,-0.15005642175674438,0.5388741493225098,0.4858187437057495,53.49361801147461,123.3693618774414,57.0,24.0,-0.4074074074074074,322.7391304347826,0.008559782608695698,243.92430114746094,-0.23773655891418458,0.6686702251434327,-0.5289352156659046,0.75,1779451136792293315
77.0,-0.07017358392477036,0.5464900732040405,0.47628214955329895,55.753177642822266,157.4706268310547,50.0,27.0,-0.2987012987012987,326.7606837606837,0.02112713675213662,250.5340118408203,-0.21708121299743652,0.6969147205352784,-1.1250753239910753,0.5,1779451136825850018
76.0,-0.08912152051925659,0.5374800562858582,0.4635068476200104,55.536319732666016,111.07205200195312,50.0,26.0,-0.3157894736842105,327.9688664596273,0.02490270768633529,248.82354736328125,-0.2224264144897461,0.6942039966583252,-0.7012475544355391,1.0,1779451136859134049
83.0,-0.10421252250671387,0.5498667359352112,0.4711717367172241,56.00041580200195,140.2355194091797,55.0,28.0,-0.3253012048192771,318.80125661375666,-0.003746073082010426,248.471923828125,-0.22352523803710939,0.7000051975250244,-1.0245276037330067,0.5,1779451136892273961
86.0,0.011415899731218815,0.5291098952293396,0.4520108103752136,53.24246597290039,115.52056121826172,54.0,32.0,-0.2558139534883721,316.97727272727275,-0.009446022727272662,240.95919799804688,-0.2470025062561035,0.6655308246612549,-1.0687875533078073,1.0,1779451136925814936
82.0,-0.13651977479457855,0.542875349521637,0.47891849279403687,52.70132064819336,126.28935241699219,55.0,27.0,-0.34146341463414637,327.4399509803922,0.02324984681372566,238.71600341796875,-0.2540124893188477,0.658766508102417,-1.2369759837167151,1.0,1779451136958295961
74.0,-0.178777277469635,0.5793124437332153,0.5107388496398926,56.58054733276367,123.13001251220703,46.0,28.0,-0.24324324324324326,319.70454545454544,-0.000923295454545503,250.68675231933594,-0.2166038990020752,0.7072568416595459,-0.7716414690614243,1.0,1779451136991831029
81.0,-0.11732552200555801,0.5305452942848206,0.4677305817604065,52.81449508666992,114.58621215820312,53.0,28.0,-0.30864197530864196,331.23148148148147,0.035098379629629584,256.2832336425781,-0.19911489486694336,0.660181188583374,-0.5730851301777202,0.75,1779451137058771006
83.0,-0.08733230829238892,0.5422449707984924,0.457669734954834,54.968727111816406,112.57886505126953,51.0,32.0,-0.2289156626506024,325.8065610859728,0.018145503393665052,269.65130615234375,-0.1573396682739258,0.6871090888977051,-1.2656717210968227,0.5,1779451137092159429
76.0,-0.11063750088214874,0.5335252285003662,0.4702508747577667,55.378726959228516,106.04244232177734,45.0,31.0,-0.18421052631578946,330.05263157894734,0.031414473684210444,272.59930419921875,-0.1481271743774414,0.6922340869903565,-1.2684742094052228,0.75,1779451137125657572
80.0,-0.11253627389669418,0.5361624360084534,0.4653224050998688,54.39886474609375,112.57886505126953,50.0,30.0,-0.25,338.36470588235295,0.05738970588235297,274.5814208984375,-0.14193305969238282,0.6799858093261719,-1.2314556621562076,0.75,1779451137157808467
83.0,-0.10535221546888351,0.5273175239562988,0.4564278721809387,57.345584869384766,112.27198791503906,56.0,27.0,-0.3493975903614458,339.13924466338256,0.059810139573070485,280.6042785644531,-0.12311162948608398,0.7168198108673096,-1.2246208577956579,0.75,1779451137192058932
85.0,-0.11958397924900055,0.5355381369590759,0.45485609769821167,56.198787689208984,110.49434661865234,61.0,24.0,-0.43529411764705883,333.0757575757576,0.040861742424242564,268.7926330566406,-0.16002302169799804,0.7024848461151123,-1.10590569546986,0.75,1779451137226146948
85.0,-0.12551148235797882,0.540282666683197,0.483680784702301,53.70634841918945,115.95257568359375,53.0,32.0,-0.24705882352941178,346.38647642679905,0.08245773883374703,276.54107666015625,-0.13580913543701173,0.6713293552398681,-1.2535033918626608,0.75,1779451137293196819
91.0,-0.10256795585155487,0.5284101963043213,0.4520377814769745,53.54264831542969,112.00892639160156,61.0,30.0,-0.34065934065934067,339.44108695652176,0.060753396739130494,284.0483703613281,-0.11234884262084961,0.669283103942871,-0.9416193389600958,1.0,1779451137326508567
84.0,-0.0699513629078865,0.5167310833930969,0.4483462870121002,56.7155647277832,107.35455322265625,55.0,29.0,-0.30952380952380953,340.5225464190981,0.06413295755968154,290.28887939453125,-0.09284725189208984,0.70894455909729,-1.1728530143788725,0.5,1779451137359174093
90.0,-0.08596143126487732,0.512095034122467,0.44098666310310364,55.537445068359375,107.61505126953125,59.0,31.0,-0.3111111111111111,342.96264705882356,0.07175827205882364,293.66290283203125,-0.08230342864990234,0.6942180633544922,-1.3108069322680513,0.75,1779451137391445243
83.0,-0.059897784143686295,0.5398836135864258,0.4470391273498535,58.279502868652344,104.00961303710938,56.0,27.0,-0.3493975903614458,347.85578747628085,0.08704933586337767,300.8158264160156,-0.05995054244995117,0.7284937858581543,0.8747494439289163,1.0,1779451137428504490
89.0,-0.07810226827859879,0.5495219826698303,0.4869888722896576,52.69813919067383,101.96568298339844,62.0,27.0,-0.39325842696629215,343.25961538461536,0.07268629807692299,302.2319030761719,-0.05552530288696289,0.6587267398834229,0.9348456939798024,1.0,1779451137459780093
87.0,-0.09097591042518616,0.5287112593650818,0.4727298319339752,55.02507019042969,103.94229125976562,59.0,28.0,-0.3563218390804598,343.8095238095238,0.07440476190476186,305.4193115234375,-0.04556465148925781,0.6878133773803711,0.980614044469031,0.75,1779451137492459955
94.0,-0.08162882179021835,0.5443094968795776,0.4869363605976105,54.51934051513672,102.88343048095703,64.0,30.0,-0.3617021276595745,349.4920634920635,0.09216269841269842,308.1395263671875,-0.037063980102539064,0.681491756439209,0.8953968922971984,1.0,1779451137526534318
84.0,-0.1090075746178627,0.539958119392395,0.4895140826702118,52.35602569580078,100.16985321044922,57.0,27.0,-0.35714285714285715,355.66847826086956,0.11146399456521738,308.3624267578125,-0.03636741638183594,0.6544503211975098,0.8666027292956715,1.0,1779451137558824233
82.0,-0.09159018099308014,0.5589525103569031,0.507586658000946,54.73767852783203,94.02127075195312,54.0,28.0,-0.3170731707317073,344.2727272727273,0.07585227272727284,319.1305847167969,-0.0027169227600097657,0.6842209815979003,0.9601341669101422,0.75,1779451137591858176
79.0,-0.11784487217664719,0.578796923160553,0.495008260011673,55.951900482177734,108.25894927978516,54.0,25.0,-0.3670886075949367,354.57147497772496,0.1080358593053905,309.6627197265625,-0.032304000854492185,0.6993987560272217,0.7803825695568435,1.0,1779451137625276099
87.0,-0.07484296709299088,0.5416826009750366,0.4764375388622284,54.649070739746094,103.31021118164062,59.0,28.0,-0.3563218390804598,358.65999999999997,0.1208124999999999,321.1630859375,0.0036346435546875,0.6831133842468262,0.9192681406517283,0.55,1779451137658984336
85.0,-0.07314220070838928,0.5440979599952698,0.4818030893802643,57.708106994628906,110.30865478515625,53.0,32.0,-0.24705882352941178,360.0892857142857,0.12527901785714288,314.908447265625,-0.015911102294921875,0.7213513374328613,0.8513925347699666,0.75,1779451137692481460
78.0,-0.08936092257499695,0.5170717835426331,0.46857786178588867,54.32611083984375,109.77249145507812,49.0,29.0,-0.2564102564102564,376.32380952380953,0.17601190476190479,309.15643310546875,-0.033886146545410153,0.6790763854980468,0.8316003005978706,0.75,1779451137725596819
79.0,-0.1771049201488495,0.5068311095237732,0.47353923320770264,57.50996780395508,104.69479370117188,52.0,27.0,-0.31645569620253167,363.5110576923077,0.13597205528846157,323.5537414550781,0.01110544204711914,0.7188745975494385,0.8807248582291974,1.0,1779451137759714603
83.0,-0.14169380068778992,0.5430716276168823,0.4858035445213318,54.46559143066406,114.85643005371094,45.0,38.0,-0.08433734939759036,371.7424242424242,0.1616950757575756,320.1177062988281,0.0003678321838378906,0.6808198928833008,0.7539952301808638,1.0,1779451137790701559
70.0,-0.1203342154622078,0.49798738956451416,0.4707023501396179,56.367244720458984,111.64676666259766,41.0,29.0,-0.17142857142857143,381.541387111874,0.19231683472460617,323.80322265625,0.01188507080078125,0.7045905590057373,0.8618128948527023,0.55,1779451137825357691
76.0,-0.13983777165412903,0.503569483757019,0.4803302586078644,54.73073959350586,105.11898040771484,46.0,30.0,-0.21052631578947367,380.23738991874666,0.1882418434960833,320.77960205078125,0.002436256408691406,0.6841342449188232,0.8569746614880581,0.55,1779451137858761880
77.0,-0.10911345481872559,0.4984157383441925,0.47219210863113403,58.80724334716797,131.2288055419922,43.0,34.0,-0.11688311688311688,374.0426660561072,0.16888333142533493,330.31402587890625,0.03223133087158203,0.7350905418395997,0.776901404364591,0.41250000000000003,1779451137892428586
70.0,-0.1638951301574707,0.48581546545028687,0.47647884488105774,57.57156753540039,109.1650161743164,41.0,29.0,-0.17142857142857143,375.47911764705884,0.1733722426470589,331.55865478515625,0.03612079620361328,0.7196445941925049,0.8965068618167575,0.55,1779451137924822722
81.0,-0.10693638771772385,0.5362218618392944,0.49413058161735535,54.557682037353516,109.1650161743164,45.0,36.0,-0.1111111111111111,373.3777777777778,0.1668055555555556,335.56573486328125,0.04864292144775391,0.6819710254669189,0.8125216412186691,0.55,1779451138025047991
75.0,-0.11642852425575256,0.5456981062889099,0.5104116797447205,58.62970733642578,112.05802154541016,46.0,29.0,-0.22666666666666666,393.4167718855219,0.22942741214225587,335.4915466308594,0.048411083221435544,0.7328713417053223,0.773040337539693,1.0,1779451138058576189
76.0,-0.12385817617177963,0.5028262734413147,0.4713592529296875,53.42983627319336,111.40017700195312,42.0,34.0,-0.10526315789473684,365.88313525749857,0.143384797679683,321.24334716796875,0.0038854598999023436,0.667872953414917,0.5914329897695374,0.41250000000000003,1779451138125865805
74.0,-0.0798097774386406,0.5426092147827148,0.4999813437461853,54.138065338134766,116.46887969970703,38.0,36.0,-0.02702702702702703,383.417976760082,0.19818117737525628,327.89453125,0.02467041015625,0.6767258167266845,0.6401604890490582,0.55,1779451138158694839
73.0,-0.12016142159700394,0.5012873411178589,0.4716907739639282,53.91059494018555,115.03912353515625,40.0,33.0,-0.0958904109589041,374.82500000000005,0.17132812500000014,340.0545959472656,0.06267061233520507,0.6738824367523193,0.8023280647630274,0.55,1779451138191940814
74.0,-0.045997779816389084,0.49902501702308655,0.4595978856086731,52.063072204589844,114.49454498291016,36.0,38.0,0.02702702702702703,381.57608695652175,0.19242527173913046,322.13751220703125,0.006679725646972656,0.650788402557373,0.7499899935947317,0.41250000000000003,1779451138223946769
81.0,-0.12363724410533905,0.49042150378227234,0.46756401658058167,54.08881378173828,122.06555938720703,47.0,34.0,-0.16049382716049382,401.0405844155844,0.2532518262987013,358.5806579589844,0.12056455612182618,0.6761101722717285,0.801413478285735,0.55,1779451138324135760
84.0,-0.16375412046909332,0.4851280152797699,0.4608403742313385,50.314266204833984,118.96638488769531,48.0,36.0,-0.14285714285714285,373.0345454545455,0.1657329545454546,344.98980712890625,0.07809314727783204,0.6289283275604248,0.6582870653916048,0.55,1779451138357957022
72.0,-0.11026476323604584,0.48509907722473145,0.4434504210948944,54.63719177246094,116.73046112060547,40.0,32.0,-0.1111111111111111,377.6497198879552,0.18015537464986,329.57391357421875,0.029918479919433593,0.6829648971557617,0.7016501855943574,0.55,1779451138397687171
73.0,-0.10858850181102753,0.5159385800361633,0.46989890933036804,54.87317657470703,120.30377960205078,40.0,33.0,-0.0958904109589041,380.3245614035088,0.18851425438596509,354.06182861328125,0.10644321441650391,0.6859147071838378,0.6450350900507343,0.55,1779451138433433676
74.0,-0.06059546023607254,0.5128924250602722,0.4514913856983185,53.66904830932617,111.40017700195312,34.0,40.0,0.08108108108108109,385.1548618547869,0.203608943296209,370.3827209472656,0.15744600296020508,0.6708631038665771,0.6858055938449851,0.55,1779451138466875808
71.0,-0.17981372773647308,0.47185346484184265,0.44311222434043884,56.9773063659668,123.43824005126953,44.0,27.0,-0.23943661971830985,401.7894736842105,0.2555921052631579,379.35870361328125,0.1854959487915039,0.7122163295745849,0.6009274520988866,0.55,1779451138532510399
74.0,-0.1048348241192351,0.5346651311817323,0.47511077881325675,55.305301666259766,120.10828399658203,41.0,33.0,-0.10810810810810811,378.16696914700543,0.18177177858439197,366.5113525390625,0.1453479766845703,0.6913162708282471,0.6022630977279048,1.0,1779451138563730752
61.0,-0.13732202351093292,0.519829273223877,0.46897682547569275,56.47490310668945,123.22743225097656,32.0,29.0,-0.04918032786885246,386.5636724386725,0.20801147637085152,313.2789306640625,-0.021003341674804686,0.7059362888336181,0.4971502425382625,1.0,1779451138599249372
57.0,-0.09442801773548126,0.47291839122772217,0.4205606281757355,56.409332275390625,132.2006072998047,30.0,27.0,-0.05263157894736842,388.32000000000005,0.21350000000000016,282.4201354980469,-0.11743707656860351,0.7051166534423828,0.6651764657909347,0.41250000000000003,1779451138632868993
68.0,-0.1583622694015503,0.4576830565929413,0.4350086450576782,55.3531379699707,131.48764038085938,33.0,35.0,0.029411764705882353,373.09903846153844,0.16593449519230763,352.78497314453125,0.10245304107666016,0.6919142246246338,0.8377766304315798,0.75,1779451138666575131
68.0,-0.16519522666931152,0.454573392868042,0.4349827468395233,54.92799758911133,132.3782501220703,39.0,29.0,-0.14705882352941177,376.7024503722085,0.17719515741315153,320.636474609375,0.001988983154296875,0.6865999698638916,0.5797639289564589,0.5,1779451138702424688
62.0,-0.1263774037361145,0.5026657581329346,0.4423063099384308,57.64314651489258,130.14222717285156,32.0,30.0,-0.03225806451612903,392.7292490118577,0.2272789031620553,316.3038330078125,-0.011550521850585938,0.7205393314361572,0.5668763483960315,0.55,1779451138733738529
62.0,-0.12931260466575623,0.45570945739746094,0.4058082103729248,53.682491302490234,130.1768035888672,28.0,34.0,0.0967741935483871,358.9720286885246,0.1217875896516393,369.9601745605469,0.15612554550170898,0.671031141281128,0.6916945813274534,0.55,1779451138799162150
65.0,-0.13855217397212982,0.48214083909988403,0.4312705099582672,58.65184020996094,148.060791015625,26.0,39.0,0.2,367.9045504994451,0.149701720310766,324.9256591796875,0.015392684936523437,0.7331480026245117,0.5033535609814884,0.41250000000000003,1779451138898729833
62.0,-0.14205026626586914,0.48071473836898804,0.44207775592803955,58.481964111328125,139.11865234375,25.0,37.0,0.1935483870967742,357.53467806041334,0.1172958689387917,337.6112976074219,0.05503530502319336,0.7310245513916016,0.5471789954102158,0.41250000000000003,1779451138930647964
61.0,-0.09578254818916321,0.4684373438358307,0.42386308312416077,63.62678527832031,123.47064208984375,24.0,37.0,0.21311475409836064,313.8374384236453,-0.019258004926108362,281.2724609375,-0.1210235595703125,0.7953348159790039,0.6316802464791222,0.5,1779451138992653235
63.0,-0.1303267925977707,0.4726744592189789,0.42217347025871277,57.4036979675293,127.90621185302734,24.0,39.0,0.23809523809523808,334.3165124349335,0.044739101359167144,329.9754638671875,0.031173324584960936,0.7175462245941162,0.6658492121906201,0.55,1779451139158557760
62.0,-0.12420688569545746,0.5006095170974731,0.46012383699417114,60.699859619140625,140.08926391601562,25.0,37.0,0.1935483870967742,326.9096159317212,0.021592549786628723,337.8834228515625,0.055885696411132814,0.7587482452392578,0.6123394252882981,0.55,1779451139191630626
63.0,0.13237684965133667,0.46819135546684265,0.43937578797340393,76.15869903564453,271.48663330078125,26.0,37.0,0.1746031746031746,371.6157553107789,0.16129923534618412,282.48687744140625,-0.11722850799560547,0.9519837379455567,-0.35333386289335944,0.41250000000000003,1779451145123623652
70.0,0.07789795845746994,0.5012609362602234,0.4564196765422821,72.880615234375,217.70162963867188,41.0,29.0,-0.17142857142857143,344.3366618287373,0.07605206821480408,330.1246643066406,0.03163957595825195,0.9110076904296875,0.9106724481024733,0.5,1779451145589717954
53.0,0.18566815555095673,0.44530969858169556,0.38704755902290344,72.95429992675781,207.2920684814453,33.0,20.0,-0.24528301886792453,306.39434523809524,-0.042517671130952374,257.6023864746094,-0.1949925422668457,0.9119287490844726,-0.9452891350277841,0.41250000000000003,1779451147358822052
55.0,0.15889465808868408,0.41446465253829956,0.34164053201675415,54.849544525146484,199.04019165039062,40.0,15.0,-0.45454545454545453,282.1113699906804,-0.11840196877912383,188.7001495361328,-0.41031203269958494,0.685619306564331,-1.0556369718247163,0.55,1779451147994858001
45.0,0.017891239374876022,0.47681063413619995,0.3586360216140747,69.82093811035156,310.1950988769531,25.0,20.0,-0.1111111111111111,314.5558510638298,-0.017012965425531944,161.42886352539062,-0.4955348014831543,0.8727617263793945,1.2651547215948704,0.55,1779451149255640200
26.0,-0.1619899570941925,0.4707086682319641,0.34981122612953186,84.37831115722656,314.1592102050781,24.0,2.0,-0.8461538461538461,234.81094426406926,-0.26621579917478355,133.11959838867188,-0.5840012550354003,1.0,0.8378738380378743,0.5,1779451149856056453
29.0,-0.1031770259141922,0.4259933829307556,0.26827472448349,74.66828918457031,194.09275817871094,25.0,4.0,-0.7241379310344828,333.43325057295647,0.04197890804048896,151.25,-0.52734375,0.9333536148071289,0.8188235412293725,0.5,1779451149889216502
26.0,-0.1122664213180542,0.4841315448284149,0.35798436403274536,86.74665832519531,389.40081787109375,24.0,2.0,-0.8461538461538461,355.7107142857143,0.11159598214285715,180.11593627929688,-0.43713769912719724,1.0,0.6303422781851226,0.5,1779451151055630723
28.0,-0.14536094665527344,0.5026438236236572,0.398478239774704,75.74028015136719,333.26416015625,27.0,1.0,-0.9285714285714286,303.9263157894737,-0.050230263157894764,192.13145446777344,-0.39958920478820803,0.9467535018920898,0.6365482963213553,0.5,1779451151155259994
25.0,-0.10150006413459778,0.4972180724143982,0.3797984719276428,87.3622055053711,247.26705932617188,22.0,3.0,-0.76,330.59999999999997,0.03312499999999989,199.0921173095703,-0.3778371334075928,1.0,0.609747470326273,0.5,1779451151188364474
24.0,-0.11618832498788834,0.5059326887130737,0.39138829708099365,90.54427337646484,219.82266235351562,21.0,3.0,-0.75,281.5,-0.1203125,201.31805419921875,-0.3708810806274414,1.0,0.5838923734775451,0.5,1779451151221521511
25.0,-0.14160512387752533,0.5150505900382996,0.4102042317390442,100.5619125366211,395.1329040527344,22.0,3.0,-0.76,292.4117647058823,-0.08621323529411776,202.94427490234375,-0.3657991409301758,1.0,0.5856484048594495,0.5,1779451151255397984
23.0,-0.1733609437942505,0.53653883934021,0.43690788745880127,100.12503051757812,429.260986328125,19.0,4.0,-0.6521739130434783,350.13553113553115,0.09417353479853485,206.41290283203125,-0.35495967864990235,1.0,0.5782400697236108,0.5,1779451151288466964
24.0,-0.15106093883514404,0.5231273174285889,0.4232769012451172,89.35861206054688,325.779052734375,21.0,3.0,-0.75,283.4266666666667,-0.11429166666666664,211.2773895263672,-0.33975815773010254,1.0,0.5789266788397693,0.5,1779451151321883541
29.0,-0.06537437438964844,0.518524706363678,0.41606995463371277,81.9177017211914,263.491943359375,27.0,2.0,-0.8620689655172413,288.52197802197804,-0.09836881868131861,174.871826171875,-0.4535255432128906,1.0,0.5781891364909161,0.5,1779451151355423303
25.0,-0.15161782503128052,0.5242829918861389,0.43592819571495056,87.34097290039062,219.20994567871094,22.0,3.0,-0.76,417.60018315018317,0.30500057234432243,204.62289428710938,-0.3605534553527832,1.0,0.5634388630273364,0.5,1779451151421822340
27.0,-0.08755334466695786,0.5471604466438293,0.4592267572879791,90.68443298339844,425.0705871582031,23.0,4.0,-0.7037037037037037,286.34375,-0.10517578125,202.36036682128906,-0.36762385368347167,1.0,0.5009776752677586,0.5,1779451151489241239
28.0,-0.14232362806797028,0.5265955924987793,0.4395725131034851,95.4596939086914,449.2571716308594,23.0,5.0,-0.6428571428571429,424.5,0.3265625,217.38900756835938,-0.32065935134887696,1.0,0.4959989589762675,0.5,1779451151522329613
28.0,-0.12336388975381851,0.5386694669723511,0.4584207832813263,84.02631378173828,313.3129577636719,23.0,5.0,-0.6428571428571429,370.16924603174607,0.15677889384920646,197.17962646484375,-0.38381366729736327,1.0,0.5430204498917229,0.5,1779451151555653749
28.0,-0.09532306343317032,0.5329070687294006,0.43907859921455383,82.02205657958984,320.3825988769531,20.0,8.0,-0.42857142857142855,436.70582010582007,0.3647056878306877,178.90792846679688,-0.44091272354125977,1.0,0.4980852290484951,0.5,1779451151589463945
28.0,-0.14456617832183838,0.5298764109611511,0.44339415431022644,79.8603744506836,215.40658569335938,23.0,5.0,-0.6428571428571429,408.1761904761905,0.2755505952380954,203.50225830078125,-0.3640554428100586,0.9982546806335449,0.48991244376382026,0.5,1779451151622179823
28.0,-0.09361891448497772,0.5231164693832397,0.43031707406044006,88.15754699707031,323.0108337402344,23.0,5.0,-0.6428571428571429,305.8395833333333,-0.0442513020833335,185.10035705566406,-0.4215613842010498,1.0,0.5041811116918496,0.5,1779451151655501394
31.0,-0.0747327208518982,0.535103976726532,0.4519573748111725,80.2940902709961,343.233154296875,26.0,5.0,-0.6774193548387096,298.5537878787879,-0.06701941287878785,171.77597045898438,-0.46320009231567383,1.0,0.4697419301076775,0.5,1779451151688007933
30.0,-0.09770800918340683,0.5333185791969299,0.44741228222846985,79.77949523925781,386.64971923828125,26.0,4.0,-0.7333333333333333,311.0,-0.028125,128.74745178222656,-0.597664213180542,0.9972436904907227,0.4715104079628605,0.5,1779451151721262646
26.0,-0.11346641182899475,0.5457320809364319,0.4569112956523895,82.55501556396484,309.0064697265625,21.0,5.0,-0.6153846153846154,298.1534498207885,-0.06827046931003586,219.4358367919922,-0.31426301002502444,1.0,0.4568375024426585,0.5,1779451151755438387
30.0,-0.004025861620903015,0.5179862380027771,0.43258801102638245,78.89383697509766,316.0775146484375,22.0,8.0,-0.4666666666666667,303.75,-0.05078125,208.0078125,-0.3499755859375,0.9861729621887207,0.4659263633469931,0.5,1779451151788365158
32.0,-0.11645837128162384,0.5365145802497864,0.4613593518733978,78.51661682128906,212.51353454589844,25.0,7.0,-0.5625,318.7857142857143,-0.0037946428571428827,205.37042236328125,-0.3582174301147461,0.9814577102661133,0.4437866363021898,0.5,1779451151855557388
37.0,-0.03403715416789055,0.5104311108589172,0.42692723870277405,85.29148864746094,357.2590026855469,25.0,12.0,-0.35135135135135137,316.5,-0.0109375,114.1016845703125,-0.6434322357177734,1.0,0.417328237627367,0.5,1779451151988832385
38.0,-0.054685354232788086,0.5150942802429199,0.4309636652469635,83.0888900756836,356.2709655761719,28.0,10.0,-0.47368421052631576,325.89166666666665,0.018411458333333287,45.471405029296875,-0.8579018592834473,1.0,0.4288252173457744,0.5,1779451152021729666
32.0,-0.0316728912293911,0.5445296764373779,0.46622949838638306,87.57145690917969,370.567138671875,23.0,9.0,-0.4375,318.8690476190476,-0.003534226190476275,135.21066284179688,-0.5774666786193847,1.0,0.3875585290934396,0.5,1779451152088537994
36.0,0.07510551810264587,0.4616175889968872,0.40315473079681396,75.34765625,352.3194580078125,25.0,11.0,-0.3888888888888889,320.8547273982057,0.0026710231193927568,-97.99078369140625,-1.3062211990356445,0.941845703125,1.2571579119124918,0.75,1779451152122122697
32.0,-0.03822297975420952,0.5497998595237732,0.4720105528831482,84.79647827148438,321.7359313964844,22.0,10.0,-0.375,333.1043103448276,0.04095096982758619,52.16797637939453,-0.8369750738143921,1.0,1.2305794153109026,0.5,1779451152257528830
34.0,0.0657605305314064,0.4914065897464752,0.4339498281478882,78.36553955078125,238.53721618652344,22.0,12.0,-0.29411764705882354,345.240625,0.07887695312500007,-265.5325012207031,-1.8297890663146972,0.9795692443847657,1.1997589112414169,0.75,1779451152424822757
34.0,0.1251825988292694,0.4177751839160919,0.3900098204612732,82.03510284423828,276.92779541015625,22.0,12.0,-0.29411764705882354,349.1909090909091,0.0912215909090909,-279.92218017578125,-1.8747568130493164,1.0,1.1935666637498228,0.41250000000000003,1779451152458256835
29.0,0.07127422094345093,0.5319902300834656,0.48054319620132446,89.88367462158203,349.2921447753906,16.0,13.0,-0.10344827586206896,354.25757575757575,0.10705492424242422,273.3855895996094,-0.1456700325012207,1.0,1.191871916148804,0.5,1779451152590308546
40.0,0.18220102787017822,0.4864271879196167,0.47641849517822266,82.51210021972656,299.2022705078125,16.0,24.0,0.2,373.84425357251445,0.16826329241410765,-156.56956481933594,-1.4892798900604247,1.0,1.2104167232515122,0.41250000000000003,1779451152921159420
46.0,0.21558962762355804,0.5242144465446472,0.5051926970481873,86.04045104980469,267.22650146484375,23.0,23.0,0.0,354.78549208144796,0.10870466275452487,77.20085906982422,-0.7587473154067993,1.0,-0.3765223499151254,0.55,1779451154654711184
49.0,0.18652139604091644,0.5095935463905334,0.48914220929145813,79.27812194824219,240.2353057861328,22.0,27.0,0.10204081632653061,356.14892473118283,0.11296538978494634,75.73976135253906,-0.7633132457733154,0.9909765243530273,-0.4091428994585673,0.41250000000000003,1779451154688231192
42.0,0.3337346017360687,0.5161705017089844,0.5557822585105896,86.59004211425781,270.1425476074219,14.0,28.0,0.3333333333333333,372.0,0.1625,75.50727844238281,-0.7640397548675537,1.0,-0.43115149583171614,0.55,1779451154721372872
44.0,0.32277318835258484,0.510314404964447,0.5350767970085144,84.97127532958984,285.2455139160156,19.0,25.0,0.13636363636363635,367.875,0.149609375,121.2596435546875,-0.6210636138916016,1.0,-0.3423065210977716,0.55,1779451154754449653
52.0,0.2875100076198578,0.48351573944091797,0.48518937826156616,87.08889770507812,249.947998046875,25.0,27.0,0.038461538461538464,380.3865511551155,0.18870797235973596,86.94198608398438,-0.7283062934875488,1.0,-0.38639377836368144,0.55,1779451154788859991
46.0,0.3270925283432007,0.5501399636268616,0.5588013529777527,87.11852264404297,260.5474853515625,21.0,25.0,0.08695652173913043,381.054993872549,0.19079685585171563,88.51167297363281,-0.7234010219573974,1.0,-0.36816679214261677,0.55,1779451154821242801
34.0,0.32841119170188904,0.5549750328063965,0.5872089266777039,96.56925201416016,250.19192504882812,11.0,23.0,0.35294117647058826,350.64831804281346,0.09577599388379206,95.0905532836914,-0.7028420209884644,1.0,-0.3954418811290845,0.55,1779451154855118886
44.0,0.28975898027420044,0.5450854301452637,0.5524836182594299,86.68325805664062,283.867919921875,19.0,25.0,0.13636363636363635,371.1326958955224,0.1597896746735074,110.93862915039062,-0.6533167839050293,1.0,-0.41693749817133474,0.55,1779451154888818402
44.0,0.25522950291633606,0.5715850591659546,0.5683632493019104,86.90221405029297,243.52822875976562,17.0,27.0,0.22727272727272727,374.4657894736842,0.17020559210526312,101.9667739868164,-0.6813538312911988,1.0,-0.4481105520197063,0.55,1779451154921954682
38.0,0.23144292831420898,0.560111403465271,0.5371454358100891,94.5633316040039,317.3704528808594,17.0,21.0,0.10526315789473684,363.2283406026962,0.1350885643834257,110.4889144897461,-0.6547221422195435,1.0,-0.41844910140583236,0.55,1779451154954220638
46.0,0.2665926516056061,0.5477595329284668,0.5307478308677673,93.95935821533203,286.2446594238281,23.0,23.0,0.0,390.2261904761905,0.21945684523809525,224.749267578125,-0.29765853881835935,1.0,-0.47953992375044574,0.55,1779451154988165042
46.0,0.2739918828010559,0.5127411484718323,0.49929937720298767,89.68193817138672,270.44036865234375,21.0,25.0,0.08695652173913043,381.478125,0.19211914062499993,223.6796112060547,-0.3010012149810791,1.0,-0.49451602413414825,0.55,1779451155027916706
50.0,0.33709076046943665,0.5821234583854675,0.5813305974006653,92.83307647705078,284.8613586425781,25.0,25.0,0.0,379.6810344827586,0.18650323275862063,137.35670471191406,-0.5707602977752686,1.0,-0.46566001796781464,0.55,1779451155059734443
43.0,0.37402936816215515,0.5949068069458008,0.6093206405639648,91.51899719238281,254.7174835205078,20.0,23.0,0.06976744186046512,408.0264922870557,0.2750827883970491,117.52439880371094,-0.6327362537384034,1.0,-0.49589999227748727,0.55,1779451155092827041
38.0,0.28115880489349365,0.588273286819458,0.5742862820625305,101.29802703857422,251.57504272460938,17.0,21.0,0.10526315789473684,368.2346272541863,0.15073321016933222,122.72721862792969,-0.6164774417877197,1.0,-0.42274960174934867,0.55,1779451155122727850
39.0,0.24652442336082458,0.5619734525680542,0.5461826324462891,97.1902847290039,288.4666442871094,18.0,21.0,0.07692307692307693,381.2535714285715,0.19141741071428592,135.93539428710938,-0.5752018928527832,1.0,-0.49553502688406387,0.55,1779451155154889260
38.0,0.2998208701610565,0.5388678312301636,0.5689735412597656,103.75434875488281,294.2940673828125,14.0,24.0,0.2631578947368421,369.2563852813853,0.15392620400432905,126.95186614990234,-0.6032754182815552,1.0,-0.5034327594997142,0.41250000000000003,1779451155188393458
36.0,0.22272497415542603,0.6598053574562073,0.6254591345787048,115.34590911865234,302.8349304199219,18.0,18.0,0.0,371.95480769230767,0.16235877403846147,137.95761108398438,-0.5688824653625488,1.0,-0.4963509663047231,0.55,1779451155254871285
34.0,0.21808452904224396,0.6178522706031799,0.584094226360321,120.84412384033203,273.748046875,14.0,20.0,0.17647058823529413,380.61772486772486,0.18943039021164018,139.39044189453125,-0.5644048690795899,1.0,-0.5341865044823206,0.55,1779451155288464707
42.0,0.3491170108318329,0.6136347651481628,0.5972740054130554,98.11128997802734,272.36004638671875,22.0,20.0,-0.047619047619047616,405.2387015571947,0.26637094236623343,147.6114044189453,-0.5387143611907959,1.0,-0.481567712031013,0.55,1779451155321564142
39.0,0.25518137216567993,0.6282932758331299,0.6027536988258362,101.80303955078125,245.74783325195312,16.0,23.0,0.1794871794871795,381.03572134387355,0.19073662919960482,146.54327392578125,-0.5420522689819336,1.0,-0.4936574667265675,0.55,1779451155354755593
36.0,0.2849683463573456,0.5943495035171509,0.5762178301811218,106.28787231445312,271.5308532714844,15.0,21.0,0.16666666666666666,387.46820557491293,0.2108381424216029,168.11154174804688,-0.4746514320373535,1.0,-0.5098404361643197,0.55,1779451155387653882
38.0,0.20262868702411652,0.6689430475234985,0.6094107627868652,108.83274841308594,307.58575439453125,21.0,17.0,-0.10526315789473684,388.13315217391306,0.21291610054347831,155.1005859375,-0.5153106689453125,1.0,-0.5241922543265656,0.55,1779451155421827984
40.0,0.19587863981723785,0.5659391283988953,0.49404507875442505,96.48208618164062,307.58575439453125,19.0,21.0,0.05,368.89402173913044,0.1527938179347826,183.0303497314453,-0.4280301570892334,1.0,-0.5273438444819487,0.55,1779451155455309462
43.0,0.21005380153656006,0.5970055460929871,0.5429707169532776,102.03080749511719,300.374755859375,20.0,23.0,0.06976744186046512,351.532476088726,0.0985389877772688,164.09310913085938,-0.48720903396606446,1.0,-0.5619423611083673,0.55,1779451155488490712
33.0,0.18017923831939697,0.6133065223693848,0.5547909140586853,116.83458709716797,308.4153137207031,14.0,19.0,0.15151515151515152,310.4541005914063,-0.029830935651855305,166.89346313476562,-0.4784579277038574,1.0,-0.5737701400613654,0.41250000000000003,1779451155520916410
38.0,0.12140045315027237,0.6314762234687805,0.5623543858528137,108.60401916503906,254.82542419433594,19.0,19.0,0.0,367.623046875,0.148822021484375,190.62318420410156,-0.40430254936218263,1.0,-0.6185504916356598,0.55,1779451155587494452
29.0,0.3174479007720947,0.6124826669692993,0.6231570839881897,118.13351440429688,240.2353057861328,11.0,18.0,0.2413793103448276,321.95047169811323,0.006095224056603854,175.6093292236328,-0.45122084617614744,1.0,-0.6032910867389091,0.55,1779451155621019427
31.0,0.2386397123336792,0.6648322939872742,0.6202640533447266,121.99667358398438,278.1833801269531,14.0,17.0,0.0967741935483871,330.3177419354838,0.0322429435483869,178.4748077392578,-0.44226622581481934,1.0,-0.5437685293916672,0.55,1779451155653990367
33.0,0.1444011777639389,0.6673519611358643,0.5896298885345459,126.96342468261719,260.0,18.0,15.0,-0.09090909090909091,326.9034090909091,0.021573153409091005,179.84542846679688,-0.43798303604125977,1.0,-0.5662333354654658,0.55,1779451155686985411
31.0,0.17795974016189575,0.584956705570221,0.513614296913147,110.36882019042969,304.8097839355469,15.0,16.0,0.03225806451612903,330.5925954592363,0.03310186081011342,184.06080627441406,-0.42480998039245604,1.0,-0.5946468844830365,0.41250000000000003,1779451155721319283
36.0,0.2200629860162735,0.6274518966674805,0.5707663297653198,109.86772155761719,267.80029296875,18.0,18.0,0.0,331.8588235294118,0.03705882352941181,188.3902587890625,-0.4112804412841797,1.0,-0.6148841781183176,0.55,1779451155754939159
31.0,0.06546182185411453,0.6873336434364319,0.5935389399528503,115.8918228149414,271.40008544921875,16.0,15.0,-0.03225806451612903,334.6758971291866,0.04586217852870807,189.19287109375,-0.40877227783203124,1.0,-0.6184220828084123,0.41250000000000003,1779451155788565375
38.0,0.12050648778676987,0.6397402882575989,0.5506914258003235,101.02152252197266,269.20068359375,18.0,20.0,0.05263157894736842,336.44584541062807,0.051393266908212706,219.83828735351562,-0.3130053520202637,1.0,-0.6200515923766005,0.41250000000000003,1779451155821894905
33.0,0.20006752014160156,0.6703971028327942,0.6068634390830994,118.04615020751953,288.1700744628906,13.0,20.0,0.21212121212121213,340.535176779742,0.0641724274366938,193.04568481445312,-0.396732234954834,1.0,-0.6005817197070737,0.55,1779451155854653065
32.0,0.1939922571182251,0.6493661999702454,0.5689589977264404,110.7470703125,285.0,14.0,18.0,0.125,336.3005698005698,0.05093928062678064,194.97274780273438,-0.39071016311645507,1.0,-0.6496393436653395,0.55,1779451155887926308
36.0,0.14166967570781708,0.6086691617965698,0.4937380254268646,105.1685791015625,269.20068359375,21.0,15.0,-0.16666666666666666,335.02754549926215,0.04696107968519421,202.26365661621094,-0.36792607307434083,1.0,-0.6099675950887393,0.55,1779451155920510077
39.0,0.20563171803951263,0.6109368801116943,0.5302284359931946,101.9908218383789,277.80029296875,20.0,19.0,-0.02564102564102564,348.61654135338347,0.08942669172932334,198.293701171875,-0.38033218383789064,1.0,-0.6253421922364455,0.55,1779451155955170699
35.0,0.18354487419128418,0.6450055837631226,0.5557831525802612,102.7088623046875,247.12142944335938,19.0,16.0,-0.08571428571428572,334.3532791878173,0.04485399746192904,205.04530334472656,-0.3592334270477295,1.0,-0.6589648118973419,0.55,1779451155990777009
34.0,-0.01450478844344616,0.7147149443626404,0.6071779131889343,106.43147277832031,288.1700744628906,19.0,15.0,-0.11764705882352941,310.8087858606557,-0.02872254418545097,207.72683715820312,-0.35085363388061525,1.0,-0.6751545697149375,0.41250000000000003,1779451156021923196
27.0,0.05991533026099205,0.805553138256073,0.7293853163719177,137.9938201904297,284.5645751953125,16.0,11.0,-0.18518518518518517,316.28801072340866,-0.011599966489347935,211.20968627929688,-0.33996973037719724,1.0,-0.642839029533711,0.55,1779451156053225831
32.0,0.13581028580665588,0.7066704034805298,0.6319239735603333,115.27560424804688,275.6011657714844,15.0,17.0,0.0625,294.7980769230769,-0.07875600961538468,219.50050354003906,-0.31406092643737793,1.0,-0.649733387528179,1.0,1779451156087554702
32.0,0.12682345509529114,0.7155831456184387,0.6372309923171997,105.43099975585938,295.60107421875,14.0,18.0,0.125,340.87349565632604,0.06522967392601889,218.69381713867188,-0.31658182144165037,1.0,-0.6751723592950202,1.0,1779451156120766067
32.0,0.15814250707626343,0.7346800565719604,0.661638617515564,112.51539611816406,287.0017395019531,16.0,16.0,0.0,324.47247584737715,0.013976487023053607,221.4066619873047,-0.3081041812896729,1.0,-0.6316570408019184,1.0,1779451156154253803
35.0,0.018804365769028664,0.7043226361274719,0.583489716053009,99.77517700195312,250.73690795898438,22.0,13.0,-0.2571428571428571,347.4893790849673,0.08590430964052284,225.8397979736328,-0.2942506313323975,1.0,-0.6462207149814484,1.0,1779451156186823518
34.0,0.0363285094499588,0.7381557822227478,0.6453147530555725,102.90474700927734,236.9219207763672,19.0,15.0,-0.11764705882352941,335.50105493276396,0.04844079666488739,227.17349243164062,-0.29008283615112307,1.0,-0.6777949103712474,0.55,1779451156221269965
31.0,0.02968641370534897,0.703043520450592,0.6089299321174622,113.6816635131836,291.56475830078125,16.0,15.0,-0.03225806451612903,344.311377245509,0.0759730538922156,225.40338134765625,-0.29561443328857423,1.0,-0.6448759174093068,0.41250000000000003,1779451156256217671
30.0,0.13529996573925018,0.6941470503807068,0.6049931049346924,117.44780731201172,298.774169921875,14.0,16.0,0.06666666666666667,326.55695688890665,0.020490490277833295,224.69317626953125,-0.29783382415771487,1.0,-0.664108937700219,1.0,1779451156287187768
34.0,0.0742143839597702,0.676555871963501,0.5654420852661133,118.7649917602539,257.1089172363281,19.0,15.0,-0.11764705882352941,327.343452817523,0.02294829005475929,225.7451934814453,-0.2945462703704834,1.0,-0.662556664937286,1.0,1779451156320659958
40.0,0.12993285059928894,0.6095393300056458,0.4939119219779968,107.89961242675781,326.7919921875,20.0,20.0,0.0,326.24082946099446,0.019502592065607692,230.6973876953125,-0.2790706634521484,1.0,-0.6344785894220477,0.55,1779451156354173482
31.0,0.13115914165973663,0.6576386094093323,0.5559561252593994,111.2874984741211,259.3260498046875,15.0,16.0,0.03225806451612903,333.1047356731319,0.04095229897853727,228.3018798828125,-0.28655662536621096,1.0,-0.6407972080159146,0.41250000000000003,1779451156387428239
36.0,0.09412351250648499,0.6377077698707581,0.5366489291191101,102.72974395751953,275.7535095214844,17.0,19.0,0.05555555555555555,342.6331541882876,0.07072860683839881,225.93301391601562,-0.2939593315124512,1.0,-0.6409624631442511,0.75,1779451156421252538
40.0,0.012948637828230858,0.6983068585395813,0.5850566625595093,100.9299087524414,334.5743713378906,22.0,18.0,-0.1,331.02700708382525,0.034459397136953916,227.36550903320312,-0.28948278427124025,1.0,-0.6316651059313372,0.55,1779451156454898643
38.0,0.138633131980896,0.6810081601142883,0.5819708704948425,106.96185302734375,297.9546813964844,19.0,19.0,0.0,327.3448196114709,0.022952561285846506,230.94178771972656,-0.2783069133758545,1.0,-0.5914860482790671,0.55,1779451156489591983
34.0,0.11072220653295517,0.6687723398208618,0.5495462417602539,109.74523162841797,330.96978759765625,19.0,15.0,-0.11764705882352941,330.6908844388819,0.033409013871505876,228.6295166015625,-0.2855327606201172,1.0,-0.602672735394337,0.55,1779451156520730847
40.0,0.09110766649246216,0.5839934349060059,0.4499187469482422,100.11780548095703,330.96978759765625,22.0,18.0,-0.1,336.12078035274817,0.05037743860233803,229.43399047851562,-0.2830187797546387,1.0,-0.6424988164373824,0.41250000000000003,1779451156553910978
36.0,0.06326578557491302,0.6937998533248901,0.5599735975265503,114.18795776367188,305.655029296875,21.0,15.0,-0.16666666666666666,319.84514999602135,-0.00048390626243328684,225.730224609375,-0.29459304809570314,1.0,-0.6211212649130671,0.55,1779451156588821990
36.0,0.06005384027957916,0.6547178626060486,0.5400235652923584,111.96622467041016,329.5769958496094,20.0,16.0,-0.1111111111111111,330.27045209735564,0.03209516280423639,228.7324981689453,-0.2852109432220459,1.0,-0.5450989304876087,0.5,1779451156620857346
33.0,0.15285608172416687,0.6171208620071411,0.5036476850509644,108.00875091552734,329.5769958496094,16.0,17.0,0.030303030303030304,341.3665324857471,0.06677041401795965,227.3164825439453,-0.2896359920501709,1.0,-0.6045447878322022,0.41250000000000003,1779451156653812352
36.0,0.1880350559949875,0.6407671570777893,0.561935305595398,104.95732116699219,269.9370422363281,16.0,20.0,0.1111111111111111,327.9938446969697,0.024980764678030277,228.31016540527344,-0.2865307331085205,1.0,-0.6252282235133699,0.55,1779451156687183156
35.0,0.07773709297180176,0.704053521156311,0.6053770780563354,112.7015151977539,302.0596008300781,18.0,17.0,-0.02857142857142857,317.8509513742072,-0.006715776955602415,227.6499786376953,-0.28859381675720214,1.0,-0.6126442517944575,1.0,1779451156722576129
31.0,0.16790273785591125,0.7161392569541931,0.6445868015289307,120.07444763183594,277.14617919921875,15.0,16.0,0.03225806451612903,322.8695540566157,0.008967356426924056,229.22653198242188,-0.28366708755493164,1.0,-0.562401270034988,0.55,1779451156754556874
34.0,0.1870281845331192,0.6459760665893555,0.5616843700408936,106.7978744506836,277.85247802734375,16.0,18.0,0.058823529411764705,315.34797594372213,-0.014537575175868334,228.10394287109375,-0.28717517852783203,1.0,-0.6148485991427156,0.55,1779451156787264702
36.0,0.12825287878513336,0.6141449809074402,0.5035350322723389,109.6164321899414,276.4416809082031,16.0,20.0,0.1111111111111111,335.02097278000895,0.04694053993752796,227.977783203125,-0.2875694274902344,1.0,-0.5797729623647412,0.41250000000000003,1779451156821189078
39.0,0.06339755654335022,0.6299171447753906,0.505221426486969,98.08745574951172,271.44244384765625,21.0,18.0,-0.07692307692307693,334.9725247079964,0.04678913971248875,224.84201049804688,-0.2973687171936035,1.0,-0.594581233177742,0.41250000000000003,1779451156854819210
44.0,0.14509613811969757,0.6459726095199585,0.5382986664772034,95.07189178466797,256.4527282714844,20.0,24.0,0.09090909090909091,316.30672043010753,-0.011541498655913963,239.36453247070312,-0.2519858360290527,1.0,-0.582024871894201,0.55,1779451156887752041
37.0,0.19608747959136963,0.6952826976776123,0.5992334485054016,105.44715118408203,277.83807373046875,20.0,17.0,-0.08108108108108109,340.5897959183674,0.06434311224489804,231.02130126953125,-0.27805843353271487,1.0,-0.5567281178239456,0.55,1779451156920847667
41.0,0.18381403386592865,0.588986337184906,0.47898218035697937,95.39065551757812,276.4416809082031,20.0,21.0,0.024390243902439025,357.0451343500363,0.11576604484386337,233.0234375,-0.2718017578125,1.0,-0.5353435135738591,0.55,1779451156955189626
41.0,0.23389460146427155,0.6621820330619812,0.5667099356651306,97.78660583496094,318.6424255371094,19.0,22.0,0.07317073170731707,317.46031746031747,-0.007936507936507908,232.71551513671875,-0.2727640151977539,1.0,-0.5358899964831768,1.0,1779451156989174467
45.0,0.16106432676315308,0.6602988839149475,0.5527890920639038,95.27186584472656,264.824462890625,21.0,24.0,0.06666666666666667,332.1428722298526,0.03794647571828946,229.95140075683594,-0.2814018726348877,1.0,-0.554270659597149,1.0,1779451157020716835
43.0,0.13249240815639496,0.6179002523422241,0.49458596110343933,93.28553009033203,295.62982177734375,21.0,22.0,0.023255813953488372,334.4569892473118,0.04517809139784941,290.3258972167969,-0.09273157119750977,1.0,-0.5058833992063568,1.0,1779451157054252964
44.0,0.1327243149280548,0.6351825594902039,0.5096878409385681,92.5542984008789,279.23468017578125,23.0,21.0,-0.045454545454545456,328.08385093167703,0.025262034161490733,256.2678527832031,-0.19916296005249023,1.0,-0.5487814413639307,0.55,1779451157087486326
45.0,0.2212386280298233,0.6914429664611816,0.5895769000053406,98.16905212402344,271.59161376953125,24.0,21.0,-0.06666666666666667,338.8404528478058,0.058876415149393145,229.02426147460938,-0.2842991828918457,1.0,-0.54515907311097,1.0,1779451157121062373
49.0,0.10722313076257706,0.6313044428825378,0.5025471448898315,96.08043670654297,318.6424255371094,22.0,27.0,0.10204081632653061,327.28000000000003,0.022750000000000093,285.1173095703125,-0.10900840759277344,1.0,-0.489771589794757,0.55,1779451157154147605
49.0,0.19691073894500732,0.5997929573059082,0.4993583559989929,92.11527252197266,269.20068359375,24.0,25.0,0.02040816326530612,329.0265416521341,0.028207942662919018,230.7413330078125,-0.2789333343505859,1.0,-0.4711269668362852,0.55,1779451157187309657
42.0,0.14681307971477509,0.5685235261917114,0.44339460134506226,104.97415924072266,317.8332824707031,21.0,21.0,0.0,324.91645729118864,0.015363929034964485,353.63507080078125,0.1051095962524414,1.0,-0.48794250860557864,0.55,1779451157221324310
44.0,0.12862779200077057,0.6513771414756775,0.5383400321006775,108.44149780273438,317.8332824707031,23.0,21.0,-0.045454545454545456,322.5844284243787,0.008076338826183438,228.48309326171875,-0.2859903335571289,1.0,-0.5230256838205163,1.0,1779451157254796069
52.0,0.10568838566541672,0.5756955146789551,0.44732123613357544,89.72036743164062,295.7972412109375,26.0,26.0,0.0,322.632543730365,0.008226699157390627,228.99142456054688,-0.28440179824829104,1.0,-0.5018545681177327,0.55,1779451157288858460
46.0,0.11541341990232468,0.6433866620063782,0.5115734338760376,93.90644073486328,303.6066589355469,26.0,20.0,-0.13043478260869565,319.94201183431954,-0.00018121301775142484,226.95057678222656,-0.29077944755554197,1.0,-0.4743500273851818,0.55,1779451157321962731
48.0,0.09780808538198471,0.6066450476646423,0.4512563645839691,93.0177230834961,264.824462890625,25.0,23.0,-0.041666666666666664,301.75736961451247,-0.05700821995464853,226.1823272705078,-0.2931802272796631,1.0,-0.49751064991592425,0.55,1779451157354898290
50.0,0.06110721454024315,0.6011061668395996,0.455281525850296,93.94869995117188,287.80029296875,27.0,23.0,-0.08,316.8877162740054,-0.009725886643733084,253.54510498046875,-0.20767154693603515,1.0,-0.4756949315420332,0.55,1779451157387540611
45.0,0.17272087931632996,0.679448127746582,0.5534570217132568,100.966796875,272.80029296875,25.0,20.0,-0.1111111111111111,325.1788334556126,0.016183854548789435,266.3088073730469,-0.1677849769592285,1.0,-0.42098569622612214,0.55,1779451157420918566
47.0,0.0843937024474144,0.5721102952957153,0.41586413979530334,91.16099548339844,311.4000549316406,25.0,22.0,-0.06382978723404255,315.8471734270201,-0.012977583040562202,225.60601806640625,-0.2949811935424805,1.0,-0.447467454290837,0.55,1779451157454121741
46.0,0.19563648104667664,0.5318335890769958,0.41250675916671753,86.65524291992188,258.64453125,20.0,26.0,0.13043478260869565,326.5769230769231,0.02055288461538467,225.75596618652344,-0.29451260566711424,1.0,-0.44916583910110164,0.55,1779451157488600238
49.0,0.1875745803117752,0.6215198636054993,0.46086567640304565,95.94156646728516,286.4000549316406,27.0,22.0,-0.10204081632653061,310.18168290043286,-0.03068224093614731,229.5225830078125,-0.28274192810058596,1.0,-0.41560213068690893,0.55,1779451157521451792
48.0,0.10280758142471313,0.5519365668296814,0.398184210062027,92.32254791259766,309.2005920410156,22.0,26.0,0.08333333333333333,319.8985593925525,-0.00031700189827343905,401.62945556640625,0.25509204864501955,1.0,-0.45535939840043843,1.0,1779451157554964113
42.0,0.16565975546836853,0.6321243643760681,0.4861980080604553,107.94011688232422,307.8002624511719,18.0,24.0,0.14285714285714285,320.00597524541183,1.8672641911976485e-05,227.69296264648438,-0.28845949172973634,1.0,-0.448504891122869,0.55,1779451157588442550
55.0,0.14115998148918152,0.6443227529525757,0.5006776452064514,95.09465026855469,305.6010437011719,28.0,27.0,-0.01818181818181818,335.435534591195,0.04823604559748436,261.57867431640625,-0.18256664276123047,1.0,-0.405302278137862,0.55,1779451157621986849
47.0,0.015703769400715828,0.6095067858695984,0.46178191900253296,94.63484954833984,275.0,21.0,26.0,0.10638297872340426,311.42887483422163,-0.026784766143057404,274.51861572265625,-0.1421293258666992,1.0,-0.4287753784067861,0.41250000000000003,1779451157654683991
47.0,0.11667264997959137,0.5628820061683655,0.4388984441757202,93.90516662597656,264.7810363769531,21.0,26.0,0.10638297872340426,315.09658171521033,-0.015323182139967705,227.93324279785156,-0.28770861625671384,1.0,-0.41043956982822116,0.41250000000000003,1779451157688409231
48.0,0.09918683022260666,0.6039609313011169,0.45957574248313904,94.57291412353516,252.41433715820312,24.0,24.0,0.0,317.8718927595332,-0.006650335126458806,225.02182006835938,-0.29680681228637695,1.0,-0.39971583428690916,0.55,1779451157721601011
48.0,0.1753847599029541,0.6083058714866638,0.4693202078342438,97.5931396484375,255.18032836914062,21.0,27.0,0.125,329.83489751040605,0.03073405472001891,228.3423309326172,-0.28643021583557127,1.0,-0.404583321611786,0.55,1779451157754602263
50.0,0.215895876288414,0.6206705570220947,0.5025274753570557,96.54064178466797,255.18032836914062,27.0,23.0,-0.08,316.6210036760611,-0.010559363512309083,225.0382080078125,-0.2967555999755859,1.0,-0.3934856110582121,0.55,1779451157787572626
49.0,0.16418254375457764,0.6416604518890381,0.5198426246643066,98.5726318359375,285.65887451171875,25.0,24.0,-0.02040816326530612,294.9687361008154,-0.07822269968495181,227.42662048339844,-0.2892918109893799,1.0,-0.4050350681173944,0.55,1779451157821001559
54.0,0.21056750416755676,0.7119643092155457,0.5836972594261169,95.40440368652344,251.57504272460938,31.0,23.0,-0.14814814814814814,317.7225255722886,-0.007117107586598159,223.76654052734375,-0.30072956085205077,1.0,-0.3939678201475377,0.55,1779451157855180337
60.0,0.14797034859657288,0.6022433638572693,0.4661210775375366,85.37478637695312,250.04998779296875,27.0,33.0,0.1,314.31146944188816,-0.017776657994099488,231.16705322265625,-0.2776029586791992,1.0,-0.38365161658710334,0.55,1779451157888454632
54.0,0.03603683412075043,0.5830584764480591,0.439221054315567,88.677978515625,229.0938720703125,29.0,25.0,-0.07407407407407407,303.4418604651163,-0.051744186046511584,225.74900817871094,-0.29453434944152834,1.0,-0.3915875695133978,0.41250000000000003,1779451157921234064
49.0,0.13838276267051697,0.6749966144561768,0.5503190755844116,92.97064208984375,256.5502014160156,27.0,22.0,-0.10204081632653061,287.2958851833416,-0.10220035880205743,289.7518005371094,-0.0945256233215332,1.0,-0.39565343263333164,0.55,1779451157954731915
52.0,0.08546376973390579,0.6133356094360352,0.46427103877067566,88.77193450927734,246.45486450195312,29.0,23.0,-0.11538461538461539,301.5036653687222,-0.05780104572274318,227.44761657714844,-0.28922619819641116,1.0,-0.3677364191101227,0.55,1779451157993037134
49.0,0.19967123866081238,0.6071320176124573,0.47863879799842834,93.21215057373047,257.93798828125,24.0,25.0,0.02040816326530612,327.23712283044057,0.022616008845126778,228.97091674804688,-0.2844658851623535,1.0,-0.366104681667105,0.55,1779451158023566743
46.0,0.1217290386557579,0.5747381448745728,0.4449891746044159,91.73283386230469,257.1089172363281,22.0,24.0,0.043478260869565216,302.2309857896148,-0.05552816940745373,231.1117706298828,-0.2777757167816162,1.0,-0.4156953284848229,0.55,1779451158055491816
45.0,0.25601646304130554,0.619567334651947,0.5164815187454224,101.48025512695312,257.1089172363281,21.0,24.0,0.06666666666666667,324.3432218309859,0.013572568221830927,229.89889526367188,-0.2815659523010254,1.0,-0.3542391987371869,0.55,1779451158088856261
47.0,0.2019871175289154,0.5889402627944946,0.4646346867084503,99.70662689208984,254.8921356201172,22.0,25.0,0.06382978723404255,323.8097748815166,0.011905546504739383,226.4020538330078,-0.2924935817718506,1.0,-0.3463424672136685,0.55,1779451158121573672
47.0,0.16976015269756317,0.6000991463661194,0.46243804693222046,96.06253051757812,241.35037231445312,23.0,24.0,0.02127659574468085,322.1923076923077,0.006850961538461498,355.84393310546875,0.11201229095458984,1.0,-0.32992635650646085,0.55,1779451158155019658
53.0,0.17137959599494934,0.6288111209869385,0.4930865466594696,95.52033233642578,257.8003234863281,29.0,24.0,-0.09433962264150944,324.701270541692,0.01469147044278749,317.397216796875,-0.008133697509765624,1.0,-0.3118941287229405,0.55,1779451158187282095
55.0,0.16217964887619019,0.5810226798057556,0.44331440329551697,88.87811279296875,265.6011962890625,29.0,26.0,-0.05454545454545454,319.9691615452151,-9.637017120276426e-05,337.40667724609375,0.054395866394042966,1.0,-0.32981335075420015,0.55,1779451158220820756
46.0,0.08686435967683792,0.5721612572669983,0.4316275715827942,98.84627532958984,270.0,22.0,24.0,0.043478260869565216,326.7438549582513,0.021074546744535284,228.0865020751953,-0.28722968101501467,1.0,-0.3123228707547506,0.75,1779451158254669169
45.0,0.1683240681886673,0.6184747815132141,0.5004236102104187,101.24729919433594,277.80029296875,21.0,24.0,0.06666666666666667,319.56193438914033,-0.0013689550339364587,229.32130432128906,-0.2833709239959717,1.0,-0.31146769396644086,0.55,1779451158288244747
50.0,0.14297528564929962,0.575594961643219,0.4436676800251007,93.69943237304688,282.80029296875,21.0,29.0,0.16,297.9964678178964,-0.0687610380690737,228.62969970703125,-0.28553218841552735,1.0,-0.33763832945406624,0.55,1779451158321570901
56.0,0.17444515228271484,0.5225319266319275,0.42253509163856506,85.9312515258789,290.0,23.0,33.0,0.17857142857142858,298.18773408239696,-0.06816333099250951,231.07249450683594,-0.2778984546661377,1.0,-0.32021268930373165,0.41250000000000003,1779451158354262650
58.0,0.21317195892333984,0.5586943626403809,0.446396142244339,88.58748626708984,261.33502197265625,26.0,32.0,0.10344827586206896,318.39719626168227,-0.005008761682242913,219.93948364257812,-0.31268911361694335,1.0,-0.2733863913382487,0.55,1779451158387329333
55.0,0.24206523597240448,0.5756052732467651,0.48210883140563965,91.60157775878906,259.12353515625,25.0,30.0,0.09090909090909091,320.4102097902098,0.0012819055944056855,228.9970703125,-0.2843841552734375,1.0,-0.2820271076284736,0.55,1779451158421570627
52.0,0.2218197137117386,0.5397157669067383,0.4515664279460907,88.18833923339844,253.05532836914062,20.0,32.0,0.23076923076923078,319.84935897435895,-0.00047075320512828255,229.6374053955078,-0.2823831081390381,1.0,-0.2777368635842,0.41250000000000003,1779451158453958144
50.0,0.22051581740379333,0.5689858198165894,0.4894510507583618,97.18286895751953,262.2403564453125,21.0,29.0,0.16,316.834962406015,-0.00989074248120314,229.61366271972656,-0.2824573040008545,1.0,-0.3270067905014318,0.41250000000000003,1779451158486539240
55.0,0.2565643787384033,0.54694002866745,0.47330737113952637,98.23799896240234,272.85345458984375,23.0,32.0,0.16363636363636364,335.40742397137745,0.048148199910554544,369.727783203125,0.15539932250976562,1.0,-0.2504394456717003,0.55,1779451158554216024
53.0,0.27079489827156067,0.518049955368042,0.4509136378765106,95.16482543945312,287.0627136230469,22.0,31.0,0.16981132075471697,317.21884735202497,-0.008691102024921982,366.57122802734375,0.14553508758544922,1.0,-0.3219073743906143,1.0,1779451158587047292
47.0,0.17408443987369537,0.5817384719848633,0.4576438069343567,104.40851593017578,330.65087890625,22.0,25.0,0.06382978723404255,417.5948858833474,0.3049840183854606,267.84527587890625,-0.16298351287841797,1.0,-0.27825219536361523,0.55,1779451158620765611
47.0,0.23976045846939087,0.6016075611114502,0.5226212739944458,109.10052490234375,292.0616455078125,20.0,27.0,0.14893617021276595,313.3611111111111,-0.020746527777777857,230.9532012939453,-0.2782712459564209,1.0,-0.2544249818860971,1.0,1779451158653433511
48.0,0.19717533886432648,0.5889702439308167,0.49852022528648376,97.7657470703125,290.6578674316406,22.0,26.0,0.08333333333333333,291.72822822822826,-0.08834928678678669,260.5048522949219,-0.18592233657836915,1.0,-0.2607150740996752,0.41250000000000003,1779451158687263631
45.0,0.21665340662002563,0.5996142625808716,0.5074269771575928,105.80155944824219,297.3919982910156,21.0,24.0,0.06666666666666667,286.4517469163446,-0.1048382908864232,231.16720581054688,-0.277602481842041,1.0,-0.31004268962114956,1.0,1779451158720578053
45.0,0.160141721367836,0.581681489944458,0.471658319234848,103.55351257324219,313.6701965332031,19.0,26.0,0.15555555555555556,244.98704481792717,-0.2344154849439776,345.21270751953125,0.07878971099853516,1.0,-0.2890241333935517,0.75,1779451158754019648
48.0,0.23972074687480927,0.5819579362869263,0.5036720633506775,104.164794921875,312.2579040527344,23.0,25.0,0.041666666666666664,291.1142126148705,-0.0902680855785297,288.41851806640625,-0.09869213104248047,1.0,-0.2788568339919756,0.75,1779451158787260398
47.0,0.16890788078308105,0.5525264143943787,0.43375980854034424,96.09170532226562,319.319580078125,22.0,25.0,0.06382978723404255,237.5813953488372,-0.25755813953488377,364.12420654296875,0.13788814544677735,1.0,-0.28748020019001375,0.75,1779451158822397357
39.0,0.24444739520549774,0.6093848943710327,0.5138758420944214,111.59066772460938,317.9072265625,19.0,20.0,0.02564102564102564,286.1614159512256,-0.10574557515242003,238.30856323242188,-0.25528573989868164,1.0,-0.2677971237922535,0.55,1779451158854959392
45.0,0.2025783509016037,0.5086352229118347,0.4226014018058777,101.57794189453125,322.81573486328125,21.0,24.0,0.06666666666666667,305.6754385964913,-0.04476425438596472,347.30828857421875,0.0853384017944336,1.0,-0.22567624980733286,0.5,1779451158921369732
47.0,0.14702989161014557,0.5732194185256958,0.4596950113773346,105.06583404541016,342.02484130859375,18.0,29.0,0.23404255319148937,327.4090909090909,0.023153409090908995,234.87527465820312,-0.26601476669311525,1.0,-0.25871309155844857,0.75,1779451158955183678
50.0,0.08543029427528381,0.5753681063652039,0.43193548917770386,103.52775573730469,342.02484130859375,23.0,27.0,0.08,362.5,0.1328125,234.25479125976562,-0.26795377731323244,1.0,-0.17662725692480422,0.41250000000000003,1779451158988421107
46.0,0.242777019739151,0.6112803816795349,0.526044487953186,100.8403091430664,342.02484130859375,16.0,30.0,0.30434782608695654,384.1702898550725,0.20053215579710154,233.13201904296875,-0.27146244049072266,1.0,-0.19903386070542875,1.0,1779451159020954451
44.0,0.11105744540691376,0.6554391384124756,0.5247481465339661,103.6075439453125,282.9911804199219,20.0,24.0,0.09090909090909091,407.4538914323087,0.2732934107259647,248.78916931152344,-0.22253384590148925,1.0,-0.20680968756242454,0.55,1779451159054050516
44.0,0.24058036506175995,0.6549903154373169,0.5973718166351318,106.64295196533203,290.8143615722656,20.0,24.0,0.09090909090909091,308.6009114583333,-0.035622151692708395,237.6146240234375,-0.25745429992675783,1.0,-0.1981826077895664,0.55,1779451159087533476
43.0,0.08783750981092453,0.66834956407547,0.5604721307754517,107.24488067626953,315.572509765625,20.0,23.0,0.06976744186046512,298.9,-0.06593750000000007,232.51588439941406,-0.27338786125183107,1.0,-0.1519049578603083,0.41250000000000003,1779451159120869301
39.0,0.07737962901592255,0.7018001675605774,0.6031705141067505,108.73634338378906,296.467529296875,20.0,19.0,-0.02564102564102564,286.60457334076966,-0.10436070831009481,232.44110107421875,-0.2736215591430664,1.0,-0.20528346167163217,0.75,1779451159154263193
40.0,0.2219715565443039,0.6851683855056763,0.6037467122077942,106.42236328125,312.0144348144531,20.0,20.0,0.0,274.5993827160494,-0.1418769290123457,238.93472290039062,-0.2533289909362793,1.0,-0.20782403505802005,0.55,1779451159187319338
40.0,0.24868342280387878,0.6503542065620422,0.5776759386062622,101.66900634765625,290.0827331542969,17.0,23.0,0.15,273.6875,-0.1447265625,232.61209106445312,-0.273087215423584,1.0,-0.17107765837837208,0.55,1779451159220490939
38.0,0.22533449530601501,0.6977718472480774,0.6450178027153015,107.40026092529297,307.7742614746094,21.0,17.0,-0.10526315789473684,279.8795044692679,-0.12537654853353786,231.7965850830078,-0.2756356716156006,1.0,-0.1468192075917996,0.55,1779451159253740936
36.0,0.1392451822757721,0.6826185584068298,0.5969444513320923,114.81387329101562,276.1756591796875,21.0,15.0,-0.16666666666666666,272.2171392872664,-0.14932143972729256,231.48959350585938,-0.2765950202941895,1.0,-0.2114849280053957,0.41250000000000003,1779451159287908845
31.0,0.19548778235912323,0.6797168850898743,0.5967113971710205,118.7609634399414,303.8321838378906,16.0,15.0,-0.03225806451612903,274.8735521235521,-0.14102014961389972,231.73141479492188,-0.27583932876586914,1.0,-0.17518992452579552,0.41250000000000003,1779451159321442658
37.0,0.12935306131839752,0.6597978472709656,0.5649980306625366,108.6927490234375,308.0584411621094,21.0,16.0,-0.13513513513513514,273.65199799434515,-0.1448375062676714,229.70669555664062,-0.282166576385498,1.0,-0.18993970018381134,0.41250000000000003,1779451159354517623
31.0,0.20975811779499054,0.7389258146286011,0.6573951244354248,113.729248046875,323.6788635253906,18.0,13.0,-0.16129032258064516,291.87593073593075,-0.0878877164502164,233.90158081054688,-0.269057559967041,1.0,-0.11251824714116253,0.55,1779451159387286847
33.0,0.1726408302783966,0.6889312863349915,0.6005062460899353,106.50516510009766,332.89788818359375,18.0,15.0,-0.09090909090909091,290.26550806480714,-0.0929202872974777,232.5103302001953,-0.27340521812438967,1.0,-0.10615526229418124,0.41250000000000003,1779451159420008715
31.0,0.19779138267040253,0.6919249892234802,0.6176999807357788,113.96222686767578,298.0738220214844,15.0,16.0,0.03225806451612903,264.32938024879616,-0.173970686722512,231.89166259765625,-0.27533855438232424,1.0,-0.1667498243650826,0.41250000000000003,1779451159552832834
34.0,0.21876923739910126,0.7273112535476685,0.6513035297393799,111.68274688720703,283.593017578125,18.0,16.0,-0.058823529411764705,291.07244766257253,-0.09039860105446085,233.85586547851562,-0.26920042037963865,1.0,-0.13137755469559453,1.0,1779451159587348016
32.0,0.11961212009191513,0.6800947189331055,0.5953412055969238,104.30899047851562,304.7950134277344,14.0,18.0,0.125,262.2172131147541,-0.18057120901639348,231.7047119140625,-0.2759227752685547,1.0,-0.09607806391604033,0.5,1779451159653791673
36.0,0.23074081540107727,0.6872599124908447,0.5837154984474182,99.7532958984375,307.61663818359375,19.0,17.0,-0.05555555555555555,282.16577540106954,-0.11823195187165769,230.86029052734375,-0.2785615921020508,1.0,-0.1004883996074156,0.55,1779451159754517689
32.0,0.1839236319065094,0.7484277486801147,0.6655294895172119,105.941650390625,291.34344482421875,17.0,15.0,-0.0625,287.7296037296037,-0.10084498834498845,232.11224365234375,-0.27464923858642576,1.0,-0.09907182693328395,0.55,1779451159787153812
30.0,0.26257044076919556,0.766897439956665,0.7197936177253723,115.03882598876953,275.726318359375,16.0,14.0,-0.06666666666666667,278.95174283401974,-0.12827580364368832,231.619140625,-0.276190185546875,1.0,-0.09857286552681892,1.0,1779451159820759748
30.0,0.16361919045448303,0.7268790006637573,0.6323105096817017,107.8580093383789,304.1397705078125,17.0,13.0,-0.13333333333333333,266.9193548387097,-0.16587701612903222,232.3377227783203,-0.273944616317749,1.0,-0.07115388584186473,0.75,1779451159854232877
28.0,0.1579301357269287,0.711192786693573,0.6176387667655945,120.70252990722656,316.8359069824219,16.0,12.0,-0.14285714285714285,265.67766608391605,-0.16975729348776233,230.09400939941406,-0.28095622062683107,1.0,-0.11299713803847009,0.75,1779451159887424814
36.0,0.2922622263431549,0.7890773415565491,0.6945566534996033,101.23055267333984,318.24676513671875,20.0,16.0,-0.1111111111111111,276.691008285681,-0.13534059910724688,230.71224975585938,-0.27902421951293943,1.0,-0.09567488914408659,1.0,1779451159920913003
34.0,0.14298392618265374,0.7798767402122597,0.6585023556049941,96.20816802978516,306.205810546875,20.0,14.0,-0.17647058823529413,275.18968095712864,-0.140032247008973,229.2154998779297,-0.28370156288146975,1.0,-0.06376907367650919,1.0,1779451159953505876
35.0,0.15083183348178864,0.7264167666435242,0.6077399253845215,100.82876586914062,316.8359069824219,20.0,15.0,-0.14285714285714285,266.0576923076923,-0.1685697115384615,230.5900421142578,-0.2794061183929443,1.0,-0.05873472400704215,1.0,1779451159988444368
29.0,-0.009580311365425587,0.6893115639686584,0.5796269178390503,111.03047180175781,311.19287109375,18.0,11.0,-0.2413793103448276,249.41789215686276,-0.22056908700980388,227.65142822265625,-0.2885892868041992,1.0,-0.0358269761657177,0.5,1779451160020199906
25.0,0.0075425569615882185,0.8637857474959257,0.7720757682718713,125.6489028930664,321.82293701171875,15.0,10.0,-0.2,259.1181633184971,-0.1902557396296965,229.95989990234375,-0.2813753128051758,1.0,-0.03471867906775748,1.0,1779451160053134449
28.0,0.19990109845631704,0.8007732516611287,0.6778117846162562,119.15716552734375,298.39739990234375,17.0,11.0,-0.21428571428571427,270.74337027167553,-0.15392696790101396,228.38421630859375,-0.2862993240356445,1.0,-0.05299586450335193,1.0,1779451160086467687
31.0,0.0548525409914041,0.7373627798260446,0.6171749365825598,112.87943267822266,250.3157958984375,19.0,12.0,-0.22580645161290322,256.7770721181652,-0.19757164963073368,227.39801025390625,-0.289381217956543,1.0,-0.026261467224256443,0.75,1779451160119774151
31.0,0.24423182798160495,0.6615686815489648,0.5679309177702264,92.87405395507812,250.89041137695312,18.0,13.0,-0.16129032258064516,246.6830985915493,-0.2291153169014084,227.0,-0.290625,1.0,-0.012265144338804893,0.75,1779451160153137365
34.0,0.1537535036128043,0.7259127691256507,0.5902748058712086,102.26818084716797,248.90158081054688,20.0,14.0,-0.17647058823529413,272.1983373823262,-0.14938019568023062,227.34893798828125,-0.2895345687866211,1.0,0.00882924182329961,1.0,1779451160187158947
35.0,0.20885111679618404,0.6935117713571907,0.599791651864696,104.9426040649414,231.04112243652344,21.0,14.0,-0.2,265.3205128205128,-0.17087339743589744,226.0,-0.29375,1.0,-1.2837210050168073,0.5,1779451160220127246
34.0,0.2896983617549929,0.7520268566899849,0.6748487239994166,101.84205627441406,282.5260925292969,19.0,15.0,-0.11764705882352941,263.971187805707,-0.17509003810716556,228.33444213867188,-0.2864548683166504,1.0,-1.2780003458713665,0.5,1779451160252831195
30.0,0.025522151961922646,0.8109322190284729,0.7280386686325073,113.53771209716797,306.6088562011719,17.0,13.0,-0.13333333333333333,236.70691277836693,-0.2602908975676034,228.62222290039062,-0.2855555534362793,1.0,-1.2583976222513447,0.5,1779451160320320093
36.0,0.08047740420457246,0.7185568388776151,0.575590413170621,105.53666687011719,301.62890625,25.0,11.0,-0.3888888888888889,235.9350367189037,-0.26270301025342596,226.0764923095703,-0.29351096153259276,1.0,0.013935612929870028,1.0,1779451160353941497
35.0,0.21978220562827144,0.7969281887147527,0.6800692684520439,103.18253326416016,309.433349609375,22.0,13.0,-0.2571428571428571,258.0741805023414,-0.19351818593018316,224.0245361328125,-0.29992332458496096,1.0,-0.009993484721458418,1.0,1779451160386805420
40.0,0.0720008870151477,0.7335876493691138,0.5656308344190827,94.90882110595703,273.3093566894531,26.0,14.0,-0.3,257.4849310094408,-0.1953595905954975,226.9081573486328,-0.29091200828552244,1.0,0.02714239781461672,1.0,1779451160421462862
41.0,0.10118944942951202,0.6659243106842041,0.5046555399894714,87.64205169677734,273.3093566894531,26.0,15.0,-0.2682926829268293,244.16212772734514,-0.23699335085204645,227.51185607910156,-0.28902544975280764,1.0,0.023419864670198215,1.0,1779451160453535506
30.0,0.12543568015098572,0.6986806988716125,0.6142913699150085,116.76528930664062,256.0078125,16.0,14.0,-0.06666666666666667,231.69758064516128,-0.275945060483871,224.9539794921875,-0.29701881408691405,1.0,-1.287949119162417,0.5,1779451160487126089
45.0,0.037251777946949005,0.6278191208839417,0.4755832552909851,88.18805694580078,315.572509765625,23.0,22.0,-0.022222222222222223,246.7009652278732,-0.22905948366289622,287.451171875,-0.101715087890625,1.0,0.07652765528683891,0.75,1779451160553312702
47.0,0.08237027376890182,0.6621221303939819,0.5069842338562012,88.6357192993164,236.51638793945312,28.0,19.0,-0.19148936170212766,240.29330310610794,-0.2490834277934127,248.06405639648438,-0.22479982376098634,1.0,0.050357121564705676,1.0,1779451160587983620
44.0,0.16507497429847717,0.7058343887329102,0.5737526416778564,95.39910125732422,240.0104217529297,26.0,18.0,-0.18181818181818182,253.4757120439324,-0.2078883998627113,225.3031005859375,-0.2959278106689453,1.0,-1.254550937778033,0.5,1779451160621185564
39.0,0.10875254124403,0.6516098976135254,0.5111229419708252,95.78984069824219,222.87440490722656,23.0,16.0,-0.1794871794871795,239.73899108138238,-0.2508156528706801,226.36473083496094,-0.29261021614074706,1.0,-1.2408366828918682,0.5,1779451160653120119
49.0,0.060961104929447174,0.6079071760177612,0.44874125719070435,94.6851806640625,312.0144348144531,31.0,18.0,-0.2653061224489796,242.75859208798298,-0.2413793997250532,260.77593994140625,-0.18507518768310546,1.0,0.1532586472982162,0.75,1779451160686495243
42.0,0.06188041716814041,0.6051045656204224,0.4689382016658783,96.97795867919922,310.6010437011719,26.0,16.0,-0.23809523809523808,227.45741023682197,-0.28919559300993136,227.52325439453125,-0.28898983001708983,1.0,0.10064061603879416,0.5,1779451160721061824
49.0,0.012639466673135757,0.5871029496192932,0.41558587551116943,84.6040267944336,251.87298583984375,28.0,21.0,-0.14285714285714285,249.79254955570747,-0.21939828263841415,329.6882629394531,0.030275821685791016,1.0,0.12410126134689567,0.75,1779451160753031381
44.0,0.10391080379486084,0.5687450170516968,0.4328309893608093,88.81265258789062,307.09283447265625,25.0,19.0,-0.13636363636363635,235.41386217948713,-0.26433168068910273,318.5951843261719,-0.004390048980712891,1.0,0.11363547174223773,0.5,1779451160787516306
45.0,0.15606173872947693,0.6071130633354187,0.47119441628456116,90.93474578857422,292.9095458984375,24.0,21.0,-0.06666666666666667,250.8621383002962,-0.21605581781157435,265.0820007324219,-0.17161874771118163,1.0,-1.26116971932787,0.5,1779451160820544921
45.0,0.15949755907058716,0.6245705485343933,0.5078754425048828,97.96905517578125,295.7363586425781,25.0,20.0,-0.1111111111111111,248.67144097222223,-0.22290174696180554,224.74588012695312,-0.2976691246032715,1.0,-1.2596702402677065,0.5,1779451160856682241
42.0,0.08577423542737961,0.5899163484573364,0.4497900605201721,95.67498779296875,244.80604553222656,24.0,18.0,-0.14285714285714285,235.6117712616537,-0.2637132148073322,305.2510070800781,-0.04609060287475586,1.0,-1.2431367515664993,0.5,1779451160888201393
49.0,0.11322911083698273,0.5676078796386719,0.4395533502101898,79.17850494384766,263.9109802246094,27.0,22.0,-0.10204081632653061,259.09652509652506,-0.1903233590733592,268.625,-0.160546875,0.9897313117980957,-1.228928391955699,0.5,1779451160919560482
46.0,0.11083023250102997,0.6065682172775269,0.4589843451976776,87.07691955566406,249.7779083251953,26.0,20.0,-0.13043478260869565,268.2918988223376,-0.161587816180195,291.07427978515625,-0.09039287567138672,1.0,-1.2287770303840941,0.5,1779451160955587389
46.0,0.08605993539094925,0.6544238924980164,0.4945452809333801,97.28563690185547,276.5230407714844,27.0,19.0,-0.17391304347826086,249.04874100689318,-0.22172268435345882,250.64541625976562,-0.21673307418823243,1.0,0.1694370832127694,1.0,1779451160988784693
46.0,0.10682015866041183,0.6140007376670837,0.45799490809440613,91.18226623535156,214.841796875,26.0,20.0,-0.13043478260869565,227.9752161587527,-0.28757744950389785,253.40492248535156,-0.20810961723327637,1.0,-1.2204053838764977,0.75,1779451161021721377
48.0,0.11236000061035156,0.6272085309028625,0.4721219837665558,87.31417083740234,231.5361785888672,25.0,23.0,-0.041666666666666664,241.98583945787894,-0.24379425169412833,223.67906188964844,-0.30100293159484864,1.0,0.16186189183521132,1.0,1779451161053545755
44.0,0.08832503855228424,0.578100323677063,0.4411560893058777,97.5608139038086,273.6950988769531,23.0,21.0,-0.045454545454545456,283.0468601755218,-0.11547856195149446,229.2616424560547,-0.2835573673248291,1.0,-1.2479798886789113,0.5,1779451161086596089
48.0,0.09469129890203476,0.6339612603187561,0.4644801616668701,83.6959457397461,258.44342041015625,24.0,24.0,0.0,287.40713155359845,-0.10185271389500486,228.98446655273438,-0.2844235420227051,1.0,-1.2461620933764002,0.75,1779451161119469097
45.0,0.17468711733818054,0.6206663250923157,0.4661615490913391,88.31002044677734,270.4847412109375,26.0,19.0,-0.15555555555555556,303.14841320215805,-0.05266120874325608,228.78134155273438,-0.28505830764770507,1.0,-1.231642256513603,0.5,1779451161156590946
46.0,0.14480404555797577,0.6162524223327637,0.49025899171829224,89.20917510986328,273.3093566894531,21.0,25.0,0.08695652173913043,261.8959899749374,-0.1815750313283207,232.07762145996094,-0.27475743293762206,1.0,-1.2235698808087117,0.75,1779451161187608185
40.0,0.22847513854503632,0.6234574317932129,0.5100468993186951,91.10401916503906,232.948486328125,21.0,19.0,-0.05,355.2,0.10999999999999996,225.58473205566406,-0.2950477123260498,1.0,-1.1974295399129404,0.5,1779451161219805658
49.0,0.10268866270780563,0.6122021079063416,0.465751051902771,81.52670288085938,218.52459716796875,25.0,24.0,-0.02040816326530612,235.09210526315792,-0.2653371710526315,228.61758422851562,-0.2855700492858887,1.0,0.21817888050076073,0.75,1779451161254488949
45.0,0.15495863556861877,0.645788848400116,0.5014059543609619,88.14906311035156,223.06277465820312,25.0,20.0,-0.1111111111111111,299.45652173913044,-0.06419836956521738,228.8323974609375,-0.2848987579345703,1.0,-1.219496508795165,1.0,1779451161287233970
44.0,0.21199823915958405,0.6145849823951721,0.5046882629394531,89.26494598388672,271.5621337890625,21.0,23.0,0.045454545454545456,231.5,-0.2765625,304.45562744140625,-0.04857616424560547,1.0,-1.229570309673418,0.5,1779451161319861301
36.0,0.10425583273172379,0.6547362804412842,0.4973660111427307,104.6521224975586,283.593017578125,18.0,18.0,0.0,228.25,-0.28671875,225.65110778808594,-0.29484028816223146,1.0,-1.2048198990370558,1.0,1779451161354223186
44.0,0.05982561409473419,0.6393676400184631,0.48161211609840393,90.25890350341797,246.10972595214844,22.0,22.0,0.0,228.27192982456143,-0.2866502192982455,323.37628173828125,0.010550880432128906,1.0,-1.1966754083745543,1.0,1779451161419952895
41.0,0.08647453784942627,0.6538668274879456,0.47794318199157715,88.78337097167969,267.91790771484375,22.0,19.0,-0.07317073170731707,291.75,-0.08828125,224.12838745117188,-0.29959878921508787,1.0,-1.2080118652945566,1.0,1779451161487130131
38.0,0.08436787657511997,0.6902845554313077,0.5102877485548809,92.47236633300781,243.8360137939453,21.0,17.0,-0.10526315789473684,290.21135118685334,-0.09308952754108332,237.52679443359375,-0.25772876739501954,1.0,-1.2060071579334581,0.75,1779451161553764602
47.0,0.11122976065416175,0.671531492478063,0.48930446356000945,87.0645751953125,261.6295166015625,24.0,23.0,-0.02127659574468085,292.75,-0.08515625,227.31040954589844,-0.2896549701690674,1.0,-1.2668840850918262,1.0,1779451161586737495
42.0,0.06382161378860474,0.6091260313987732,0.44275984168052673,90.49961853027344,223.98660278320312,24.0,18.0,-0.14285714285714285,224.34057971014494,-0.2989356884057971,322.6844482421875,0.008388900756835937,1.0,-1.2640484944033878,0.55,1779451161620250719
39.0,0.06958404928445816,0.591903567314148,0.4101410210132599,91.6221694946289,258.80108642578125,21.0,18.0,-0.07692307692307693,355.312,0.11035000000000003,228.1702117919922,-0.2869680881500244,1.0,-1.137203226871783,0.5,1779451161652784236
47.0,0.19129229404607875,0.611328502847078,0.4883812496741898,87.96927642822266,214.5530242919922,24.0,23.0,-0.02127659574468085,226.88062528267756,-0.29099804599163265,228.73617553710938,-0.2851994514465332,1.0,-1.2284211215050995,1.0,1779451161686182320
42.0,0.14101508344614544,0.6076195677413943,0.4467095020063268,91.80230712890625,233.34524536132812,24.0,18.0,-0.14285714285714285,223.1969696969697,-0.30250946969696973,234.48214721679688,-0.2672432899475098,1.0,-1.2644186163045317,0.55,1779451161720956366
42.0,0.06026888093535267,0.6287472101077012,0.4736271137400598,95.21659088134766,240.58470153808594,24.0,18.0,-0.14285714285714285,222.571914156225,-0.30446276826179686,227.09829711914062,-0.29031782150268554,1.0,-1.265750113258011,0.55,1779451161753951211
43.0,0.06977067013338314,0.6526066677755906,0.4725410117889258,91.7669448852539,231.25094604492188,24.0,19.0,-0.11627906976744186,220.09302469182623,-0.312209297838043,225.13882446289062,-0.2964411735534668,1.0,-1.1763339534858872,0.5,1779451161787475622
41.0,0.09297136563219424,0.6535595237097815,0.47950621240615593,93.80857849121094,262.6061706542969,25.0,16.0,-0.21951219512195122,286.22270889487874,-0.10555403470350395,313.45648193359375,-0.02044849395751953,1.0,-1.2657898916570491,1.0,1779451161820557916
50.0,0.13018047314623388,0.599025613053903,0.4603100922379831,85.14242553710938,237.76669311523438,26.0,24.0,-0.04,263.5628993170302,-0.17636593963428063,347.04376220703125,0.08451175689697266,1.0,-1.264800834420436,0.55,1779451161853230368
48.0,0.07595668586166981,0.6343355000973726,0.46945538550811294,93.0625,261.1972351074219,25.0,23.0,-0.041666666666666664,265.25,-0.17109375,309.583740234375,-0.032550811767578125,1.0,-1.226025549451825,1.0,1779451161886873123
45.0,0.061399612575769424,0.6468328833580017,0.5031039118766785,91.55494689941406,227.1387176513672,23.0,22.0,-0.022222222222222223,219.41732283464566,-0.3143208661417323,267.40155029296875,-0.16437015533447266,1.0,-1.2399306619616952,0.55,1779451161920641481
46.0,0.09197857199036333,0.6575966787581761,0.4950755648367797,95.09473419189453,236.35777282714844,23.0,23.0,0.0,219.43419148056245,-0.31426815162324234,308.6741027832031,-0.03539342880249023,1.0,-1.251312954089382,0.55,1779451161953544519
49.0,0.07174730286194143,0.70712630902705,0.5296567094618913,90.11089324951172,218.52459716796875,26.0,23.0,-0.061224489795918366,352.45238095238096,0.1014136904761905,252.99156188964844,-0.20940136909484863,1.0,-1.242731241083138,0.55,1779451161986998434
45.0,0.08370930780409327,0.7158831076644512,0.5651465824521769,94.11600494384766,251.76576232910156,21.0,24.0,0.06666666666666667,223.92035130224107,-0.30024890218049666,226.76727294921875,-0.2913522720336914,1.0,-1.2361102483940087,0.55,1779451162019608524
43.0,0.05573335589127365,0.6637142079152575,0.5044729282111472,97.9129867553711,277.9370422363281,22.0,21.0,-0.023255813953488372,227.30769230769232,-0.2896634615384615,235.51028442382812,-0.26403036117553713,1.0,-1.093154187765323,0.5,1779451162052775058
46.0,0.11797972023487091,0.5969350934028625,0.4757867753505707,91.2174301147461,289.2490234375,20.0,26.0,0.13043478260869565,218.88826655052264,-0.3159741670296167,225.91650390625,-0.29401092529296874,1.0,-1.2188487002021806,0.55,1779451162087425521
48.0,-0.035639822483062744,0.6212250590324402,0.4850744903087616,87.31734466552734,287.83502197265625,25.0,23.0,-0.041666666666666664,215.55786246411247,-0.3263816797996485,257.4446105957031,-0.19548559188842773,1.0,-1.0995055127122413,0.5,1779451162120027852
54.0,0.11461005359888077,0.62208092212677,0.4890657365322113,81.24469757080078,219.65882873535156,22.0,32.0,0.18518518518518517,241.81304112554113,-0.24433424648268395,332.6363525390625,0.039488601684570315,1.0,-1.1945959177642216,1.0,1779451162153473625
48.0,0.1579156368970871,0.6314423680305481,0.5202650427818298,85.83683013916016,258.7856140136719,24.0,24.0,0.0,247.30225225225226,-0.2271804617117117,257.32916259765625,-0.1958463668823242,1.0,-1.2203551426632353,0.55,1779451162186514348
56.0,0.07591678947210312,0.6451146602630615,0.5092529654502869,87.80147552490234,270.18511962890625,26.0,30.0,0.07142857142857142,317.3636363636364,-0.008238636363636332,251.60000610351562,-0.21374998092651368,1.0,-1.225898367010863,0.55,1779451162220167191
50.0,0.11685219407081604,0.6213352084159851,0.5052758455276489,96.57139587402344,249.5696258544922,23.0,27.0,0.08,381.3461538461538,0.19170673076923067,229.23660278320312,-0.28363561630249023,1.0,-1.2269038707199191,0.55,1779451162253320397
49.0,0.0902329832315445,0.5995720624923706,0.47903361916542053,87.2775650024414,223.48602294921875,25.0,24.0,-0.02040816326530612,220.17333451426163,-0.3119583296429324,255.24209594726562,-0.20236845016479493,1.0,-1.2045235345370207,0.55,1779451162286560432
42.0,0.06689506769180298,0.5959739089012146,0.45814967155456543,93.3765869140625,217.3660430908203,21.0,21.0,0.0,193.68082156611038,-0.39474743260590506,330.94451904296875,0.034201622009277344,1.0,-1.18139037393288,0.55,1779451162320049437
50.0,0.021776920184493065,0.7154790163040161,0.5829562544822693,95.86238098144531,218.56349182128906,25.0,25.0,0.0,184.0752688172043,-0.4247647849462366,225.5256805419922,-0.2952322483062744,1.0,-1.118670033858048,1.0,1779451162361037940
46.0,0.07976390421390533,0.6487098336219788,0.5055829882621765,96.6788558959961,261.08428955078125,22.0,24.0,0.043478260869565216,186.3235507246377,-0.41773890398550717,239.2948455810547,-0.2522036075592041,1.0,-1.052705291315144,1.0,1779451162390418428
46.0,0.0244851466268301,0.6497633457183838,0.48473089933395386,91.42443084716797,281.6025695800781,22.0,24.0,0.043478260869565216,200.7463768115942,-0.37266757246376814,253.19322204589844,-0.2087711811065674,1.0,-1.0944604601895016,0.75,1779451162422906634
44.0,0.06546881794929504,0.5781006217002869,0.4420585632324219,94.42556762695312,266.7377014160156,23.0,21.0,-0.045454545454545456,180.53846153846155,-0.43581730769230764,298.4836120605469,-0.06723871231079101,1.0,-1.1149253599361293,0.5,1779451162455471528
41.0,-0.046977244317531586,0.6498677730560303,0.4946453869342804,105.05573272705078,250.04998779296875,24.0,17.0,-0.17073170731707318,203.3846153846154,-0.3644230769230769,300.8362731933594,-0.05988664627075195,1.0,-1.1893441651405585,0.55,1779451162486689008
45.0,0.04828896000981331,0.6342716813087463,0.49228423833847046,99.79904174804688,255.43101501464844,23.0,22.0,-0.022222222222222223,212.28637566137567,-0.336605076058201,413.5374450683594,0.29230451583862305,1.0,-1.1817627601447644,0.55,1779451162520824307
47.0,0.13173489272594452,0.6187568306922913,0.5145520567893982,87.43802642822266,250.04998779296875,20.0,27.0,0.14893617021276595,239.31150793650795,-0.25215153769841264,281.7279357910156,-0.11960020065307617,1.0,-1.1169666559904587,1.0,1779451162558245169
47.0,0.06081503629684448,0.6448957920074463,0.5136026740074158,93.44286346435547,250.63917541503906,23.0,24.0,0.02127659574468085,261.0,-0.184375,288.0561828613281,-0.09982442855834961,1.0,-1.0860428225778858,1.0,1779451162588177868
46.0,0.009959783405065536,0.606927752494812,0.46595481038093567,94.25938415527344,247.814453125,22.0,24.0,0.043478260869565216,306.9166666666667,-0.040885416666666605,288.8565673828125,-0.09732322692871094,1.0,-1.1827691832047607,0.55,1779451162620792044
45.0,0.014398518949747086,0.6825604438781738,0.5490747094154358,97.96098327636719,225.7011260986328,22.0,23.0,0.022222222222222223,304.4868311036789,-0.048478652801003365,225.69447326660156,-0.2947047710418701,1.0,-1.2163547498511038,1.0,1779451162653208296
46.0,0.08546879142522812,0.6086057424545288,0.4834881126880646,87.36591339111328,234.91275024414062,20.0,26.0,0.13043478260869565,328.94827586206895,0.02796336206896548,224.12564086914062,-0.2996073722839355,1.0,-1.135553034490731,1.0,1779451162687395470
38.0,0.04928271844983101,0.6645053029060364,0.5615047812461853,96.92434692382812,243.57749938964844,18.0,20.0,0.05263157894736842,335.7817073170732,0.04931783536585375,223.48504638671875,-0.3016092300415039,1.0,-1.1529948624772972,1.0,1779451162720916932
42.0,-0.011451927945017815,0.6931394934654236,0.548750638961792,93.85086822509766,269.0724792480469,22.0,20.0,-0.047619047619047616,341.3305084745763,0.06665783898305086,225.18460083007812,-0.29629812240600584,1.0,-1.156625783621148,1.0,1779451162756427052
41.0,0.04148344323039055,0.6727950572967529,0.5474798679351807,99.77554321289062,264.0927734375,19.0,22.0,0.07317073170731707,329.16666666666663,0.028645833333333214,257.32025146484375,-0.19587421417236328,1.0,-1.1323778874913049,1.0,1779451162788037707
46.0,0.06684082001447678,0.7410980463027954,0.6268300414085388,95.67261505126953,265.6011962890625,21.0,25.0,0.08695652173913043,258.9655172413793,-0.19073275862068967,228.78509521484375,-0.2850465774536133,1.0,-1.1919701570602903,1.0,1779451162819888351
39.0,0.19830748438835144,0.6827224493026733,0.6084966063499451,91.73179626464844,244.9897918701172,17.0,22.0,0.1282051282051282,197.0705985146352,-0.38415437964176496,229.08602905273438,-0.2841061592102051,1.0,-1.1692495064618667,1.0,1779451162855388032
43.0,-0.036173444241285324,0.7161351442337036,0.5724196434020996,96.30510711669922,273.3093566894531,23.0,20.0,-0.06976744186046512,258.757761269135,-0.19138199603395306,233.9083251953125,-0.26903648376464845,1.0,-1.1282978167963855,1.0,1779451162887932424
44.0,-0.025946641340851784,0.6799768805503845,0.5322372317314148,89.30284118652344,265.6011962890625,23.0,21.0,-0.045454545454545456,228.65148305084747,-0.2854641154661016,234.31417846679688,-0.26776819229125975,1.0,-1.1523142568205063,1.0,1779451162920038332
45.0,-0.0009063707548193634,0.6940690279006958,0.5505765676498413,92.04541778564453,265.6011962890625,24.0,21.0,-0.06666666666666667,259.55737704918033,-0.18888319672131146,248.02529907226562,-0.22492094039916993,1.0,-1.1959344361414184,1.0,1779451162955422897
43.0,0.06380515545606613,0.6990501880645752,0.569419264793396,95.25247192382812,274.7216796875,20.0,23.0,0.06976744186046512,263.3990478883861,-0.17687797534879338,236.49725341796875,-0.26094608306884765,1.0,-1.1754789151739553,1.0,1779451162987195788
43.0,-0.04649284854531288,0.6725999712944031,0.5292381644248962,97.65803527832031,237.8003387451172,23.0,20.0,-0.06976744186046512,265.62088815789474,-0.16993472450657893,232.12844848632812,-0.2745985984802246,1.0,-1.1295800200024464,1.0,1779451163020498534
41.0,-0.0013195755891501904,0.6294453144073486,0.5011250376701355,100.66873168945312,234.20077514648438,20.0,21.0,0.024390243902439025,201.19524980330448,-0.3712648443646735,233.0457763671875,-0.27173194885253904,1.0,-1.1519996412927822,1.0,1779451163054232599
42.0,0.06875567883253098,0.6840983033180237,0.5670443773269653,94.4321517944336,266.2480163574219,20.0,22.0,0.047619047619047616,238.5298202614379,-0.2545943116830066,233.8597412109375,-0.26918830871582033,1.0,-1.1994410090844945,1.0,1779451163087574838
40.0,0.010566825047135353,0.6724024415016174,0.5462902784347534,106.7218017578125,264.20068359375,21.0,19.0,-0.05,271.4983414418399,-0.15156768299425033,240.18063354492188,-0.24943552017211915,1.0,-1.173772384532529,1.0,1779451163120217608
41.0,0.054648153483867645,0.618120551109314,0.480832576751709,95.08245086669922,244.20074462890625,20.0,21.0,0.024390243902439025,235.29508811168188,-0.2647028496509941,237.11865234375,-0.25900421142578123,1.0,-1.1746174793558393,1.0,1779451163153044284
41.0,0.011586559936404228,0.6631911396980286,0.5050252079963684,96.86078643798828,257.001953125,21.0,20.0,-0.024390243902439025,267.902199320017,-0.1628056271249468,238.05783081054688,-0.256069278717041,1.0,-1.1724175744590346,1.0,1779451163187855936
39.0,-0.04793859273195267,0.6507925987243652,0.5084057450294495,99.95613861083984,262.680419921875,21.0,18.0,-0.07692307692307693,270.6100386100386,-0.15434362934362938,241.0009307861328,-0.24687209129333496,1.0,-1.105688420978084,0.5,1779451163220332077
40.0,0.035617996007204056,0.6370252370834351,0.5053788423538208,96.0702133178711,262.0114440917969,23.0,17.0,-0.15,240.83971491822535,-0.24737589088054576,246.3813934326172,-0.2300581455230713,1.0,-1.161081519686638,1.0,1779451163252596076
38.0,-0.01413440890610218,0.7444015741348267,0.6195847988128662,112.121826171875,262.0114440917969,19.0,19.0,0.0,274.2806837770073,-0.14287286319685216,243.42547607421875,-0.2392953872680664,1.0,-1.184235868481872,1.0,1779451163287207267
37.0,-0.026795519515872,0.7029678225517273,0.5780461430549622,104.70870971679688,226.40008544921875,20.0,17.0,-0.08108108108108109,276.9670557228916,-0.13447795086596379,244.51011657714844,-0.23590588569641113,1.0,-1.1833711104553073,1.0,1779451163319835269
38.0,-0.09342532604932785,0.6854574680328369,0.5367299318313599,105.3790283203125,259.8557434082031,23.0,15.0,-0.21052631578947367,282.1730463735188,-0.11820923008275379,250.33087158203125,-0.21771602630615233,1.0,-1.175443786006072,1.0,1779451163352730872
38.0,0.04522675648331642,0.6445928812026978,0.4918576180934906,97.73469543457031,249.2007293701172,21.0,17.0,-0.10526315789473684,224.28805457084542,-0.2990998294661081,252.0960693359375,-0.21219978332519532,1.0,-1.1824647546163884,1.0,1779451163386442026
39.0,-0.02319793589413166,0.6954197287559509,0.5726679563522339,106.20208740234375,236.51638793945312,21.0,18.0,-0.07692307692307693,232.22202797202797,-0.2743061625874126,253.55828857421875,-0.20763034820556642,1.0,-1.1273161498449198,0.75,1779451163418686405
36.0,-0.07346509397029877,0.7262778878211975,0.5791946649551392,111.94725036621094,262.680419921875,20.0,16.0,-0.1111111111111111,293.8992312286123,-0.08156490241058663,256.93487548828125,-0.19707851409912108,1.0,-1.2141123914427652,1.0,1779451163452173859
43.0,-0.040161315351724625,0.5914095044136047,0.43922680616378784,94.93914031982422,286.7629699707031,26.0,17.0,-0.20930232558139536,230.6375012648581,-0.27925780854731846,260.0825500488281,-0.1872420310974121,1.0,-1.0804318640888315,0.75,1779451163486304532
37.0,-0.006735434290021658,0.6506823897361755,0.5145551562309265,101.60433959960938,225.88714599609375,22.0,15.0,-0.1891891891891892,209.81905720034493,-0.3443154462489221,262.23175048828125,-0.1805257797241211,1.0,-1.1729009999174174,1.0,1779451163519250498
40.0,-0.09271585196256638,0.7155449986457825,0.5764781832695007,94.58467102050781,238.59799194335938,26.0,14.0,-0.3,236.85741138560687,-0.25982058941997854,263.4465026855469,-0.17672967910766602,1.0,0.3579648533992505,1.0,1779451163552880386
37.0,-0.07058355957269669,0.7242891192436218,0.5923978090286255,109.27471160888672,242.24368286132812,23.0,14.0,-0.24324324324324326,240.03449466656434,-0.24989220416698643,267.78778076171875,-0.1631631851196289,1.0,-1.1467117705321406,1.0,1779451163587524413
37.0,-0.049256909638643265,0.6668449640274048,0.5365142822265625,102.5302963256836,261.26806640625,22.0,15.0,-0.1891891891891892,250.58682924345788,-0.2169161586141941,268.262451171875,-0.16167984008789063,1.0,0.3474074473901073,0.5,1779451163619023507
45.0,-0.08707483112812042,0.6655718684196472,0.5223041772842407,98.82154083251953,243.6472930908203,26.0,19.0,-0.15555555555555556,241.16460674157304,-0.24636060393258424,271.81353759765625,-0.1505826950073242,1.0,0.2992975727159927,0.75,1779451163653476776
40.0,-0.006677097175270319,0.6707445383071899,0.516152024269104,96.87803649902344,254.2616729736328,21.0,19.0,-0.05,253.10098039215686,-0.20905943627450982,295.6015625,-0.0762451171875,1.0,0.3197880583260093,0.75,1779451163686465194
45.0,-0.016186047345399857,0.6834381222724915,0.5258759260177612,96.85194396972656,232.948486328125,24.0,21.0,-0.06666666666666667,255.39208277354834,-0.20189974133266145,280.1580810546875,-0.12450599670410156,1.0,0.3139553252114611,0.75,1779451163719806849
40.0,-0.12848134338855743,0.704830527305603,0.5528422594070435,109.31211853027344,255.04901123046875,24.0,16.0,-0.2,256.60652952970815,-0.198104595219662,278.7830810546875,-0.12880287170410157,1.0,0.34171345149234406,1.0,1779451163752801012
33.0,-0.1576426476240158,0.7191635966300964,0.5628228187561035,119.45268249511719,263.6437072753906,21.0,12.0,-0.2727272727272727,323.13226600985223,0.00978833128078822,283.25726318359375,-0.11482105255126954,1.0,0.33662847568225707,1.0,1779451163786420354
42.0,-0.07511086761951447,0.6864761114120483,0.5391953587532043,104.94480895996094,262.85546875,26.0,16.0,-0.23809523809523808,267.4711641272387,-0.16415261210237908,282.0264892578125,-0.11866722106933594,1.0,0.3391989416709164,1.0,1779451163819155937
42.0,-0.05141938477754593,0.6140914559364319,0.4515569806098938,100.97611236572266,262.85546875,25.0,17.0,-0.19047619047619047,255.68022233283557,-0.20099930520988885,281.8460693359375,-0.11923103332519532,1.0,0.29133514222099804,0.5,1779451163851878186
39.0,-0.0060552144423127174,0.6242251396179199,0.4702962636947632,105.80232238769531,270.296142578125,21.0,18.0,-0.07692307692307693,244.94209039548022,-0.2345559675141243,287.9615173339844,-0.10012025833129883,1.0,0.2914684893991576,0.5,1779451163886234826
44.0,-0.043239984661340714,0.6664348840713501,0.504730761051178,101.31689453125,266.7377014160156,25.0,19.0,-0.13636363636363635,271.990306122449,-0.15003029336734688,286.9600830078125,-0.10324974060058593,1.0,0.33435058807130713,0.75,1779451163919723881
38.0,-0.06216800957918167,0.6956383585929871,0.5530667901039124,113.97454833984375,278.7759094238281,23.0,15.0,-0.21052631578947367,262.8120981185997,-0.17871219337937597,295.75335693359375,-0.07577075958251953,1.0,0.3260214742068224,0.75,1779451163987302695
36.0,-0.03912709653377533,0.6759811639785767,0.5170655846595764,112.56366729736328,283.0158996582031,21.0,15.0,-0.16666666666666666,253.34636289992818,-0.20829261593772444,298.10205078125,-0.06843109130859375,1.0,0.2578679397282773,0.41250000000000003,1779451164019436642
41.0,-0.10059976577758789,0.7018553018569946,0.5522069931030273,99.79351043701172,285.8426208496094,25.0,16.0,-0.21951219512195122,284.3633879781421,-0.11136441256830594,299.82757568359375,-0.06303882598876953,1.0,0.28052934178590133,1.0,1779451164052442660
41.0,-0.07773344218730927,0.7044441103935242,0.5676907300949097,99.29336547851562,290.0827331542969,25.0,16.0,-0.21951219512195122,265.8421052631579,-0.16924342105263152,302.960693359375,-0.053247833251953126,1.0,0.2727135499401344,1.0,1779451164087440464
39.0,-0.11353576183319092,0.6491684317588806,0.511877715587616,107.4027099609375,283.69879150390625,25.0,14.0,-0.28205128205128205,285.27592592592595,-0.10851273148148141,305.97021484375,-0.04384307861328125,1.0,0.27564052681024515,0.75,1779451164121935045
40.0,-0.12064366042613983,0.6591028571128845,0.5147269368171692,108.43724060058594,298.563232421875,25.0,15.0,-0.25,265.657645214275,-0.16981985870539057,307.9943542480469,-0.037517642974853514,1.0,0.2728101919836846,0.75,1779451164152958223
43.0,-0.08275369848750598,0.7359261302497065,0.5647640032533688,100.95464324951172,269.564453125,30.0,13.0,-0.3953488372093023,270.90054896602516,-0.1534357844811714,306.50408935546875,-0.04217472076416016,1.0,0.2440014001942366,1.0,1779451164186146913
50.0,-0.020969699315884823,0.7671205037969254,0.5913814914299457,92.43537902832031,270.4163513183594,34.0,16.0,-0.36,295.3732924781312,-0.07695846100584003,308.732666015625,-0.03521041870117188,1.0,0.22447636154609452,1.0,1779451164220442940
45.0,-0.11156776435403144,0.687842335374511,0.5344477654772191,106.00224304199219,267.59857177734375,31.0,14.0,-0.37777777777777777,288.3421584123639,-0.09893075496136276,315.379150390625,-0.014440155029296875,1.0,0.22313773603847012,1.0,1779451164252631038
50.0,-0.03914074336866839,0.6225869093611232,0.456413286349373,100.3846206665039,306.93646240234375,31.0,19.0,-0.24,276.72852861851965,-0.1352233480671261,303.86376953125,-0.05042572021484375,1.0,0.20258170931895825,0.75,1779451164289301639
47.0,0.08356913346125505,0.5989602290944406,0.4212075928475987,102.27806854248047,297.73309326171875,26.0,21.0,-0.10638297872340426,282.5491695804196,-0.11703384506118883,313.05059814453125,-0.021716880798339843,1.0,0.20217622882948222,0.41250000000000003,1779451164320892413
51.0,0.1079556458865514,0.614018943284048,0.4207355004313733,90.50232696533203,309.7644348144531,32.0,19.0,-0.2549019607843137,304.5225764604606,-0.04836694856106068,225.52174377441406,-0.29524455070495603,1.0,0.16496718715620087,1.0,1779451164353437064
48.0,0.041125550866127014,0.618095874786377,0.44655337929725647,96.06999969482422,309.0453186035156,30.0,18.0,-0.25,253.5288906009245,-0.2077222168721109,301.5986633300781,-0.05750417709350586,1.0,0.15091443730524173,0.41250000000000003,1779451164388380226
50.0,-0.005780650300336916,0.5902645672860248,0.4182632434392442,96.23400115966797,309.0453186035156,32.0,18.0,-0.28,284.3599782535051,-0.1113750679577965,303.18017578125,-0.05256195068359375,1.0,0.17997347108751224,0.75,1779451164419225818
45.0,0.020702323816934074,0.6245692900676793,0.4573763538178989,105.24475860595703,271.8253173828125,29.0,16.0,-0.28888888888888886,284.5844370860927,-0.11067363410596034,314.0,-0.01875,1.0,0.19841885870375414,0.41250000000000003,1779451164452705094
47.0,-0.06588720817335852,0.6206502555108017,0.46489245510185545,106.32974243164062,284.0,29.0,18.0,-0.23404255319148937,262.8666237113402,-0.1785418009020619,314.75140380859375,-0.01640186309814453,1.0,0.20478534029174777,0.75,1779451164485804993
52.0,-0.010623700571801491,0.6429922087320287,0.46631513076155606,96.25374603271484,273.2343444824219,34.0,18.0,-0.3076923076923077,282.64666934587603,-0.1167291582941374,317.1612243652344,-0.008871173858642578,1.0,0.1936068301353061,1.0,1779451164518922055
49.0,-0.03539411578667618,0.6256154763266291,0.4639229908331052,90.3121109008789,264.7810363769531,32.0,17.0,-0.30612244897959184,284.52669769989046,-0.11085406968784231,274.78125,-0.14130859375,1.0,0.15032349717568821,0.75,1779451164552776429
52.0,-0.017469734112329053,0.6789746433118728,0.49219615487724816,94.28694915771484,253.38705444335938,33.0,19.0,-0.2692307692307692,286.7331468943185,-0.10395891595525467,313.471435546875,-0.020401763916015624,1.0,0.17490707352758494,1.0,1779451164586876541
50.0,-0.04491499811410904,0.6131547689437866,0.4463444948196411,99.04724884033203,267.59857177734375,32.0,18.0,-0.28,287.7313052352724,-0.10083967113977384,316.04302978515625,-0.01236553192138672,1.0,0.15567962703810148,0.75,1779451164619649255
54.0,-0.03593455255031586,0.5614292025566101,0.3996583819389343,91.18047332763672,267.59857177734375,33.0,21.0,-0.2222222222222222,241.59375,-0.24501953125,317.67779541015625,-0.007256889343261718,1.0,0.12020137728929196,0.5,1779451164652478110
54.0,0.007479461375623941,0.5959171056747437,0.42140600085258484,98.36302185058594,280.4014892578125,34.0,20.0,-0.25925925925925924,287.44271590578654,-0.10174151279441705,313.91802978515625,-0.01900615692138672,1.0,0.17334845777190427,0.75,1779451164685314537
57.0,0.08010289818048477,0.5832180976867676,0.41415682435035706,91.4964599609375,304.055908203125,36.0,21.0,-0.2631578947368421,241.4673913043478,-0.24541440217391308,310.3769226074219,-0.030072116851806642,1.0,0.12271500428348511,0.75,1779451164719227542
54.0,0.04188626632094383,0.5366524457931519,0.37039148807525635,90.41499328613281,286.3564147949219,33.0,21.0,-0.2222222222222222,236.4642857142857,-0.26104910714285723,313.4964599609375,-0.020323562622070312,1.0,0.1110235255159538,0.5,1779451164752919986
54.0,0.02330913580954075,0.532122015953064,0.3607613742351532,95.06930541992188,302.6416931152344,36.0,18.0,-0.3333333333333333,238.76666666666665,-0.2538541666666667,313.6973876953125,-0.01969566345214844,1.0,0.08756189180110346,0.5,1779451164786036219
60.0,-0.006027775816619396,0.5561215281486511,0.3700904846191406,92.88125610351562,299.8132629394531,39.0,21.0,-0.3,241.54,-0.24518750000000003,395.9884948730469,0.2374640464782715,1.0,0.12218308461282684,0.75,1779451164819056942
51.0,-0.0016942585352808237,0.5495582222938538,0.3782618045806885,103.5959701538086,292.7422180175781,33.0,18.0,-0.29411764705882354,266.7733870967742,-0.16633316532258072,313.6470947265625,-0.019852828979492188,1.0,0.09009672211068415,0.5,1779451164852800399
54.0,-0.058115154504776,0.5732496380805969,0.402277410030365,101.78445434570312,302.6416931152344,38.0,16.0,-0.4074074074074074,242.0,-0.24375,315.75,-0.01328125,1.0,0.14345101916158026,0.75,1779451164886935501
62.0,0.019839929416775703,0.6067951917648315,0.42754054069519043,91.81446075439453,289.9327392578125,40.0,22.0,-0.2903225806451613,254.6988795518207,-0.20406600140056028,321.20672607421875,0.0037710189819335936,1.0,0.08688071455682553,1.0,1779451164920600765
56.0,0.009023078717291355,0.6305646896362305,0.46393078565597534,91.42527770996094,286.3564147949219,34.0,22.0,-0.21428571428571427,293.18431583056804,-0.08379901302947487,317.26885986328125,-0.008534812927246093,1.0,0.0553495070676472,1.0,1779451164954054605
64.0,-0.0037216544151306152,0.6151325106620789,0.43859532475471497,93.92220306396484,291.34344482421875,37.0,27.0,-0.15625,292.0512714776632,-0.08733977663230252,319.3525390625,-0.0020233154296875,1.0,0.050552310581006725,1.0,1779451164986929544
62.0,0.02229650504887104,0.5779423713684082,0.40608277916908264,94.88250732421875,272.9047546386719,37.0,25.0,-0.1935483870967742,247.95833333333331,-0.2251302083333334,313.2119140625,-0.0212127685546875,1.0,0.03977024307371387,0.75,1779451165019736908
66.0,0.0033791426103562117,0.5134029388427734,0.3204338252544403,84.3454818725586,283.5348205566406,40.0,26.0,-0.21212121212121213,319.20271867612297,-0.002491504137115719,254.08766174316406,-0.2059760570526123,1.0,0.09803786721607308,0.75,1779451165052485172
52.0,0.01005988847464323,0.5933829545974731,0.42187023162841797,112.05384826660156,299.1471252441406,28.0,24.0,-0.07692307692307693,273.2177033492823,-0.14619467703349276,313.9237060546875,-0.018988418579101562,1.0,0.09732871303939611,0.75,1779451165086651765
53.0,0.03627650812268257,0.5985420346260071,0.4301031231880188,108.21846771240234,298.4526672363281,33.0,20.0,-0.24528301886792453,246.97826086956522,-0.2281929347826087,307.3609924316406,-0.03949689865112305,1.0,0.009816516249500667,0.75,1779451165120256464
55.0,0.045138757675886154,0.5395809412002563,0.37983494997024536,98.6662368774414,297.73309326171875,31.0,24.0,-0.12727272727272726,244.93333333333334,-0.2345833333333333,301.6497802734375,-0.05734443664550781,1.0,0.046067836909266004,0.5,1779451165152521531
64.0,0.03458460047841072,0.5305708646774292,0.36453014612197876,94.46411895751953,293.4910583496094,37.0,27.0,-0.15625,274.1946524064171,-0.14314171122994654,218.2006072998047,-0.31812310218811035,1.0,0.02112430885933353,0.5,1779451165185748983
58.0,0.025438562035560608,0.5292834043502808,0.3627029359340668,98.6570053100586,294.5674743652344,33.0,25.0,-0.13793103448275862,249.70073529411764,-0.2196852022058824,221.10134887695312,-0.30905828475952146,1.0,0.021251731267554058,0.5,1779451165219338092
58.0,0.04049336165189743,0.5438958406448364,0.3896024525165558,90.98480987548828,295.979736328125,34.0,24.0,-0.1724137931034483,253.23358050847457,-0.20864506091101695,265.13092041015625,-0.17146587371826172,1.0,0.024268868529187373,0.5,1779451165253041364
49.0,0.04176731035113335,0.5532971024513245,0.3870307505130768,92.60395050048828,294.5674743652344,28.0,21.0,-0.14285714285714285,301.75320324726135,-0.05702123985230827,303.742431640625,-0.05080490112304688,1.0,0.024360987124940975,0.5,1779451165286477274
56.0,0.060016460716724396,0.5904602408409119,0.4392109513282776,97.25984954833984,297.3919982910156,34.0,22.0,-0.21428571428571427,258.10183320884613,-0.19343177122235583,313.3768310546875,-0.020697402954101562,1.0,0.005131443736338329,0.75,1779451165318850197
47.0,0.028203697875142097,0.6272260546684265,0.4686492085456848,114.63577270507812,290.0827331542969,30.0,17.0,-0.2765957446808511,278.9957264957265,-0.1281383547008547,327.65447998046875,0.023920249938964844,1.0,-0.04260977350498225,0.75,1779451165354406408
62.0,0.040496718138456345,0.5260856747627258,0.35129082202911377,87.44241333007812,284.42926025390625,36.0,26.0,-0.16129032258064516,302.86538461538464,-0.053545673076923,304.99993896484375,-0.04687519073486328,1.0,-0.011383062570151458,0.5,1779451165387455469
54.0,-0.05210497975349426,0.5346139073371887,0.36941760778427124,99.85482788085938,290.8143615722656,32.0,22.0,-0.18518518518518517,277.1071428571429,-0.13404017857142847,314.20001220703125,-0.018124961853027345,1.0,-0.014986000872605626,0.5,1779451165420649214
59.0,-0.016142794862389565,0.5309888124465942,0.336912602186203,92.39324188232422,306.93646240234375,35.0,24.0,-0.1864406779661017,297.3531054880052,-0.07077154534998371,410.5250244140625,0.28289070129394533,1.0,-0.01169989752216739,0.75,1779451165458212247
51.0,0.0005003938567824662,0.5903664231300354,0.40606802701950073,100.77393341064453,308.3504638671875,30.0,21.0,-0.17647058823529413,306.3632441760138,-0.042614861949956936,314.201416015625,-0.018120574951171874,1.0,0.03442418150463343,0.75,1779451165491643318
58.0,0.04784596338868141,0.5513134002685547,0.3625718951225281,100.43240356445312,298.4526672363281,34.0,24.0,-0.1724137931034483,308.0833275660859,-0.03723960135598148,421.9751281738281,0.31867227554321287,1.0,-0.0379301790553354,0.75,1779451165522228571
59.0,-0.02426689676940441,0.5316276550292969,0.3293129801750183,93.23149871826172,289.9689636230469,36.0,23.0,-0.22033898305084745,307.6831741801762,-0.03849008068694939,210.82281494140625,-0.34117870330810546,1.0,-0.02236286152230765,0.75,1779451165554321030
60.0,-0.003790629794821143,0.5292302966117859,0.35356882214546204,97.18911743164062,304.9475402832031,37.0,23.0,-0.23333333333333334,308.70108932461875,-0.03530909586056641,312.75201416015625,-0.02264995574951172,1.0,-0.03655986275233514,0.5,1779451165587221046
70.0,0.04604329541325569,0.49080777168273926,0.31691670417785645,86.34495544433594,302.120849609375,39.0,31.0,-0.11428571428571428,310.45731010850943,-0.029820905910908024,432.4883728027344,0.35152616500854494,1.0,-0.02787877676711038,0.5,1779451165619899982
66.0,0.0462024062871933,0.5198126435279846,0.34977617859840393,91.01028442382812,303.5341796875,36.0,30.0,-0.09090909090909091,309.8836817586818,-0.03161349450411936,198.96810913085938,-0.37822465896606444,1.0,-0.04266225719859384,0.5,1779451165653445390
63.0,0.07018762826919556,0.5055148601531982,0.3238115608692169,87.73722839355469,306.36090087890625,33.0,30.0,-0.047619047619047616,310.9871720838145,-0.0281650872380796,294.6127014160156,-0.07933530807495118,1.0,-0.035103666990218274,0.5,1779451165685955164
67.0,0.011165465228259563,0.5045543909072876,0.3295648992061615,91.4952621459961,306.36090087890625,39.0,28.0,-0.16417910447761194,311.4010879482704,-0.026871600161654997,206.67440795898438,-0.3541424751281738,1.0,-0.03809479003856514,0.5,1779451165719635381
64.0,0.0039012059569358826,0.5272998809814453,0.3311087489128113,90.5029296875,289.587646484375,37.0,27.0,-0.15625,313.12514285714286,-0.021483928571428557,356.45550537109375,0.11392345428466796,1.0,-0.086633134361667,0.75,1779451165752573308
67.0,0.01771397329866886,0.48944738507270813,0.30334413051605225,90.76679229736328,307.7742614746094,41.0,26.0,-0.22388059701492538,314.61639356219,-0.016823770118156212,438.83740234375,0.37136688232421877,1.0,-0.05445626982208569,0.5,1779451165785323007
72.0,-0.04183904826641083,0.5067840814590454,0.3192947506904602,78.91242218017578,288.17529296875,42.0,30.0,-0.16666666666666666,312.86583333333334,-0.022294270833333307,213.5718536376953,-0.33258795738220215,0.9864052772521973,-0.05540571149165143,0.75,1779451165820607141
55.0,-0.03962436690926552,0.5026631355285645,0.3202669024467468,98.42048645019531,309.1876525878906,34.0,21.0,-0.23636363636363636,276.0504807435292,-0.13734224767647127,311.6611328125,-0.0260589599609375,1.0,-0.08871385562395313,0.5,1779451165852689944
68.0,0.05477370042532607,0.5738994865694664,0.3880856978341404,90.17584228515625,287.50653076171875,41.0,27.0,-0.20588235294117646,315.72010757073605,-0.013374663841449853,349.25689697265625,0.09142780303955078,1.0,-0.12327218556399473,1.0,1779451165885502190
52.0,-0.05139056593179703,0.5315736532211304,0.36281919479370117,103.55705261230469,304.9475402832031,35.0,17.0,-0.34615384615384615,317.8510638297872,-0.006715425531914931,314.02276611328125,-0.018678855895996094,1.0,-0.11782777708513106,0.5,1779451165918596794
73.0,-0.04009873219535438,0.5544139141624373,0.35230209468073564,83.18807983398438,309.7644348144531,47.0,26.0,-0.2876712328767123,319.59183673469386,-0.0012755102040816978,192.83206176757812,-0.3973998069763184,1.0,-0.09910264610157521,1.0,1779451165954981324
68.0,-0.03828649967908859,0.4900045394897461,0.31008434295654297,90.76663208007812,308.3504638671875,42.0,26.0,-0.23529411764705882,275.03017241379314,-0.14053071120689645,203.15345764160156,-0.3651454448699951,1.0,-0.11131450206539018,0.5,1779451165986771708
62.0,-0.021132295951247215,0.4841528832912445,0.299536794424057,94.73273468017578,308.3504638671875,38.0,24.0,-0.22580645161290322,319.7930402930403,-0.0006467490842490875,431.17852783203125,0.34743289947509765,1.0,-0.1050959957817858,0.5,1779451166020253072
70.0,0.017031894068912326,0.5380059542234255,0.3276912522936108,86.87504577636719,307.63128662109375,42.0,28.0,-0.2,320.364832978625,0.0011401030582030458,184.011962890625,-0.42496261596679685,1.0,-0.11717259266728736,1.0,1779451166053190724
65.0,-0.04014839231967926,0.5284478068351746,0.3371691405773163,94.49623107910156,309.7644348144531,35.0,30.0,-0.07692307692307693,316.12355973317165,-0.012113875833838605,184.8081512451172,-0.4224745273590088,1.0,-0.11525952617146144,0.75,1779451166086659687
54.0,0.08090869561977769,0.5609367608005859,0.38505168925317157,106.70812225341797,309.0453186035156,30.0,24.0,-0.1111111111111111,295.70147073627396,-0.07593290394914387,310.48870849609375,-0.02972278594970703,1.0,-0.1286340607196944,0.75,1779451166119526189
67.0,0.015726167098834565,0.4997684980176471,0.32607776477224715,92.00934600830078,289.2490234375,42.0,25.0,-0.2537313432835821,269.4808513338872,-0.15787233958160254,355.9627685546875,0.11238365173339844,1.0,-0.11603464160812837,0.5,1779451166152585102
68.0,0.07256039754008908,0.49743005350399155,0.33282838429174366,98.97784423828125,283.5348205566406,39.0,29.0,-0.14705882352941177,269.1931321386944,-0.15877146206657997,202.31106567382812,-0.3677779197692871,1.0,-0.1483894180228069,0.5,1779451166185816235
66.0,0.02142263707804331,0.4892840106251213,0.3061377802233029,91.37023162841797,289.2490234375,39.0,27.0,-0.18181818181818182,320.8806703648441,0.002752094890137791,197.23431396484375,-0.38364276885986326,1.0,-0.13703225225004623,0.5,1779451166218732409
63.0,0.08705155439276462,0.5290388727733373,0.3584577442417439,92.75028228759766,283.5348205566406,34.0,29.0,-0.07936507936507936,269.5431704460769,-0.15767759235600973,305.95306396484375,-0.04389667510986328,1.0,-0.17295470319341502,0.75,1779451166258559870
68.0,0.022341564107720584,0.5262776843633672,0.3640604511962122,91.3773193359375,283.5348205566406,39.0,29.0,-0.14705882352941177,299.778981264637,-0.0631906835480093,305.52496337890625,-0.04523448944091797,1.0,-0.13050539033071493,0.5,1779451166294459085
68.0,0.01564965954722213,0.4984469478356545,0.3221695533670171,84.89263916015625,264.0927734375,42.0,26.0,-0.23529411764705882,271.0617335624155,-0.15293208261745156,194.41976928710938,-0.3924382209777832,1.0,-0.13315152177148432,0.5,1779451166325538857
65.0,0.03207480797301268,0.5066352234247853,0.33901262935437987,89.2349624633789,271.89703369140625,39.0,26.0,-0.2,273.1068538232601,-0.14654108180231215,295.8570251464844,-0.07544679641723633,1.0,-0.15121731249229448,0.5,1779451166365682495
66.0,0.08928439766168594,0.5231386423110962,0.3673362135887146,95.3856201171875,310.8456115722656,33.0,33.0,0.0,303.28501346671794,-0.052234332916506435,305.269775390625,-0.046031951904296875,1.0,-0.1670311944668934,0.5,1779451166396859553
62.0,0.06026819348335266,0.5238355994224548,0.36432337760925293,101.41402435302734,313.6701965332031,31.0,31.0,0.0,314.4695945945946,-0.01728251689189193,312.93609619140625,-0.02207469940185547,1.0,-0.16910563841310025,0.5,1779451166429753130
67.0,0.05498039722442627,0.5319788455963135,0.3742910921573639,95.18055725097656,299.8132629394531,38.0,29.0,-0.13432835820895522,275.6183363148479,-0.1386926990161003,452.9499816894531,0.415468692779541,1.0,-0.15736741766147042,0.5,1779451166461500293
67.0,0.06164637857312065,0.5658519971181256,0.388385011621744,98.24182891845703,305.1966552734375,39.0,28.0,-0.16417910447761194,276.90425592568374,-0.1346742002322383,309.23565673828125,-0.03363857269287109,1.0,-0.22292716861559536,1.0,1779451166493976299
76.0,0.011036915228291666,0.5451372139566613,0.38051100576603425,90.77320098876953,306.6088562011719,51.0,25.0,-0.34210526315789475,325.06028169014087,0.015813380281690215,468.56500244140625,0.4642656326293945,1.0,-0.17054200180455897,0.75,1779451166529783971
69.0,0.10111978450507282,0.506907972518063,0.328633813270226,93.31602478027344,306.6088562011719,38.0,31.0,-0.10144927536231885,279.19709294660515,-0.12750908454185889,211.0,-0.340625,1.0,-0.18870276281048015,0.75,1779451166560421754
73.0,0.015659894794225693,0.5286300778388977,0.3727734684944153,95.20518493652344,299.8132629394531,43.0,30.0,-0.1780821917808219,281.23846291846814,-0.12112980337978704,329.67230224609375,0.03022594451904297,1.0,-0.21601664970970058,0.5,1779451166591618868
70.0,-0.0010806296486407518,0.5226840972900391,0.3560437858104706,95.18864440917969,287.0853576660156,45.0,25.0,-0.2857142857142857,331.3064480874317,0.035332650273224075,372.4200744628906,0.1638127326965332,1.0,-0.203250528420082,0.5,1779451166623304206
68.0,-0.010220956988632679,0.5171264410018921,0.3529115915298462,93.4749984741211,267.66021728515625,39.0,29.0,-0.14705882352941177,282.04523557255686,-0.11860863883575981,315.0908203125,-0.0153411865234375,1.0,-0.19684542886475237,0.5,1779451166655869668
73.0,-0.07397885620594025,0.5397517681121826,0.3916061222553253,91.27619171142578,271.22869873046875,44.0,29.0,-0.2054794520547945,285.1660527596987,-0.10885608512594161,350.56683349609375,0.09552135467529296,1.0,-0.20549397730737545,0.5,1779451166687301124
82.0,0.027996310964226723,0.5011167526245117,0.3382520377635956,86.20842742919922,270.18511962890625,48.0,34.0,-0.17073170731707318,333.6750440399295,0.042734512624779696,461.25,0.44140625,1.0,-0.22510372448791416,0.5,1779451166720195935
84.0,0.030313482508063316,0.5439589023590088,0.38608142733573914,85.25824737548828,274.4048156738281,53.0,31.0,-0.2619047619047619,331.59348116255063,0.036229628632970724,457.811767578125,0.4306617736816406,1.0,-0.25110097271740617,0.75,1779451166753610790
86.0,-0.030314382165670395,0.49008798599243164,0.33781230449676514,80.76374053955078,275.8115234375,53.0,33.0,-0.23255813953488372,285.95893895348837,-0.10637831577034884,467.99334716796875,0.4624792098999023,1.0,-0.20195140022996258,0.5,1779451166786553630
78.0,-0.022885216400027275,0.4869801700115204,0.3310907781124115,90.79722595214844,297.73309326171875,47.0,31.0,-0.20512820512820512,287.2018500875476,-0.10249421847641375,400.5,0.2515625,1.0,-0.4122433211418495,0.75,1779451166821513296
70.0,-0.020190926268696785,0.5296085476875305,0.37694910168647766,102.45831298828125,302.6416931152344,41.0,29.0,-0.17142857142857143,290.82142857142856,-0.09118303571428577,316.4359130859375,-0.011137771606445312,1.0,1.3240048896485543,1.0,1779451166853231609
79.0,-0.009209617041051388,0.5057599544525146,0.3507538139820099,93.2498779296875,297.73309326171875,46.0,33.0,-0.16455696202531644,298.05314793901744,-0.06858391269057051,170.11569213867188,-0.4683884620666504,1.0,-0.24003762143061982,0.5,1779451166886813704
90.0,-0.016854124143719673,0.4964962601661682,0.3375711143016815,84.1585464477539,301.21917724609375,55.0,35.0,-0.2222222222222222,296.1656976744186,-0.07448219476744189,417.89630126953125,0.30592594146728513,1.0,-0.23997106298407067,0.5,1779451166921709042
81.0,-0.03354964777827263,0.4907608926296234,0.32313206791877747,88.84549713134766,298.39739990234375,53.0,28.0,-0.30864197530864196,315.8445393022073,-0.012985814680602203,415.14794921875,0.29733734130859374,1.0,1.250051769749999,0.75,1779451166952683196
85.0,-0.017747776582837105,0.5128319263458252,0.35476842522621155,88.37291717529297,300.56280517578125,52.0,33.0,-0.2235294117647059,314.58423389165,-0.016924269088593746,404.5,0.2640625,1.0,-0.2528536448052938,0.5,1779451166987701970
77.0,-0.0108367083594203,0.5223939418792725,0.3708513379096985,95.91763305664062,296.3309020996094,45.0,32.0,-0.16883116883116883,294.4094256259205,-0.07997054491899842,408.732421875,0.277288818359375,1.0,-1.06732901969077,1.0,1779451167019341982
81.0,-0.009935913607478142,0.5385323762893677,0.3906039595603943,93.69524383544922,276.4814758300781,48.0,33.0,-0.18518518518518517,294.4488950276243,-0.07984720303867406,303.0235595703125,-0.05305137634277344,1.0,-0.28950118420834614,0.5,1779451167052531815
80.0,0.00819549523293972,0.4921508729457855,0.328382670879364,91.17283630371094,292.9095458984375,48.0,32.0,-0.2,278.08508868864664,-0.13098409784797926,419.33331298828125,0.31041660308837893,1.0,-0.28105498878404755,0.5,1779451167085533514
84.0,-0.010714411735534668,0.5060348510742188,0.3547104597091675,89.8411636352539,294.32293701171875,50.0,34.0,-0.19047619047619047,278.93939393939394,-0.12831439393939395,228.12069702148438,-0.2871228218078613,1.0,-1.3530526559584977,0.75,1779451167119131512
82.0,-0.01871326006948948,0.5353027582168579,0.37720534205436707,92.09954071044922,292.9095458984375,50.0,32.0,-0.21951219512195122,269.7120989304813,-0.1571496908422459,244.26869201660156,-0.23666033744812012,1.0,-0.3613233184527123,0.75,1779451167156474022
72.0,-0.029421772807836533,0.5481998920440674,0.4069598615169525,100.24077606201172,293.64093017578125,43.0,29.0,-0.19444444444444445,292.03879718110215,-0.08737875880905577,232.64385986328125,-0.27298793792724607,1.0,-0.3018191736124197,0.5,1779451167188206310
74.0,-0.0774119570851326,0.44217267632484436,0.3040086030960083,95.02509307861328,277.9370422363281,48.0,26.0,-0.2972972972972973,350.980303030303,0.09681344696969685,242.868408203125,-0.24103622436523436,1.0,1.2412794518036006,0.55,1779451167418743061
82.0,-0.0941736251115799,0.45554426312446594,0.32702475786209106,87.98907470703125,291.0292053222656,50.0,32.0,-0.21951219512195122,306.5047109752992,-0.04217277820219003,227.0350341796875,-0.29051551818847654,1.0,1.2554565938012452,0.55,1779451167486494571
88.0,-0.07565736770629883,0.4188656210899353,0.2781488299369812,76.39899444580078,284.6278381347656,56.0,32.0,-0.2727272727272727,312.3580299481939,-0.023881156411894013,416.7806701660156,0.30243959426879885,0.9549874305725098,1.2472662149114602,0.55,1779451167525056202
72.0,-0.08184581249952316,0.4560079574584961,0.3207233250141144,90.93011474609375,283.218994140625,46.0,26.0,-0.2777777777777778,292.780487804878,-0.08506097560975619,315.14715576171875,-0.015165138244628906,1.0,1.2690617919432072,0.55,1779451167555906591
68.0,-0.04631965234875679,0.49670514464378357,0.361520916223526,97.89901733398438,266.1897888183594,44.0,24.0,-0.29411764705882354,307.9374633921848,-0.037695426899422554,332.61724853515625,0.03942890167236328,1.0,1.2631284919787926,0.55,1779451167618579680
75.0,-0.056098081171512604,0.4248077869415283,0.2731877267360687,81.3143539428711,264.7810363769531,48.0,27.0,-0.28,356.91078431372546,0.11534620098039206,353.62713623046875,0.10508480072021484,1.0,1.2359069307816593,0.55,1779451167652237191
71.0,-0.07625523954629898,0.4416002035140991,0.30436867475509644,87.9220962524414,268.36541748046875,47.0,24.0,-0.323943661971831,368.7211719642912,0.15225366238841004,421.76336669921875,0.3180105209350586,1.0,1.2687760804879977,0.55,1779451167685749789
62.0,-0.10079304128885269,0.47249138355255127,0.34857335686683655,97.74266052246094,315.572509765625,39.0,23.0,-0.25806451612903225,311.300462962963,-0.027186053240740547,409.3131408691406,0.27910356521606444,1.0,1.2254872924687392,0.55,1779451167718493413
70.0,-0.08592666685581207,0.4516988694667816,0.3148452341556549,85.67366027832031,309.1876525878906,42.0,28.0,-0.2,313.1906913671049,-0.021279089477797265,427.931884765625,0.33728713989257814,1.0,1.2515793824407306,1.0,1779451167752647922
70.0,-0.06431388109922409,0.4534396231174469,0.318014919757843,84.26786041259766,306.36090087890625,45.0,25.0,-0.2857142857142857,311.9674623937214,-0.02510168001962061,399.2021484375,0.2475067138671875,1.0,1.2134168811930517,0.75,1779451167785956100
75.0,-0.011387817561626434,0.4840075671672821,0.3280338644981384,81.52656555175781,264.23663330078125,43.0,32.0,-0.14666666666666667,313.0419858156028,-0.02174379432624125,425.617919921875,0.33005599975585936,1.0,1.2185666567484523,1.0,1779451167819283541
74.0,-0.025884896516799927,0.48853161931037903,0.3338245153427124,84.94646453857422,295.0542297363281,41.0,33.0,-0.10810810810810811,338.81248502994015,0.058789015718562966,425.408447265625,0.32940139770507815,1.0,1.1966173160818632,1.0,1779451167854151534
67.0,-0.09931163489818573,0.5026302933692932,0.38136762380599976,89.9263687133789,283.0158996582031,39.0,28.0,-0.16417910447761194,325.15176715176716,0.016099272349272376,423.02740478515625,0.3219606399536133,1.0,1.2044708429315014,1.0,1779451167886638468
62.0,-0.03621669113636017,0.4405936896800995,0.3090762197971344,90.85604858398438,260.51678466796875,36.0,26.0,-0.16129032258064516,347.99679487179486,0.08748998397435895,425.9654541015625,0.3311420440673828,1.0,1.1866260018579484,0.75,1779451167919671863
71.0,-0.0019305897876620293,0.43885838985443115,0.2961163818836212,84.06851959228516,271.59161376953125,38.0,33.0,-0.07042253521126761,319.2401382243488,-0.0023745680489099643,425.66876220703125,0.3302148818969727,1.0,1.1836610237634497,0.75,1779451167953009318
69.0,0.00951814092695713,0.4982530176639557,0.35292255878448486,92.38077545166016,260.51678466796875,34.0,35.0,0.014492753623188406,302.60533774208784,-0.0543583195559755,363.017822265625,0.13443069458007811,1.0,1.1930070001561848,1.0,1779451167986385306
60.0,-0.02032453566789627,0.5347761511802673,0.38818466663360596,100.63762664794922,276.588134765625,35.0,25.0,-0.16666666666666666,320.1377927346487,0.0004306022957772271,242.3831787109375,-0.2425525665283203,1.0,1.2190684907429608,1.0,1779451168020133247
56.0,-0.1477191001176834,0.4954429864883423,0.4042589068412781,97.50237274169922,254.33245849609375,37.0,19.0,-0.32142857142857145,333.016106442577,0.04067533263305308,326.23114013671875,0.019472312927246094,1.0,1.1768408104381327,0.55,1779451168362475235
56.0,-0.09351132810115814,0.4954337477684021,0.3873724341392517,90.3818130493164,294.1649169921875,37.0,19.0,-0.32142857142857145,336.8197100278301,0.052561593836969144,318.8736877441406,-0.0035197257995605467,1.0,1.1433008146297081,0.41250000000000003,1779451168486912862
55.0,-0.12004499137401581,0.48059970140457153,0.3760503828525543,94.9305419921875,260.86395263671875,37.0,18.0,-0.34545454545454546,339.6758474576271,0.06148702330508478,321.298828125,0.004058837890625,1.0,1.1310887311811315,0.41250000000000003,1779451168618494140
65.0,-0.14387503266334534,0.434990793466568,0.3041934669017792,87.86241149902344,267.0674133300781,44.0,21.0,-0.35384615384615387,339.466800804829,0.06083375251509064,319.77850341796875,-0.0006921768188476562,1.0,1.1572625058162176,0.55,1779451168992714932
63.0,-0.16922549903392792,0.46244075894355774,0.35060715675354004,91.69713592529297,251.64459228515625,49.0,14.0,-0.5555555555555556,334.72946846341006,0.04602958894815643,433.40753173828125,0.3543985366821289,1.0,1.1277505079830465,0.55,1779451169055354086
66.0,-0.11640015244483948,0.4130517244338989,0.27415594458580017,85.19453430175781,250.23388671875,46.0,20.0,-0.3939393939393939,330.83092105263154,0.03384662828947356,444.722900390625,0.3897590637207031,1.0,1.147178247723638,0.55,1779451169118643700
56.0,-0.14567036926746368,0.54859459400177,0.4547092020511627,97.62660217285156,292.84979248046875,39.0,17.0,-0.39285714285714285,298.98696808510635,-0.06566572473404264,190.45172119140625,-0.40483837127685546,1.0,1.2410270220662853,0.55,1779451169450471516
61.0,-0.04661951959133148,0.4647543430328369,0.33830034732818604,91.2168197631836,294.2532958984375,41.0,20.0,-0.3442622950819672,285.3380530869422,-0.10831858410330568,386.9114990234375,0.2090984344482422,1.0,1.283141380379473,0.41250000000000003,1779451169784869148
62.0,-0.004760220646858215,0.5193425416946411,0.3745603561401367,90.86762237548828,285.65887451171875,42.0,20.0,-0.3548387096774194,285.53540209790214,-0.10770186844405583,274.1337890625,-0.1433319091796875,1.0,-0.37638033487691597,0.5,1779451169991582259
75.0,-0.04128171131014824,0.49060705304145813,0.3399101793766022,82.64796447753906,309.8660888671875,52.0,23.0,-0.38666666666666666,272.3037122052287,-0.14905089935866034,189.44821166992188,-0.4079743385314941,1.0,-0.37584976803589326,0.5,1779451170090992473
66.0,0.005110274534672499,0.48788994550704956,0.33466631174087524,93.54337310791016,284.2551574707031,42.0,24.0,-0.2727272727272727,282.1115924092409,-0.11840127372112211,192.6346435546875,-0.39801673889160155,1.0,-0.4103219483129233,0.5,1779451170161229322
68.0,-0.0201400239020586,0.5075267553329468,0.35113993287086487,87.26509094238281,294.1649169921875,44.0,24.0,-0.29411764705882354,283.65310402684565,-0.11358404991610734,410.7823791503906,0.2836949348449707,1.0,-0.38921027260642244,0.5,1779451170218224214
69.0,-0.00018954191182274371,0.4999575912952423,0.33445605635643005,85.4474105834961,272.85345458984375,45.0,24.0,-0.30434782608695654,300.49389517569983,-0.06095657757593802,434.7755126953125,0.3586734771728516,1.0,-0.3932857090864173,0.5,1779451170385552804
71.0,-0.039450015872716904,0.4948183298110962,0.3317779004573822,84.899169921875,298.46441650390625,45.0,26.0,-0.2676056338028169,330.8778159340659,0.033993174793955916,150.42721557617188,-0.5299149513244629,1.0,-0.3752556678150317,0.5,1779451170451382003
70.0,0.01004234328866005,0.46891674399375916,0.30104923248291016,84.35798645019531,258.4975891113281,46.0,24.0,-0.3142857142857143,283.27506585701803,-0.11476541919681864,462.4176025390625,0.4450550079345703,1.0,-0.4021012922592775,0.5,1779451170518750608
67.0,-0.011966395191848278,0.4726247191429138,0.29850420355796814,90.83478546142578,318.4603576660156,44.0,23.0,-0.31343283582089554,308.1121719926909,-0.03714946252284097,397.29315185546875,0.24154109954833985,1.0,-0.3802873061766592,0.5,1779451170552024992
71.0,-0.011909804306924343,0.48103147745132446,0.31318891048431396,86.83890533447266,316.26885986328125,45.0,26.0,-0.2676056338028169,285.5430303030303,-0.10767803030303025,149.35914611816406,-0.5332526683807373,1.0,-0.3726473056291422,0.5,1779451170585362994
75.0,-0.01532918494194746,0.4861704409122467,0.3195572793483734,83.68494415283203,220.111328125,50.0,25.0,-0.3333333333333333,330.19347082614644,0.03185459633170762,282.0377197265625,-0.11863212585449219,1.0,-0.38210227613651065,0.5,1779451170618441673
77.0,0.004580581560730934,0.4759695827960968,0.31981360912323,78.79287719726562,257.8565368652344,48.0,29.0,-0.24675324675324675,291.07865053322394,-0.0903792170836752,430.564453125,0.345513916015625,0.9849109649658203,-0.4001720159609853,0.5,1779451170651799213
73.0,-0.0010900519555434585,0.48977693915367126,0.32805514335632324,86.77469635009766,227.14093017578125,47.0,26.0,-0.2876712328767123,280.45215970993274,-0.12358700090646017,322.8756103515625,0.008986282348632812,1.0,-0.35095190232961526,0.5,1779451170685849651
68.0,-0.07398682832717896,0.5117521286010742,0.3482796251773834,87.90339660644531,318.4603576660156,47.0,21.0,-0.38235294117647056,331.8402423469388,0.03700075733418373,266.6412048339844,-0.16674623489379883,1.0,-0.3826943053130721,0.5,1779451170718731194
71.0,-0.012309269048273563,0.4874019920825958,0.31950128078460693,84.14775848388672,259.260498046875,46.0,25.0,-0.29577464788732394,331.8467475564543,0.03702108611391974,131.78341674804688,-0.5881768226623535,1.0,-0.3672347196687398,0.5,1779451170752112764
74.0,-0.03449331596493721,0.4909380078315735,0.33105936646461487,85.24205780029297,313.4613342285156,47.0,27.0,-0.2702702702702703,271.5731981981982,-0.1513337556306306,304.3640441894531,-0.048862361907958986,1.0,-0.3814727988485438,0.5,1779451170817660895
74.0,-0.016636377200484276,0.47282674908638,0.30386608839035034,79.55970764160156,308.4623107910156,45.0,29.0,-0.21621621621621623,261.85849056603774,-0.18169221698113205,339.62261962890625,0.06132068634033203,0.9944963455200195,-0.3620249650878851,0.5,1779451170852096014
73.0,-0.05960501730442047,0.5128870606422424,0.3535718023777008,81.98480987548828,251.45376586914062,48.0,25.0,-0.3150684931506849,300.13467741935483,-0.06207913306451616,310.16754150390625,-0.03072643280029297,1.0,-0.3635810009568446,0.5,1779451170917929095
79.0,0.030936304479837418,0.4738008677959442,0.3113709092140198,78.88873291015625,274.2571716308594,45.0,34.0,-0.13924050632911392,280.28190476190474,-0.12411904761904768,338.54449462890625,0.05795154571533203,0.9861091613769531,-0.36685562508786157,0.5,1779451171053508450
72.0,0.042089276015758514,0.5023161768913269,0.33873334527015686,87.12220001220703,266.5070495605469,42.0,30.0,-0.16666666666666666,311.4340447683498,-0.0267686100989069,461.3414306640625,0.4416919708251953,1.0,-0.40412764032314225,0.41250000000000003,1779451171124287967
77.0,0.008383417502045631,0.5084599852561951,0.35240086913108826,79.31670379638672,260.1095886230469,45.0,32.0,-0.16883116883116883,331.79148422165184,0.03684838819266201,331.0666809082031,0.03458337783813477,0.991458797454834,-0.36914152657672816,0.5,1779451171153314790
74.0,0.016997316852211952,0.5427509546279907,0.39019015431404114,87.54644775390625,249.47946166992188,40.0,34.0,-0.08108108108108109,282.10571999162323,-0.1184196250261774,310.52276611328125,-0.029616355895996094,1.0,-0.3789495076584076,0.5,1779451171186791141
70.0,0.04908694326877594,0.5296363234519958,0.37184539437294006,82.49507141113281,305.655029296875,38.0,32.0,-0.08571428571428572,301.3411513859275,-0.05830890191897655,385.41497802734375,0.2044218063354492,1.0,-0.34954891206795646,0.5,1779451171219206650
66.0,0.020321639254689217,0.5783618092536926,0.42412999272346497,87.05005645751953,290.6578674316406,37.0,29.0,-0.12121212121212122,302.31094913151367,-0.05527828396401979,329.44085693359375,0.029502677917480468,1.0,-0.3674267345479642,0.5,1779451171251848372
64.0,0.021572455763816833,0.5461342334747314,0.39212173223495483,89.63824462890625,331.2657470703125,36.0,28.0,-0.125,305.92972972972973,-0.043969594594594597,266.65850830078125,-0.1666921615600586,1.0,-0.37157674382617956,0.5,1779451171285055422
67.0,-0.0011450194288045168,0.511989951133728,0.3547118604183197,89.96654510498047,275.6610107421875,43.0,24.0,-0.2835820895522388,274.36690976366674,-0.14260340698854143,268.6578369140625,-0.1604442596435547,1.0,-0.3742769249042188,0.5,1779451171319196493
66.0,0.007148403208702803,0.5653107762336731,0.4117393493652344,90.95240020751953,267.85443115234375,36.0,30.0,-0.09090909090909091,327.2560423665547,0.022675132395483466,262.2904357910156,-0.18034238815307618,1.0,-0.3707546453537781,0.5,1779451171351581448
64.0,0.023807097226381302,0.5334340333938599,0.36787736415863037,87.1348876953125,282.0638122558594,40.0,24.0,-0.25,328.7084375,0.027213867187500008,255.51553344726562,-0.20151395797729493,1.0,-0.36555067385722,0.5,1779451171385163740
57.0,0.0843336433172226,0.6122767925262451,0.46187397837638855,99.94623565673828,317.67279052734375,31.0,26.0,-0.08771929824561403,303.35789029535863,-0.05200659282700428,273.8181457519531,-0.1443182945251465,1.0,-0.3321026431949713,0.75,1779451171417955517
61.0,0.011607734486460686,0.5600236654281616,0.404636025428772,90.7442855834961,267.85443115234375,34.0,27.0,-0.11475409836065574,310.4513387902331,-0.029839566280521625,267.5251770019531,-0.16398382186889648,1.0,-0.3693300452049159,0.5,1779451171451295470
57.0,0.040727078914642334,0.5590013861656189,0.4140109419822693,93.39361572265625,260.1095886230469,34.0,23.0,-0.19298245614035087,319.13986013986016,-0.002687937062936996,270.910400390625,-0.15340499877929686,1.0,-0.3660655766759565,0.5,1779451171483707397
58.0,0.029216932132840157,0.5796746015548706,0.43783432245254517,89.35867309570312,261.33502197265625,34.0,24.0,-0.1724137931034483,319.36051756885087,-0.001998382597341042,264.31353759765625,-0.1740201950073242,1.0,-0.3623424211205902,0.5,1779451171517446914
59.0,0.018346063792705536,0.5552927255630493,0.39260661602020264,91.52200317382812,319.8640441894531,35.0,24.0,-0.1864406779661017,323.18991161123137,0.00996847378509802,266.31536865234375,-0.16776447296142577,1.0,-0.3989809576839525,0.41250000000000003,1779451171617947767
55.0,0.061951424926519394,0.5631318688392639,0.41109219193458557,94.39701080322266,331.2657470703125,29.0,26.0,-0.05454545454545454,326.02580475510035,0.0188306398596886,335.1554870605469,0.047360897064208984,1.0,-0.35590019623740454,0.41250000000000003,1779451171651195694
49.0,0.06291286647319794,0.5697316527366638,0.42880913615226746,100.43701934814453,260.1095886230469,26.0,23.0,-0.061224489795918366,288.1834378042843,-0.09942675686161148,265.8055419921875,-0.16935768127441406,1.0,-0.36459156925113034,0.5,1779451171684614949
54.0,0.09788241237401962,0.5355886816978455,0.37720730900764465,94.97779083251953,266.5070495605469,27.0,27.0,0.0,281.83,-0.11928125000000005,264.3498229980469,-0.17390680313110352,1.0,-0.3901652971601744,0.41250000000000003,1779451171717831824
47.0,0.041957832872867584,0.6103387475013733,0.45293134450912476,102.16221618652344,269.25823974609375,26.0,21.0,-0.10638297872340426,331.5943322098896,0.03623228815590505,268.917236328125,-0.15963363647460938,1.0,-0.31045958844937166,0.41250000000000003,1779451171750890337
43.0,0.11075212806463242,0.6365620493888855,0.48873794078826904,106.77034759521484,267.85443115234375,23.0,20.0,-0.06976744186046512,326.30894981464064,0.019715468170752003,268.031494140625,-0.16240158081054687,1.0,-0.36006759658859366,0.55,1779451171786746542
41.0,0.11597666144371033,0.6546355485916138,0.5105348825454712,102.21134185791016,271.4497985839844,22.0,19.0,-0.07317073170731707,341.91883789088763,0.06849636840902384,266.7994079589844,-0.16625185012817384,1.0,-0.35712927853481286,0.55,1779451171851786975
39.0,0.07616806030273438,0.663436233997345,0.5504248142242432,107.7290267944336,265.9661560058594,23.0,16.0,-0.1794871794871795,329.6318640436112,0.030099575136284962,267.68365478515625,-0.16348857879638673,1.0,-0.36627148777624496,0.75,1779451171884578332
42.0,0.13278920948505402,0.6616858839988708,0.5402164459228516,107.83009338378906,259.9422912597656,23.0,19.0,-0.09523809523809523,331.1940366972477,0.03498136467889914,277.07220458984375,-0.13414936065673827,1.0,-0.3304620956806809,0.55,1779451171917196491
37.0,0.05998191237449646,0.6409274935722351,0.49606209993362427,108.16584777832031,269.0074462890625,22.0,15.0,-0.1891891891891892,330.77066525365785,0.033658328917680794,265.66046142578125,-0.16981105804443358,1.0,-0.38163205393693583,0.75,1779451171951603820
37.0,0.1238701269030571,0.6918811202049255,0.5629138350486755,110.66455078125,257.15753173828125,20.0,17.0,-0.08108108108108109,328.7257575757576,0.027267992424242493,269.8101806640625,-0.1568431854248047,1.0,-0.3295857398468597,0.55,1779451171985415397
40.0,0.03857918456196785,0.7029699087142944,0.5475746393203735,106.96931457519531,285.35064697265625,23.0,17.0,-0.15,329.45422459893047,0.029544451871657707,271.08209228515625,-0.15286846160888673,1.0,-0.3881734904688886,1.0,1779451172018697869
34.0,0.10707417875528336,0.6817922592163086,0.5418378710746765,115.67675018310547,267.66021728515625,20.0,14.0,-0.17647058823529413,328.11494324869193,0.02535919765216228,266.23626708984375,-0.16801166534423828,1.0,-0.3614766528519026,0.55,1779451172051414057
35.0,0.11612093448638916,0.700181245803833,0.5608097910881042,115.91494750976562,315.8258972167969,21.0,14.0,-0.2,326.4423760350647,0.020132425109577134,268.1428527832031,-0.16205358505249023,1.0,-0.3165745764957089,0.55,1779451172084538162
38.0,0.013097836636006832,0.656523585319519,0.5360191464424133,107.63370513916016,288.9186706542969,23.0,15.0,-0.21052631578947367,274.80354267310787,-0.1412389291465379,269.730712890625,-0.15709152221679687,1.0,-0.3974152607373658,0.41250000000000003,1779451172118756422
35.0,0.06555743515491486,0.7220878601074219,0.6006544828414917,122.50357055664062,283.9383850097656,20.0,15.0,-0.14285714285714285,328.12239866478865,0.025382495827464525,267.76409912109375,-0.16323719024658204,1.0,-0.3262111789560958,1.0,1779451172150380694
44.0,0.018663285300135612,0.6593702435493469,0.5167736411094666,110.84520721435547,305.1966552734375,26.0,18.0,-0.18181818181818182,283.79774305555554,-0.11313205295138892,267.787841796875,-0.16316299438476561,1.0,-0.36096213463440524,0.55,1779451172217946905
34.0,0.07129688560962677,0.6933460235595703,0.5765194892883301,125.26664733886719,321.4747314453125,20.0,14.0,-0.17647058823529413,326.3565986279802,0.019864370712438094,268.6840515136719,-0.1603623390197754,1.0,-0.3344841773542999,0.41250000000000003,1779451172254908081
37.0,0.09177859127521515,0.6510539054870605,0.5109621286392212,115.89149475097656,287.50653076171875,20.0,17.0,-0.08108108108108109,327.5616062308478,0.02363001947139942,267.3880615234375,-0.1644123077392578,1.0,-0.3405178146906509,0.41250000000000003,1779451172286013974
38.0,-0.02308443747460842,0.6250879764556885,0.49877142906188965,107.82012176513672,308.0211181640625,21.0,17.0,-0.10526315789473684,280.6145742746462,-0.12307945539173062,267.2356262207031,-0.16488866806030272,1.0,-0.3665013264045372,0.5,1779451172318229356
41.0,0.011744784191250801,0.6697428822517395,0.5536672472953796,106.72605895996094,312.2579040527344,24.0,17.0,-0.17073170731707318,278.95183705234524,-0.1282755092114211,266.0880126953125,-0.16847496032714843,1.0,-0.3303059112007676,0.41250000000000003,1779451172384165467
38.0,0.014976194128394127,0.6737233400344849,0.5586776733398438,120.8783950805664,321.4747314453125,22.0,16.0,-0.15789473684210525,272.5898819851081,-0.14815661879653721,265.8260498046875,-0.16929359436035157,1.0,-0.37081766681011363,0.41250000000000003,1779451172417467117
38.0,-0.009023088030517101,0.6755669116973877,0.553209662437439,112.47344970703125,321.4747314453125,23.0,15.0,-0.21052631578947367,301.89671977673913,-0.05657275069769021,266.72650146484375,-0.1664796829223633,1.0,-0.34825262527793016,0.75,1779451172451475938
38.0,-0.02009955234825611,0.7047368884086609,0.6098171472549438,111.63841247558594,321.4747314453125,23.0,15.0,-0.21052631578947367,277.5366413043478,-0.13269799592391304,267.184814453125,-0.16504745483398436,1.0,-0.33090886211845005,0.41250000000000003,1779451172488458768
31.0,-0.029777394607663155,0.6904762983322144,0.5682851672172546,131.75489807128906,320.0625,20.0,11.0,-0.2903225806451613,275.9451612903225,-0.13767137096774212,266.2001953125,-0.1681243896484375,1.0,-0.36917287327648907,0.41250000000000003,1779451172519434953
38.0,0.040522512048482895,0.6681155562400818,0.5529550909996033,114.08939361572266,327.81243896484375,22.0,16.0,-0.15789473684210525,264.17532327586207,-0.17445211476293104,265.8473205566406,-0.16922712326049805,1.0,-0.3773764320157869,0.41250000000000003,1779451172554366543
34.0,0.02306966483592987,0.6858906745910645,0.5754016637802124,120.26290893554688,334.2154846191406,21.0,13.0,-0.23529411764705882,274.60504201680675,-0.1418592436974789,266.65325927734375,-0.1667085647583008,1.0,-0.30647793610913965,0.41250000000000003,1779451172617588185
34.0,-0.00629546819254756,0.6992529630661011,0.578938364982605,130.70608520507812,330.6251525878906,21.0,13.0,-0.23529411764705882,278.74730477855474,-0.12891467256701644,264.298828125,-0.174066162109375,1.0,-0.30136001493560893,0.41250000000000003,1779451172651192792
36.0,0.04470166191458702,0.6328012943267822,0.4832770526409149,108.25558471679688,327.81243896484375,21.0,15.0,-0.16666666666666666,276.2182562345326,-0.13681794926708565,267.2984924316406,-0.16469221115112304,1.0,-0.36106772299004813,0.41250000000000003,1779451172684662695
41.0,0.0211896151304245,0.6558331847190857,0.5358292460441589,112.24176025390625,329.2187805175781,24.0,17.0,-0.17073170731707318,276.68840579710144,-0.135348731884058,266.80682373046875,-0.16622867584228515,1.0,-0.3617694582161316,0.41250000000000003,1779451172717514329
39.0,0.09176282584667206,0.6985079050064087,0.5769053101539612,110.09310913085938,329.2187805175781,21.0,18.0,-0.07692307692307693,303.23324826518325,-0.05239609917130235,266.63861083984375,-0.1667543411254883,1.0,-0.31752961698245047,0.55,1779451172750898276
33.0,-0.012424614280462265,0.6849973201751709,0.5564532279968262,125.9738540649414,339.2123107910156,21.0,12.0,-0.2727272727272727,255.34675491818348,-0.20204139088067663,265.26019287109375,-0.17106189727783203,1.0,-0.3458928488923131,0.41250000000000003,1779451172784660484
37.0,0.051840148866176605,0.7049511671066284,0.5900793075561523,117.26600646972656,339.2123107910156,21.0,16.0,-0.13513513513513514,266.0467141978757,-0.16860401813163844,267.0587158203125,-0.16544151306152344,1.0,-0.37048858490840614,0.55,1779451172816998365
45.0,0.04944147542119026,0.6837415099143982,0.5473114848136902,107.85227966308594,340.6185607910156,28.0,17.0,-0.24444444444444444,273.952492211838,-0.1438984618380063,266.6153564453125,-0.16682701110839843,1.0,-0.3310189253947349,0.55,1779451172849974587
39.0,0.05806729197502136,0.6654210686683655,0.5260752439498901,105.12738800048828,338.43463134765625,23.0,16.0,-0.1794871794871795,276.84320882852296,-0.13486497241086576,266.7275085449219,-0.16647653579711913,1.0,-0.3496633807550284,0.55,1779451172887405201
46.0,0.033109262585639954,0.6435701251029968,0.49336984753608704,102.6740493774414,338.43463134765625,26.0,20.0,-0.13043478260869565,275.9214866434379,-0.13774535423925655,267.45465087890625,-0.16420421600341797,1.0,-0.3087023604967164,0.55,1779451172918372707
40.0,0.09686483442783356,0.5909767746925354,0.4382243752479553,97.63233184814453,339.2123107910156,21.0,19.0,-0.05,252.5874542124542,-0.21066420558608065,265.9051513671875,-0.16904640197753906,1.0,-0.34522562974077403,0.41250000000000003,1779451172953292786
43.0,0.04706454649567604,0.6319698095321655,0.4893786907196045,104.72311401367188,338.43463134765625,22.0,21.0,-0.023255813953488372,323.3730650154799,0.010540828173374628,267.92901611328125,-0.1627218246459961,1.0,-0.3669362546768679,0.41250000000000003,1779451173018205111
41.0,0.1312277615070343,0.6101710200309753,0.47489628195762634,104.79400634765625,335.621826171875,20.0,21.0,0.024390243902439025,300.33225159618064,-0.0614617137619355,287.23516845703125,-0.10239009857177735,1.0,-0.36830029083325805,0.41250000000000003,1779451173051167282
45.0,0.06319043040275574,0.6204295754432678,0.4814220070838928,101.71625518798828,337.0281982421875,21.0,24.0,0.06666666666666667,324.4913608231908,0.01403550257247126,264.403564453125,-0.17373886108398437,1.0,-0.3446907095991197,0.41250000000000003,1779451173184679417
42.0,0.07425489276647568,0.6759268641471863,0.5336322784423828,114.76762390136719,335.621826171875,23.0,19.0,-0.09523809523809523,313.9934874670589,-0.018770351665440898,268.67041015625,-0.16040496826171874,1.0,-0.3254859031079219,0.55,1779451173218020572
41.0,0.09079106897115707,0.5748963356018066,0.4211999773979187,97.0215072631836,333.4381408691406,22.0,19.0,-0.07317073170731707,327.46710662856987,0.023334708214280832,271.8472900390625,-0.15047721862792968,1.0,-0.3320744989503451,0.5,1779451173284192852
48.0,0.16439774632453918,0.5640713572502136,0.40585002303123474,91.0439224243164,325.6286315917969,26.0,22.0,-0.08333333333333333,326.1675059008655,0.01927345594020462,391.2553405761719,0.2226729393005371,1.0,-0.3265730226632571,0.55,1779451173351031212
46.0,0.06954334676265717,0.6154142022132874,0.47312983870506287,108.22730255126953,276.4814758300781,24.0,22.0,-0.043478260869565216,319.3707496900719,-0.00196640721852539,270.2606201171875,-0.15543556213378906,1.0,-0.3625193619496106,0.41250000000000003,1779451173384704693
43.0,-0.003135654842481017,0.6567836999893188,0.5068995952606201,110.7354736328125,275.94927978515625,27.0,16.0,-0.2558139534883721,322.2753101240496,0.007110344137655033,272.35150146484375,-0.1489015579223633,1.0,-0.2931965296190199,0.41250000000000003,1779451173417766080
44.0,0.057863008230924606,0.6249823570251465,0.4664911925792694,101.0993881225586,284.29034423828125,24.0,20.0,-0.09090909090909091,324.53225806451616,0.014163306451612989,271.1763916015625,-0.1525737762451172,1.0,-0.2930714539360368,0.41250000000000003,1779451173450398685
47.0,0.09562551975250244,0.5869864225387573,0.4208175241947174,106.80299377441406,282.12408447265625,26.0,21.0,-0.10638297872340426,325.54259072580646,0.017320596018145194,269.8179931640625,-0.15681877136230468,1.0,-0.2953024058041037,0.41250000000000003,1779451173484598001
45.0,0.12204853445291519,0.6295294761657715,0.4517311453819275,96.60420227050781,282.12408447265625,27.0,18.0,-0.2,304.538961038961,-0.04831574675324681,271.6727600097656,-0.15102262496948243,1.0,-0.2992644947413192,0.55,1779451173517795621
50.0,0.06545409560203552,0.5776846408843994,0.38675156235694885,96.58781433105469,282.12408447265625,28.0,22.0,-0.12,314.503202444803,-0.017177492359990686,272.07916259765625,-0.14975261688232422,1.0,-0.3339589184256403,0.55,1779451173551520488
51.0,0.03921710327267647,0.5849603414535522,0.41628989577293396,95.48457336425781,285.39447021484375,28.0,23.0,-0.09803921568627451,313.12229416849976,-0.021492830723438237,266.70452880859375,-0.16654834747314454,1.0,-0.3729556873307901,0.41250000000000003,1779451173583908344
41.0,0.041661251336336136,0.6216298937797546,0.4412945508956909,107.53214263916016,282.12408447265625,21.0,20.0,-0.024390243902439025,322.91804655921266,0.009118895497539548,346.309814453125,0.08221817016601562,1.0,-0.30331151795205386,0.41250000000000003,1779451173617251194
50.0,0.03320259973406792,0.6061106324195862,0.4185984134674072,102.35710144042969,286.5745849609375,28.0,22.0,-0.12,312.708041958042,-0.02278736888111883,223.87725830078125,-0.3003835678100586,1.0,-0.3361640264092262,0.55,1779451173650253185
48.0,0.04289888218045235,0.5916654467582703,0.4132119417190552,100.499267578125,284.29034423828125,28.0,20.0,-0.16666666666666666,320.28153910849454,0.0008798097140454431,269.44842529296875,-0.15797367095947265,1.0,-0.31654063164010465,0.41250000000000003,1779451173683518319
49.0,0.039112821221351624,0.5996115803718567,0.4302590787410736,98.41580963134766,295.0542297363281,28.0,21.0,-0.14285714285714285,320.4912587412588,0.0015351835664336733,266.47393798828125,-0.1672689437866211,1.0,-0.3067161364932092,0.41250000000000003,1779451173716726500
51.0,0.04721950367093086,0.5402117967605591,0.3594406247138977,91.93963623046875,282.12408447265625,26.0,25.0,-0.0196078431372549,270.49330049261084,-0.1547084359605911,176.38427734375,-0.44879913330078125,1.0,-0.36993805247981393,0.41250000000000003,1779451173751252381
55.0,0.18553012609481812,0.5545101761817932,0.4095378518104553,83.96931457519531,279.3027038574219,27.0,28.0,0.01818181818181818,311.2388868066974,-0.027378478729070642,267.5683898925781,-0.16384878158569335,1.0,-0.3502865095842386,0.55,1779451173786607149
58.0,0.07390429079532623,0.5640376210212708,0.3942166566848755,87.28572082519531,283.98590087890625,29.0,29.0,0.0,321.26322275854983,0.003947571120468218,418.02880859375,0.30634002685546874,1.0,-0.30258017117896147,0.41250000000000003,1779451173817416221
53.0,0.055073633790016174,0.5483997464179993,0.36940470337867737,93.7716064453125,288.21173095703125,28.0,25.0,-0.05660377358490566,321.71468306948947,0.005358384592154586,255.81039428710938,-0.2005925178527832,1.0,-0.31726994226659533,0.41250000000000003,1779451173850983757
56.0,0.07300349324941635,0.5765390992164612,0.4213770031929016,88.38804626464844,284.94561767578125,33.0,23.0,-0.17857142857142858,321.51457310312054,0.004733040947251688,266.80792236328125,-0.16622524261474608,1.0,-0.35544463063173615,0.41250000000000003,1779451173885259178
50.0,0.035555850714445114,0.5686922073364258,0.4157496988773346,101.63208770751953,287.2559814453125,25.0,25.0,0.0,320.8145933014354,0.002545604066985696,267.31182861328125,-0.1646505355834961,1.0,-0.32302014564819576,0.5,1779451173917047548
58.0,0.10107714682817459,0.5399574637413025,0.36805638670921326,88.7287826538086,283.5348205566406,30.0,28.0,-0.034482758620689655,323.46835443037975,0.010838607594936711,265.3398132324219,-0.17081308364868164,1.0,-0.3163923078507009,0.41250000000000003,1779451173989481385
50.0,0.06790513545274734,0.5975444316864014,0.43092551827430725,102.55015563964844,283.5348205566406,27.0,23.0,-0.08,323.06426351431026,0.009575823482219548,269.1113586425781,-0.15902700424194335,1.0,-0.3126214782455565,0.41250000000000003,1779451174018599610
58.0,0.09080237150192261,0.5831261277198792,0.4206431806087494,87.15201568603516,286.5745849609375,31.0,27.0,-0.06896551724137931,276.963474025974,-0.13448914366883127,393.5929870605469,0.22997808456420898,1.0,-0.3380646228664564,0.55,1779451174051241475
49.0,0.07565478980541229,0.599711000919342,0.4357549846172333,91.20370483398438,283.5348205566406,24.0,25.0,0.02040816326530612,332.51278898180027,0.03910246556812584,423.7783203125,0.3243072509765625,1.0,-0.30509842108934365,0.41250000000000003,1779451174084212560
56.0,0.07624982297420502,0.5719688534736633,0.3903346657752991,89.12764739990234,283.5348205566406,31.0,25.0,-0.10714285714285714,302.44213057022887,-0.054868341968034785,170.68731689453125,-0.46660213470458983,1.0,-0.3476182244571154,1.0,1779451174117139192
52.0,0.09578318893909454,0.5520718693733215,0.3782682418823242,89.41026306152344,284.94561767578125,28.0,24.0,-0.07692307692307693,297.70302714896656,-0.06967804015947951,433.67529296875,0.35523529052734376,1.0,-0.34045590037952855,0.75,1779451174150426382
54.0,0.05417041853070259,0.5467550754547119,0.35889995098114014,90.94544219970703,295.0542297363281,29.0,25.0,-0.07407407407407407,299.6947000762922,-0.06345406226158694,442.7103271484375,0.3834697723388672,1.0,-0.31551597750494687,0.41250000000000003,1779451174183491444
52.0,0.08133143931627274,0.5635046362876892,0.39519697427749634,95.91551971435547,284.94561767578125,31.0,21.0,-0.19230769230769232,296.9901520497851,-0.07190577484442162,446.25982666015625,0.3945619583129883,1.0,-0.2830419609086696,0.41250000000000003,1779451174217137791
54.0,-0.015764590352773666,0.5348716974258423,0.3571944832801819,96.08074951171875,283.5348205566406,32.0,22.0,-0.18518518518518517,323.05696839200135,0.009553026225004225,264.2818603515625,-0.1741191864013672,1.0,-0.33596264533712805,0.5,1779451174250448069
57.0,0.008193528279662132,0.5462909936904907,0.38687223196029663,89.9952621459961,284.94561767578125,31.0,26.0,-0.08771929824561403,297.8775555404116,-0.06913263893621373,170.31890869140625,-0.46775341033935547,1.0,-0.3097017110487971,0.5,1779451174283283315
54.0,0.06003706529736519,0.5652705430984497,0.3884695768356323,94.19095611572266,284.94561767578125,28.0,26.0,-0.037037037037037035,322.8928571428571,0.00904017857142847,420.6905517578125,0.31465797424316405,1.0,-0.3547480565349916,0.75,1779451174316548328
58.0,0.12195888161659241,0.5850690603256226,0.41434580087661743,88.70660400390625,285.1613464355469,31.0,27.0,-0.06896551724137931,318.58248190719456,-0.004429744040016992,272.3219909667969,-0.14899377822875975,1.0,-0.3342403294842511,1.0,1779451174350912962
54.0,0.0854516327381134,0.6101639270782471,0.444254606962204,94.0962905883789,281.369873046875,28.0,26.0,-0.037037037037037035,322.63608365378656,0.00823776141808299,320.15533447265625,0.00048542022705078125,1.0,-0.31925086852351775,0.55,1779451174384425073
58.0,0.09264405071735382,0.5920519828796387,0.4261226952075958,92.39276123046875,284.94561767578125,31.0,27.0,-0.06896551724137931,324.1142857142857,0.012857142857142812,267.99969482421875,-0.1625009536743164,1.0,-0.34752633602149396,1.0,1779451174417164249
51.0,0.011919966898858547,0.5884581804275513,0.4151526689529419,97.60391998291016,284.94561767578125,26.0,25.0,-0.0196078431372549,324.1935687263556,0.013104902269861185,254.84164428710938,-0.2036198616027832,1.0,-0.35791664552285335,0.75,1779451174450642344
58.0,0.0816848948597908,0.5852354764938354,0.43747198581695557,88.34528350830078,279.95892333984375,29.0,29.0,0.0,323.9764650178253,0.012426453180704122,267.8665771484375,-0.1629169464111328,1.0,-0.33893062872470525,0.75,1779451174483549484
52.0,0.13606439530849457,0.5672218203544617,0.41681843996047974,99.66194152832031,272.15069580078125,23.0,29.0,0.11538461538461539,358.995167073428,0.12185989710446243,266.9808349609375,-0.16568489074707032,1.0,-0.27311098560733044,0.41250000000000003,1779451174518573590
57.0,0.08256594836711884,0.5936322808265686,0.4417458176612854,95.1162338256836,279.4011535644531,28.0,29.0,0.017543859649122806,323.4717741935484,0.01084929435483879,267.30963134765625,-0.1646574020385742,1.0,-0.3334813247866514,0.75,1779451174550811715
54.0,0.0838845819234848,0.5478599667549133,0.37192365527153015,94.4266128540039,279.95892333984375,26.0,28.0,0.037037037037037035,323.91189596366087,0.012224674886440213,272.06292724609375,-0.14980335235595704,1.0,-0.34576940065136913,0.41250000000000003,1779451174585438296
54.0,0.0684804767370224,0.6089286804199219,0.42870575189590454,94.36829376220703,278.7759094238281,28.0,26.0,-0.037037037037037035,322.6313647894952,0.008223014967172482,267.2253723144531,-0.16492071151733398,1.0,-0.2957279957805357,1.0,1779451174618472394
59.0,0.19339506328105927,0.593644380569458,0.4605289101600647,93.75387573242188,277.8920593261719,27.0,32.0,0.0847457627118644,323.8735135674381,0.012104729898244137,263.797119140625,-0.17563400268554688,1.0,-0.3137772737728942,1.0,1779451174650028025
59.0,0.15360087156295776,0.6032156944274902,0.4428466260433197,91.48993682861328,279.95892333984375,28.0,31.0,0.05084745762711865,319.42871745945206,-0.0017852579392123146,438.748291015625,0.37108840942382815,1.0,-0.3218903504019616,1.0,1779451174683520346
55.0,0.1520705670118332,0.5748937726020813,0.4226129651069641,90.70094299316406,265.3243408203125,23.0,32.0,0.16363636363636364,324.04484236025934,0.012640132375810431,271.2608337402344,-0.15230989456176758,1.0,-0.27118204058797557,0.55,1779451174784833720
55.0,0.12021780759096146,0.5720807313919067,0.4216814935207367,92.37391662597656,279.3027038574219,25.0,30.0,0.09090909090909091,322.53024185447913,0.00790700579524728,273.2342529296875,-0.14614295959472656,1.0,-0.30600472395030154,0.41250000000000003,1779451174820178532
54.0,0.13328541815280914,0.5950185060501099,0.4359467029571533,90.92365264892578,265.6332092285156,25.0,29.0,0.07407407407407407,324.9015151515152,0.015317234848484951,182.7315673828125,-0.42896385192871095,1.0,-0.2659656438551688,0.55,1779451174850849454
56.0,0.12151693552732468,0.5439192056655884,0.38959193229675293,93.82913970947266,286.8030700683594,24.0,32.0,0.14285714285714285,321.3158533105023,0.00411204159531966,274.31256103515625,-0.14277324676513672,1.0,-0.2998678464232597,0.5,1779451174883624780
58.0,0.055045053362846375,0.5590516328811646,0.3949260711669922,77.76028442382812,277.13714599609375,29.0,29.0,0.0,326.2999879865839,0.019687462458074734,275.1161193847656,-0.14026212692260742,0.9720035552978515,-0.2926074650376684,0.5,1779451174917825997
50.0,0.12500007450580597,0.568768322467804,0.4171181619167328,94.94377136230469,266.5070495605469,23.0,27.0,0.08,323.69164792297255,0.011536399759289218,265.0537414550781,-0.17170705795288085,1.0,-0.2897790170907786,0.5,1779451174953531014
53.0,0.11071162670850754,0.614412784576416,0.4701865315437317,94.58836364746094,265.6332092285156,25.0,28.0,0.05660377358490566,319.6444390480816,-0.0011111279747449744,265.41162109375,-0.17058868408203126,1.0,-0.3084051873008384,0.75,1779451174984187247
53.0,0.1706269085407257,0.5689864754676819,0.42633527517318726,88.19995880126953,263.4273986816406,24.0,29.0,0.09433962264150944,320.13270053475935,0.00041468917112297277,267.24664306640625,-0.16485424041748048,1.0,-0.342190565667748,1.0,1779451175017641150
57.0,0.10435521602630615,0.6341394782066345,0.4766952097415924,85.09906768798828,264.824462890625,28.0,29.0,0.017543859649122806,318.2613928112965,-0.005433147464698429,267.51434326171875,-0.1640176773071289,1.0,-0.26687037789607626,1.0,1779451175052557590
63.0,0.15666881203651428,0.5533342957496643,0.41465485095977783,76.97860717773438,266.2217102050781,29.0,34.0,0.07936507936507936,314.10039682539684,-0.018436259920634867,432.3384094238281,0.3510575294494629,0.9622325897216797,-0.3011984562312425,0.75,1779451175089330917
51.0,0.10052094608545303,0.5766869783401489,0.42514973878860474,91.93096160888672,271.1825866699219,26.0,25.0,-0.0196078431372549,319.03201415701415,-0.003024955759330794,265.3216552734375,-0.1708698272705078,1.0,-0.2906491150734776,0.5,1779451175122576464
46.0,0.1926228106021881,0.5777652859687805,0.44419926404953003,93.51069641113281,288.21173095703125,24.0,22.0,-0.043478260869565216,317.15544005544,-0.008889249826749967,264.8453369140625,-0.17235832214355468,1.0,-0.29789576000681844,0.75,1779451175152469115
52.0,0.19252505898475647,0.6188353300094604,0.4898570775985718,90.07528686523438,271.1825866699219,22.0,30.0,0.15384615384615385,317.5383535222439,-0.007692645242987873,264.3231201171875,-0.17399024963378906,1.0,-0.2966795157210039,1.0,1779451175183791699
54.0,0.14336147904396057,0.6099743247032166,0.46061500906944275,88.59082794189453,276.8772277832031,27.0,27.0,0.0,316.91752450980397,-0.009632735906862599,262.4847717285156,-0.17973508834838867,1.0,-0.26995325968099537,0.55,1779451175216910608
47.0,0.2094293087720871,0.5589839220046997,0.4356917440891266,92.5407485961914,276.8772277832031,20.0,27.0,0.14893617021276595,330.4064066252933,0.032520020704041565,249.1072540283203,-0.22153983116149903,1.0,-0.30706008292155323,0.75,1779451175250587024
49.0,0.143471360206604,0.567409098148346,0.427545428276062,91.28043365478516,254.82542419433594,20.0,29.0,0.1836734693877551,330.51320355480317,0.032853761108759906,433.42681884765625,0.3544588088989258,1.0,-0.29505053344371657,0.5,1779451175283507116
49.0,0.22139161825180054,0.5957328677177429,0.4650137424468994,95.38573455810547,288.21173095703125,21.0,28.0,0.14285714285714285,318.6461538461538,-0.004230769230769304,264.408935546875,-0.17372207641601561,1.0,-0.2899761982284241,1.0,1779451175316428387
41.0,0.1829620599746704,0.605335533618927,0.47247564792633057,103.2256088256836,266.2217102050781,20.0,21.0,0.024390243902439025,318.8107129927594,-0.0037165218976268123,268.0328674316406,-0.16239728927612304,1.0,-0.2614971232047061,0.41250000000000003,1779451175351188785
42.0,0.16827023029327393,0.6388493776321411,0.4926351308822632,108.55624389648438,284.6278381347656,21.0,21.0,0.0,315.79306940987334,-0.013146658094145813,265.7879638671875,-0.16941261291503906,1.0,-0.28893844028536814,0.55,1779451175395547934
45.0,0.2232322096824646,0.5795696973800659,0.46096792817115784,103.52367401123047,276.8772277832031,20.0,25.0,0.1111111111111111,316.76206896551724,-0.010118534482758613,264.0355529785156,-0.17488889694213866,1.0,-0.2718986949712204,0.75,1779451175422852986
39.0,0.2261449545621872,0.6211320757865906,0.4888823628425598,108.80290985107422,276.134033203125,19.0,20.0,0.02564102564102564,328.6489653073646,0.027028016585514437,267.108154296875,-0.16528701782226562,1.0,-0.31310084924819126,0.55,1779451175456401566
37.0,0.1902570277452469,0.654122531414032,0.5126360058784485,108.92887878417969,276.8772277832031,19.0,18.0,-0.02702702702702703,342.6093607305936,0.07065425228310503,265.0090637207031,-0.17184667587280272,1.0,-0.28363359508917574,1.0,1779451175516522423
31.0,0.2573418617248535,0.6546622514724731,0.5629293918609619,118.47252655029297,276.8772277832031,13.0,18.0,0.16129032258064516,343.3231007561966,0.07288468986311436,267.8032531738281,-0.1631148338317871,1.0,-0.2562177033509765,0.41250000000000003,1779451175550461158
34.0,0.26298844814300537,0.6463189721107483,0.5494952201843262,105.80998229980469,262.0114440917969,14.0,20.0,0.17647058823529413,317.8866269447203,-0.006604290797749002,266.983154296875,-0.16567764282226563,1.0,-0.342495212583115,0.55,1779451175582824438
29.0,0.27488479551732364,0.6855353656790875,0.5986455000079688,119.10491943359375,277.54638671875,13.0,16.0,0.10344827586206896,340.35,0.06359375000000007,264.0693664550781,-0.17478322982788086,1.0,-0.2616232141381105,0.41250000000000003,1779451175616111412
27.0,0.1965228021144867,0.7230124473571777,0.6091616749763489,123.0763168334961,307.1969909667969,12.0,15.0,0.1111111111111111,331.22539824329044,0.035079369510282635,264.13897705078125,-0.1745656967163086,1.0,-0.25581137884846555,0.75,1779451175683894377
30.0,0.21436049044132233,0.730873167514801,0.6308556795120239,115.35702514648438,277.54638671875,15.0,15.0,0.0,298.4934062850729,-0.06720810535914712,265.29595947265625,-0.17095012664794923,1.0,-0.3162503495008914,1.0,1779451175721901992
29.0,0.22766810655593872,0.7103011012077332,0.6041565537452698,119.7594223022461,325.0,14.0,15.0,0.034482758620689655,332.11753246753244,0.03786728896103888,267.40765380859375,-0.16435108184814454,1.0,-0.28978936161058594,1.0,1779451175755928533
31.0,0.2800578474998474,0.7204518914222717,0.6321918368339539,111.48218536376953,282.5260925292969,13.0,18.0,0.16129032258064516,322.7717391304348,0.008661684782608781,267.43756103515625,-0.16425762176513672,1.0,-0.2969522875389357,0.55,1779451175786590929
33.0,0.17918644845485687,0.6971901655197144,0.5927627682685852,114.19290924072266,282.5260925292969,13.0,20.0,0.21212121212121213,320.76462984723855,0.002389468272620476,267.81573486328125,-0.1630758285522461,1.0,-0.24995788360785637,0.41250000000000003,1779451175817020975
35.0,0.2829650938510895,0.7113838195800781,0.6344707012176514,109.33052825927734,281.1138610839844,16.0,19.0,0.08571428571428572,333.7815026430348,0.04306719575948374,267.2414855957031,-0.16487035751342774,1.0,-0.25513471520018177,0.55,1779451175885643521
33.0,0.1774611622095108,0.6923190951347351,0.5981847047805786,108.07123565673828,281.1138610839844,15.0,18.0,0.09090909090909091,330.95223609991945,0.03422573781224827,268.7068786621094,-0.1602910041809082,1.0,-0.32339746875686026,0.41250000000000003,1779451175916801538
28.0,0.271759569644928,0.7157712578773499,0.6360135078430176,108.60224914550781,281.1138610839844,12.0,16.0,0.14285714285714285,331.0462862564381,0.03451964455136913,267.931396484375,-0.16271438598632812,1.0,-0.2962441636982675,1.0,1779451175950608694
28.0,0.21718594431877136,0.7660194635391235,0.6885895133018494,131.4615478515625,279.7016296386719,12.0,16.0,0.14285714285714285,307.2374270148572,-0.03988304057857128,268.6418762207031,-0.16049413681030272,1.0,-0.2847463724298105,0.55,1779451175989709306
29.0,0.13370250165462494,0.7278149724006653,0.6312184929847717,109.52824401855469,279.7016296386719,13.0,16.0,0.10344827586206896,318.2756506885971,-0.005388591598133985,269.64404296875,-0.15736236572265624,1.0,-0.30026992226099947,0.41250000000000003,1779451176022490839
28.0,0.13855335116386414,0.7494852542877197,0.6672115921974182,121.48411560058594,279.7016296386719,15.0,13.0,-0.07142857142857142,306.9885045084128,-0.04066092341120999,269.1885986328125,-0.15878562927246093,1.0,-0.2906778367873877,0.41250000000000003,1779451176086264780
28.0,0.1489868462085724,0.7598622441291809,0.6829901933670044,134.61546325683594,286.5815734863281,14.0,14.0,0.0,317.46965579710144,-0.007907325634058004,268.11944580078125,-0.1621267318725586,1.0,-0.2383958779928452,0.41250000000000003,1779451176117396046
31.0,0.24184802174568176,0.7259268760681152,0.6585667133331299,107.85621643066406,270.4847412109375,15.0,16.0,0.03225806451612903,316.5641364580597,-0.01073707356856346,267.641845703125,-0.16361923217773439,1.0,-0.2509468550392281,0.55,1779451176149434854
35.0,0.14614206552505493,0.6788707375526428,0.5795366764068604,106.76991271972656,276.134033203125,17.0,18.0,0.02857142857142857,317.94975630932424,-0.006407011533361739,268.58038330078125,-0.16068630218505858,1.0,-0.3300899460252795,0.41250000000000003,1779451176183443710
34.0,0.17564506828784943,0.6793943047523499,0.5851650834083557,116.62947082519531,276.8772277832031,16.0,18.0,0.058823529411764705,318.6758848278255,-0.0041378599130453605,267.4505920410156,-0.16421689987182617,1.0,-0.23776746636974036,0.41250000000000003,1779451176252429237
36.0,0.1665605753660202,0.6581801176071167,0.5499016642570496,108.60110473632812,276.134033203125,16.0,20.0,0.1111111111111111,307.349614724986,-0.03953245398441876,270.90484619140625,-0.15342235565185547,1.0,-0.3123731150354173,0.41250000000000003,1779451176284145361
35.0,0.1839812994003296,0.6854946613311768,0.5718057155609131,103.80474090576172,262.80029296875,18.0,17.0,-0.02857142857142857,297.28553854234,-0.07098269205518744,268.2806701660156,-0.16162290573120117,1.0,-0.2899936277658379,0.55,1779451176316876697
36.0,0.11605044454336166,0.7113848328590393,0.5914594531059265,110.85895538330078,277.54638671875,21.0,15.0,-0.16666666666666666,314.94223225533904,-0.01580552420206551,265.5004577636719,-0.1703110694885254,1.0,-0.24433216013113923,0.55,1779451176350924322
33.0,0.15255305171012878,0.6875365972518921,0.594123125076294,116.22547912597656,283.0158996582031,18.0,15.0,-0.09090909090909091,319.4144576212068,-0.0018298199337287713,266.3116760253906,-0.1677760124206543,1.0,-0.23290211231654134,0.41250000000000003,1779451176383454267
31.0,0.2059393674135208,0.6829870343208313,0.6019251346588135,106.86943054199219,269.0724792480469,15.0,16.0,0.03225806451612903,316.35669523732514,-0.011385327383358934,265.7835693359375,-0.1694263458251953,1.0,-0.24509772802453583,0.41250000000000003,1779451176415972549
35.0,0.16927456855773926,0.6724905967712402,0.5865446329116821,104.69969940185547,269.0724792480469,17.0,18.0,0.02857142857142857,310.71507352941177,-0.029015395220588224,266.48779296875,-0.16722564697265624,1.0,-0.27398169859978255,0.75,1779451176450502094
31.0,0.11554808914661407,0.6612847447395325,0.5586354732513428,113.34573364257812,278.7759094238281,16.0,15.0,-0.03225806451612903,317.44234375,-0.007992675781249936,269.0513916015625,-0.15921440124511718,1.0,-0.26093997007567243,0.5,1779451176484489421
36.0,0.23028720915317535,0.6982728242874146,0.6259976625442505,109.01274108886719,267.80029296875,16.0,20.0,0.1111111111111111,314.82454896907217,-0.016173284471649473,267.138671875,-0.165191650390625,1.0,-0.26128421076678515,1.0,1779451176517719973
34.0,0.1560470461845398,0.685905396938324,0.5831027626991272,110.10669708251953,269.20068359375,17.0,17.0,0.0,314.34630793401413,-0.017667787706205827,267.1059875488281,-0.16529378890991211,1.0,-0.2907773433408864,0.41250000000000003,1779451176550471265
37.0,0.18938229978084564,0.6152925491333008,0.5015817880630493,109.00025177001953,286.8030700683594,15.0,22.0,0.1891891891891892,314.25299349982896,-0.017959395313034497,268.6883544921875,-0.16034889221191406,1.0,-0.2913024706143753,0.41250000000000003,1779451176583165166
29.0,0.2759883999824524,0.6630145907402039,0.591094434261322,127.6788101196289,274.5359802246094,11.0,18.0,0.2413793103448276,338.7207320762327,0.05850228773822721,266.85284423828125,-0.1660848617553711,1.0,-0.221193823664184,0.41250000000000003,1779451176617855885
32.0,0.1758926957845688,0.7205516695976257,0.6496078968048096,117.09225463867188,275.8115234375,13.0,19.0,0.1875,315.52425876010784,-0.013986691374662996,270.54901123046875,-0.15453433990478516,1.0,-0.29520012708385207,0.75,1779451176651947011
31.0,0.20663487911224365,0.6601618528366089,0.5637111067771912,124.98030853271484,274.4048156738281,13.0,18.0,0.16129032258064516,317.9513888888889,-0.006401909722222143,269.21923828125,-0.15868988037109374,1.0,-0.31693841307834336,0.41250000000000003,1779451176684982135
35.0,0.27367040514945984,0.6982774138450623,0.6450020670890808,122.15800476074219,278.7759094238281,15.0,20.0,0.14285714285714285,317.5235294117647,-0.007738970588235361,270.17327880859375,-0.15570850372314454,1.0,-0.23726057203000328,0.55,1779451176717764309
33.0,0.26195064187049866,0.7317168116569519,0.6516419649124146,122.45774841308594,285.8426208496094,15.0,18.0,0.09090909090909091,326.9257815410984,0.021643067315932463,269.9178466796875,-0.15650672912597657,1.0,-0.2579597775424381,0.55,1779451176750425197
35.0,0.19184987246990204,0.6246843338012695,0.49778860807418823,104.57173919677734,272.5912780761719,16.0,19.0,0.08571428571428572,316.10773631402924,-0.012163324018658628,266.9805908203125,-0.16568565368652344,1.0,-0.24252221671149582,0.75,1779451176783564045
43.0,0.2178838849067688,0.5755805969238281,0.4807383418083191,102.11088562011719,310.2337951660156,19.0,24.0,0.11627906976744186,317.3788435828877,-0.008191113803475859,267.572021484375,-0.16383743286132812,1.0,-0.29849579588777264,0.75,1779451176817555100
39.0,0.1233496442437172,0.5865103602409363,0.4537230134010315,105.74629211425781,283.0158996582031,18.0,21.0,0.07692307692307693,314.06544117647053,-0.018545496323529597,267.781494140625,-0.16318283081054688,1.0,-0.2602507915167576,0.5,1779451176850679468
45.0,0.18477439880371094,0.5720489025115967,0.4448818564414978,97.4818344116211,269.20068359375,23.0,22.0,-0.022222222222222223,314.46738568845257,-0.01728941972358573,269.189453125,-0.158782958984375,1.0,-0.28502382638049023,0.41250000000000003,1779451176883211881
38.0,0.11930020153522491,0.6194411516189575,0.4941895008087158,104.81267547607422,280.17852783203125,18.0,20.0,0.05263157894736842,315.6863909774436,-0.013480028195488814,267.126708984375,-0.16522903442382814,1.0,-0.26141196314080134,0.5,1779451176952693062
42.0,0.21300852298736572,0.6377513408660889,0.5171889662742615,101.15692138671875,296.467529296875,22.0,20.0,-0.047619047619047616,314.78750689464977,-0.01628904095421948,267.4264831542969,-0.16429224014282226,1.0,-0.25857653589684115,1.0,1779451176991831071
45.0,0.16407053172588348,0.6336480379104614,0.49053555727005005,103.84264373779297,277.3625793457031,23.0,22.0,-0.022222222222222223,326.5206565276185,0.020377051648807765,258.760986328125,-0.19137191772460938,1.0,-0.28290530730873076,0.55,1779451177019694441
41.0,0.14791248738765717,0.6184423565864563,0.4578996002674103,97.67668914794922,304.4749450683594,20.0,21.0,0.024390243902439025,312.19068965517243,-0.024404094827586143,317.21270751953125,-0.008710289001464843,1.0,-0.30839449401676167,1.0,1779451177052479430
44.0,0.1699625551700592,0.6133094429969788,0.502318799495697,98.09882354736328,283.0158996582031,21.0,23.0,0.045454545454545456,313.49646142958244,-0.020323558032554877,267.816650390625,-0.16307296752929687,1.0,-0.279340491945941,0.41250000000000003,1779451177083861099
41.0,0.12437903136014938,0.559532880783081,0.4124208390712738,96.66210174560547,302.4235534667969,22.0,19.0,-0.07317073170731707,314.9229559748428,-0.015865762578616226,321.9878845214844,0.0062121391296386715,1.0,-0.2669996038151946,0.5,1779451177116575413
46.0,0.07771594077348709,0.6323670148849487,0.4787987470626831,96.0563735961914,301.01495361328125,22.0,24.0,0.043478260869565216,317.3126648026914,-0.008397922491589327,315.5911865234375,-0.013777542114257812,1.0,-0.23551172461545034,0.75,1779451177149627019
47.0,0.0932542085647583,0.5796873569488525,0.40062493085861206,93.17637634277344,298.83941650390625,25.0,22.0,-0.06382978723404255,301.5075038622821,-0.057789050430368506,266.56494140625,-0.16698455810546875,1.0,-0.30864789372864665,0.75,1779451177183820245
37.0,0.16459274291992188,0.6532918810844421,0.52032470703125,105.66629028320312,263.4027404785156,17.0,20.0,0.08108108108108109,325.8,0.018125000000000037,268.2208251953125,-0.16180992126464844,1.0,-0.25926796854233514,0.41250000000000003,1779451177217587127
41.0,0.15159668028354645,0.625523030757904,0.47165581583976746,102.57109832763672,306.36090087890625,20.0,21.0,0.024390243902439025,291.313122923588,-0.08964649086378743,314.3504333496094,-0.017654895782470703,1.0,-0.2974907962258897,1.0,1779451177251199836
40.0,0.10717246681451797,0.6421570181846619,0.47326117753982544,106.53169250488281,309.1876525878906,22.0,18.0,-0.1,302.43080930320014,-0.05490372092749958,303.76470947265625,-0.05073528289794922,1.0,-0.2619284222711179,1.0,1779451177285870819
48.0,0.11334941536188126,0.577083170413971,0.4216795861721039,98.4718017578125,304.9475402832031,23.0,25.0,0.041666666666666664,312.69199584199583,-0.02283751299376302,269.17864990234375,-0.15881671905517578,1.0,-0.3041273822784481,0.41250000000000003,1779451177316803246
44.0,0.06939832866191864,0.6301717162132263,0.4793514907360077,98.2234878540039,309.9193420410156,22.0,22.0,0.0,312.08712596182164,-0.024727731369307372,270.27587890625,-0.15538787841796875,1.0,-0.2631675449958558,0.41250000000000003,1779451177350156971
44.0,0.14031587541103363,0.6618334054946899,0.5115579962730408,101.11245727539062,307.7742614746094,20.0,24.0,0.09090909090909091,335.40673584367426,0.04814604951148205,268.6522216796875,-0.16046180725097656,1.0,-0.22831028209110815,0.55,1779451177383708943
46.0,0.11309714615345001,0.6202266216278076,0.45336171984672546,98.55192565917969,332.89788818359375,23.0,23.0,0.0,312.12659420289856,-0.024604393115942,327.6832275390625,0.024010086059570314,1.0,-0.26466996228413237,0.55,1779451177416744787
47.0,0.03349673002958298,0.5850280523300171,0.40560752153396606,95.36701965332031,306.36090087890625,24.0,23.0,-0.02127659574468085,335.18134328358207,0.04744169776119396,270.723388671875,-0.15398941040039063,1.0,-0.24252245312419102,0.41250000000000003,1779451177449642831
47.0,0.1905096173286438,0.612160325050354,0.47794005274772644,97.9310302734375,278.7759094238281,21.0,26.0,0.10638297872340426,335.23762988619495,0.047617593394359226,296.25244140625,-0.07421112060546875,1.0,-0.28534578260727017,0.55,1779451177483665187
50.0,0.12195359915494919,0.6345873475074768,0.4884933531284332,94.03809356689453,309.1876525878906,26.0,24.0,-0.04,313.76463963963965,-0.01948550112612608,321.590576171875,0.004970550537109375,1.0,-0.21616091551036198,0.55,1779451177515760660
42.0,0.0707455426454544,0.6148112416267395,0.4630533456802368,110.30237579345703,309.1876525878906,22.0,20.0,-0.047619047619047616,312.22964462093483,-0.024282360559578643,271.027099609375,-0.15304031372070312,1.0,-0.3028660843727581,0.41250000000000003,1779451177549537146
48.0,0.0736185684800148,0.5695107579231262,0.4044981002807617,96.2102279663086,294.32293701171875,26.0,22.0,-0.08333333333333333,302.9629948364888,-0.05324064113597249,269.19158935546875,-0.15877628326416016,1.0,-0.29858430203185865,0.41250000000000003,1779451177583107015
43.0,0.17713136970996857,0.6310520172119141,0.49490630626678467,111.7928466796875,304.9475402832031,23.0,20.0,-0.06976744186046512,301.9892715979673,-0.056283526256352266,269.35772705078125,-0.1582571029663086,1.0,-0.2587381638484452,0.55,1779451177616333822
50.0,0.03757166489958763,0.5844072699546814,0.415287047624588,98.84134674072266,291.49615478515625,28.0,22.0,-0.12,311.42019354390357,-0.02681189517530136,311.871337890625,-0.025402069091796875,1.0,-0.21083032214727954,0.41250000000000003,1779451177649347804
45.0,0.06661619991064072,0.6049802303314209,0.43573611974716187,105.9043197631836,306.36090087890625,26.0,19.0,-0.15555555555555556,301.12785145888597,-0.05897546419098134,268.18267822265625,-0.16192913055419922,1.0,-0.2276323535350252,0.41250000000000003,1779451177683440270
49.0,0.04712763428688049,0.5932833552360535,0.43477800488471985,96.22299194335938,277.3625793457031,30.0,19.0,-0.22448979591836735,305.3568965517241,-0.04575969827586217,269.1459045410156,-0.15891904830932618,1.0,-0.2941344263102227,0.41250000000000003,1779451177718732417
52.0,0.05276566371321678,0.5871501564979553,0.428090900182724,90.35047149658203,275.94927978515625,27.0,25.0,-0.038461538461538464,285.78080308030803,-0.10693499037403739,266.3263854980469,-0.16773004531860353,1.0,-0.26095722701609536,0.41250000000000003,1779451177783170749
48.0,0.11162029951810837,0.6197733879089355,0.46507060527801514,98.21781158447266,300.24822998046875,28.0,20.0,-0.16666666666666666,309.4071617161716,-0.033102619636963836,267.37969970703125,-0.16443843841552735,1.0,-0.24227247617781636,1.0,1779451177882755576
47.0,0.04490546137094498,0.6309897303581238,0.4547484517097473,107.97931671142578,328.67156982421875,28.0,19.0,-0.19148936170212766,298.48678800832414,-0.06722878747398706,266.90948486328125,-0.1659078598022461,1.0,-0.2358068257606006,0.55,1779451177917370914
49.0,0.02422408200800419,0.553335428237915,0.3971262276172638,96.8661117553711,322.27008056640625,26.0,23.0,-0.061224489795918366,308.65545241563615,-0.035451711201137034,270.5975036621094,-0.1543828010559082,1.0,-0.24450157358690858,0.5,1779451177949506322
54.0,0.029962528496980667,0.5838820934295654,0.417961061000824,91.92778015136719,333.66448974609375,30.0,24.0,-0.1111111111111111,307.13523809523804,-0.040202380952381135,271.0875549316406,-0.15285139083862304,1.0,-0.2201782947693567,0.75,1779451178050326713
54.0,0.06838957220315933,0.5859455466270447,0.4380389451980591,87.40970611572266,315.86865234375,26.0,28.0,0.037037037037037035,310.3182726909236,-0.03025539784086373,312.8211669921875,-0.02243385314941406,1.0,-0.2333965420572282,0.5,1779451178084742350
53.0,0.038491275161504745,0.5932216644287109,0.42746472358703613,97.92724609375,315.86865234375,30.0,23.0,-0.1320754716981132,290.4426544130549,-0.09236670495920336,270.77239990234375,-0.15383625030517578,1.0,-0.2616964464925991,0.41250000000000003,1779451178117833370
51.0,0.10326582193374634,0.5906684398651123,0.4518975019454956,92.13216400146484,334.3067321777344,27.0,24.0,-0.058823529411764705,313.17579045670834,-0.021325654822786432,294.890625,-0.078466796875,1.0,-0.21732048491992642,0.75,1779451178149917122
54.0,0.053031206130981445,0.6037424802780151,0.4481334090232849,95.16954040527344,335.0731201171875,29.0,25.0,-0.07407407407407407,310.45582524271845,-0.029825546116504852,270.37432861328125,-0.1550802230834961,1.0,-0.20242244464358677,0.41250000000000003,1779451178216355419
57.0,0.08549115806818008,0.5674999356269836,0.40965649485588074,93.9963150024414,331.48907470703125,29.0,28.0,-0.017543859649122806,310.65698174064573,-0.029196932060482083,273.46636962890625,-0.14541759490966796,1.0,-0.2775325973861951,0.41250000000000003,1779451178249414193
55.0,0.047026626765728,0.5741223692893982,0.40969356894493103,89.8545913696289,334.3067321777344,28.0,27.0,-0.01818181818181818,310.64215686274514,-0.02924325980392144,272.00738525390625,-0.14997692108154298,1.0,-0.24797707553889298,0.41250000000000003,1779451178317619359
50.0,0.12211522459983826,0.5649713277816772,0.4402039051055908,97.75342559814453,327.9054870605469,24.0,26.0,0.04,309.7372967479675,-0.03207094766260159,269.5079650878906,-0.15778760910034179,1.0,-0.23468740045146,0.5,1779451178350336622
52.0,0.05716618150472641,0.5673440098762512,0.4146791696548462,92.67150115966797,334.3067321777344,26.0,26.0,0.0,347.7373666825124,0.08667927088285125,273.1624755859375,-0.14636726379394532,1.0,-0.2515488650600367,0.41250000000000003,1779451178383214113
52.0,0.11577363312244415,0.5902891159057617,0.45177778601646423,97.91870880126953,321.5042724609375,23.0,29.0,0.11538461538461539,310.65978369002374,-0.0291881759686758,286.0187072753906,-0.10619153976440429,1.0,-0.2530196045799679,0.75,1779451178416567750
50.0,0.07449758052825928,0.5908591747283936,0.43502044677734375,96.16110229492188,335.0731201171875,27.0,23.0,-0.08,309.12334451504694,-0.03398954839047832,356.30865478515625,0.11346454620361328,1.0,-0.26098960170932745,0.75,1779451178449409001
57.0,0.046818677335977554,0.593949019908905,0.4414559304714203,93.89420318603516,334.3067321777344,30.0,27.0,-0.05263157894736842,310.39863311600743,-0.030004271512476775,271.5023193359375,-0.15155525207519532,1.0,-0.2748443757579242,0.75,1779451178482394883
53.0,0.11665268987417221,0.5676344633102417,0.4233342409133911,97.58856964111328,335.0731201171875,26.0,27.0,0.018867924528301886,309.955,-0.03139062500000005,339.0101623535156,0.05940675735473633,1.0,-0.2655406097980024,0.75,1779451178519502956
50.0,0.09275320172309875,0.5991768836975098,0.4420042932033539,98.26005554199219,332.89788818359375,26.0,24.0,-0.04,311.99976777068076,-0.025000725716622617,270.0264892578125,-0.15616722106933595,1.0,-0.22999231009660687,0.41250000000000003,1779451178550758632
54.0,0.11596100777387619,0.541351854801178,0.369697242975235,88.66919708251953,334.3067321777344,25.0,29.0,0.07407407407407407,309.1112078977933,-0.03402747531939596,274.147216796875,-0.14328994750976562,1.0,-0.33088070774824174,1.0,1779451178583656008
47.0,0.07513681054115295,0.6204708218574524,0.4431619942188263,98.49063110351562,283.0158996582031,28.0,19.0,-0.19148936170212766,321.9447895100069,0.0060774672187715595,317.09503173828125,-0.009078025817871094,1.0,-0.23605227785844912,1.0,1779451178616803827
50.0,0.1633206307888031,0.6483646631240845,0.5038806796073914,91.32083892822266,327.9054870605469,25.0,25.0,0.0,310.9441189142611,-0.028299628392934116,270.1673889160156,-0.15572690963745117,1.0,-0.24171950099465847,1.0,1779451178653187709
56.0,0.12371252477169037,0.5896643996238708,0.43328407406806946,89.3604736328125,334.3067321777344,25.0,31.0,0.10714285714285714,298.7980139676997,-0.06625620635093839,346.1463317871094,0.0817072868347168,1.0,-0.3468846873722693,1.0,1779451178683149530
54.0,0.11294187605381012,0.6221553683280945,0.48826682567596436,95.93930053710938,300.24822998046875,25.0,29.0,0.07407407407407407,310.66972149231344,-0.029157120336520494,272.86053466796875,-0.14731082916259766,1.0,-0.3360347929741691,1.0,1779451178716547276
52.0,0.11659643054008484,0.5959550142288208,0.4423184394836426,90.52873992919922,271.8253173828125,25.0,27.0,0.038461538461538464,311.7355895750196,-0.025826282578063697,380.75,0.18984375,1.0,-0.2696353335076594,0.75,1779451178749321544
55.0,0.10440049320459366,0.5820404887199402,0.4262225329875946,93.29183197021484,334.3067321777344,28.0,27.0,-0.01818181818181818,295.03169697638185,-0.07802594694880671,338.07537841796875,0.056485557556152345,1.0,-0.2614388066647021,0.75,1779451178782703286
43.0,0.11207957565784454,0.619160532951355,0.4344944655895233,109.19485473632812,297.4306640625,25.0,18.0,-0.16279069767441862,323.3986291486292,0.010620716089466242,273.1719055175781,-0.14633779525756835,1.0,-0.21876639637116158,1.0,1779451178816791329
51.0,0.12372703850269318,0.5296089053153992,0.36461517214775085,94.54293060302734,275.94927978515625,25.0,26.0,0.0196078431372549,326.40935780841585,0.020029243151299524,268.6867370605469,-0.160353946685791,1.0,-0.2714564911775984,0.75,1779451178849509482
54.0,0.16112004220485687,0.5278114080429077,0.3661158084869385,86.60379028320312,259.7883605957031,24.0,30.0,0.1111111111111111,325.61508537673893,0.017547141802309162,423.8189392089844,0.3244341850280762,1.0,-0.27590921354720327,0.75,1779451178883519605
53.0,0.09112808108329773,0.5732243061065674,0.3963358998298645,92.72854614257812,281.6025695800781,26.0,27.0,0.018867924528301886,317.57899382171223,-0.007565644307149277,394.5400390625,0.2329376220703125,1.0,-0.20722264680942903,0.75,1779451178916901341
52.0,0.11353123188018799,0.55003422498703,0.37966078519821167,92.39967346191406,334.3067321777344,31.0,21.0,-0.19230769230769232,337.76644736842104,0.05552014802631575,270.3485107421875,-0.15516090393066406,1.0,-0.2744725322593548,0.75,1779451178950461376
53.0,0.1052243560552597,0.5512773990631104,0.3898935914039612,97.39063262939453,332.89788818359375,27.0,26.0,-0.018867924528301886,313.44110972697416,-0.020496532103205744,324.01287841796875,0.012540245056152343,1.0,-0.26640516291383637,0.41250000000000003,1779451178986199395
50.0,0.1643436998128891,0.6067902445793152,0.4631623327732086,108.03579711914062,283.593017578125,29.0,21.0,-0.16,317.22091914569035,-0.00868462766971767,273.1187438964844,-0.14650392532348633,1.0,-0.23947374981002265,1.0,1779451179049686218
54.0,0.16752299666404724,0.6121596693992615,0.4525764584541321,94.21214294433594,280.189208984375,27.0,27.0,0.0,316.7806237218814,-0.010060550869120633,313.8235778808594,-0.019301319122314455,1.0,-0.23625628390375072,0.55,1779451179082858309
47.0,0.10978008061647415,0.6072342395782471,0.4649997353553772,99.28970336914062,280.189208984375,27.0,20.0,-0.14893617021276595,326.8685430963432,0.021464197176072553,250.39031982421875,-0.2175302505493164,1.0,-0.2504919656420973,0.41250000000000003,1779451179116940373
39.0,0.19860956072807312,0.6528730988502502,0.5389955043792725,109.11936950683594,277.9370422363281,22.0,17.0,-0.1282051282051282,312.93783532969644,-0.022069264594698622,274.52337646484375,-0.14211444854736327,1.0,-0.22657687516000435,0.55,1779451179149448018
42.0,0.11884106695652008,0.6450102925300598,0.516554594039917,103.13167572021484,287.2559814453125,23.0,19.0,-0.09523809523809523,313.12142857142857,-0.02149553571428573,274.72467041015625,-0.14148540496826173,1.0,-0.25454048836901444,0.41250000000000003,1779451179184007260
41.0,0.16505838930606842,0.68695068359375,0.5544337630271912,107.65888214111328,276.5230407714844,25.0,16.0,-0.21951219512195122,324.29539284566283,0.01342310264269635,297.08740234375,-0.07160186767578125,1.0,-0.22208008211664143,0.55,1779451179217204771
41.0,0.09201389119870654,0.6806212107154673,0.5035534861368219,101.8071060180664,289.2490234375,25.0,16.0,-0.21951219512195122,337.14094320831714,0.05356544752599106,274.73065185546875,-0.14146671295166016,1.0,-0.24002353767125748,0.55,1779451179249914351
42.0,0.12675707042217255,0.6709343791007996,0.5112532377243042,99.78121185302734,271.8253173828125,27.0,15.0,-0.2857142857142857,294.8294517138387,-0.07865796339425409,280.53912353515625,-0.12331523895263671,1.0,-0.2765023886465532,1.0,1779451179283741146
39.0,0.04091719910502434,0.6633335947990417,0.5067640542984009,112.28634643554688,290.8143615722656,23.0,16.0,-0.1794871794871795,316.16287084207374,-0.01199102861851955,276.44287109375,-0.13611602783203125,1.0,-0.278024941494334,0.75,1779451179316141677
38.0,0.09619543701410294,0.6478451490402222,0.4876744747161865,108.234130859375,259.20068359375,22.0,16.0,-0.15789473684210525,317.10035919540235,-0.009061377514367664,275.5340881347656,-0.13895597457885742,1.0,-0.21406818859941948,0.41250000000000003,1779451179350858014
39.0,0.1381741464138031,0.6632020473480225,0.5172204971313477,107.38441467285156,287.98785400390625,24.0,15.0,-0.23076923076923078,315.51777251184836,-0.014006960900473864,276.5308532714844,-0.13584108352661134,1.0,-0.21989447057290595,1.0,1779451179383609422
39.0,-0.06078232824802399,0.6788555383682251,0.5495014190673828,100.72181701660156,277.3625793457031,27.0,12.0,-0.38461538461538464,292.9823089287765,-0.08443028459757347,275.6559753417969,-0.13857507705688477,1.0,-0.2588862962342529,0.75,1779451179416408158
39.0,0.03940435126423836,0.6567186117172241,0.5152259469032288,103.46128845214844,282.4535217285156,25.0,14.0,-0.28205128205128205,315.4470588235294,-0.014227941176470615,283.4331359863281,-0.11427145004272461,1.0,-0.2538986691829986,0.75,1779451179449300779
44.0,0.06888195872306824,0.589044988155365,0.4237302839756012,100.47817993164062,263.3723449707031,27.0,17.0,-0.22727272727272727,288.99285714285713,-0.09689732142857146,274.73724365234375,-0.14144611358642578,1.0,-0.29542938577823086,0.41250000000000003,1779451179483642569
46.0,0.011824102140963078,0.6578465700149536,0.5218828916549683,103.62389373779297,271.1825866699219,28.0,18.0,-0.21739130434782608,317.19933236129236,-0.008752086370961365,288.627197265625,-0.09804000854492187,1.0,-0.21572242458398694,0.75,1779451179516832722
44.0,-0.03008444420993328,0.6325955390930176,0.49669149518013,93.80392456054688,275.94927978515625,29.0,15.0,-0.3181818181818182,316.3404977375566,-0.011435944570135703,274.4875793457031,-0.14222631454467774,1.0,-0.2606110990952749,0.5,1779451179549754360
41.0,-0.016086837276816368,0.5941520929336548,0.4465273916721344,93.4240493774414,278.9928283691406,24.0,17.0,-0.17073170731707318,314.07576923076925,-0.01851322115384608,279.2682800292969,-0.12728662490844728,1.0,-0.24792552314154498,0.5,1779451179582351841
41.0,0.06575271487236023,0.6258386969566345,0.4626064896583557,103.63782501220703,301.6571044921875,22.0,19.0,-0.07317073170731707,318.8993149755833,-0.0034396407013021603,277.08642578125,-0.13410491943359376,1.0,-0.21742120026670653,0.75,1779451179615857965
38.0,0.07290179282426834,0.6443889737129211,0.5083354115486145,106.66840362548828,332.89788818359375,20.0,18.0,-0.05263157894736842,317.5483870967742,-0.007661290322580605,278.42047119140625,-0.12993602752685546,1.0,-0.28551587235817544,0.75,1779451179649277364
41.0,0.027573807165026665,0.6057738661766052,0.46682310104370117,98.90889739990234,332.89788818359375,24.0,17.0,-0.17073170731707318,319.5,-0.0015625,306.7613220214844,-0.04137086868286133,1.0,-0.258163919914891,0.5,1779451179682653319
49.0,0.03868641331791878,0.575483500957489,0.43448126316070557,88.37958526611328,250.6012725830078,28.0,21.0,-0.14285714285714285,319.839615816206,-0.0005012005743562753,281.53057861328125,-0.1202169418334961,1.0,-0.2576653312227546,0.5,1779451179715817491
39.0,0.05246439948678017,0.6623328328132629,0.5253174901008606,109.41558074951172,327.9054870605469,21.0,18.0,-0.07692307692307693,317.35938478047035,-0.008251922561030156,288.13323974609375,-0.09958362579345703,1.0,-0.21534090676481993,0.75,1779451179749423512
44.0,0.0713798776268959,0.629141092300415,0.489507794380188,102.76394653320312,327.9054870605469,25.0,19.0,-0.13636363636363635,317.5653994504706,-0.00760812671727944,276.82489013671875,-0.13492221832275392,1.0,-0.21431231131687464,0.41250000000000003,1779451179782316953
47.0,0.0704234391450882,0.5884442925453186,0.42750227451324463,92.76689910888672,327.9054870605469,28.0,19.0,-0.19148936170212766,307.3899044795784,-0.03940654850131757,278.06756591796875,-0.13103885650634767,1.0,-0.2990315538134939,0.75,1779451179849310977
50.0,0.060846906155347824,0.6172767877578735,0.476759135723114,89.3679428100586,269.0074462890625,28.0,22.0,-0.12,296.1573768235618,-0.07450819742636945,278.63934326171875,-0.1292520523071289,1.0,-0.21937125082739073,0.75,1779451179883202221
47.0,-0.025521866977214813,0.6214920878410339,0.48047488927841187,99.4802017211914,325.0876770019531,30.0,17.0,-0.2765957446808511,292.4249620725872,-0.08617199352316493,275.9432373046875,-0.13767738342285157,1.0,-0.27306576722583004,0.41250000000000003,1779451179915923335
47.0,0.0014198910212144256,0.5929124355316162,0.45741575956344604,96.26993560791016,327.26287841796875,27.0,20.0,-0.14893617021276595,297.87357673267326,-0.06914507271039608,275.0632019042969,-0.14042749404907226,1.0,-0.2526764107602949,0.5,1779451179949711646
43.0,-0.020648526027798653,0.5969479084014893,0.4483487010002136,100.51485443115234,325.0876770019531,26.0,17.0,-0.20930232558139536,318.54784688995215,-0.004537978468899517,278.5002136230469,-0.12968683242797852,1.0,-0.25959440496032654,0.5,1779451179984257451
45.0,-0.004594013560563326,0.6384644508361816,0.4904015064239502,105.49343872070312,325.0876770019531,26.0,19.0,-0.15555555555555556,319.6265243902439,-0.0011671112804878092,277.9963684082031,-0.13126134872436523,1.0,-0.21807401644547517,0.41250000000000003,1779451180016056166
49.0,0.01751619391143322,0.6248940825462341,0.4820042550563812,95.93592834472656,325.0876770019531,30.0,19.0,-0.22448979591836735,271.3430356193514,-0.15205301368952692,287.9112854003906,-0.1002772331237793,1.0,-0.21551690589067224,0.41250000000000003,1779451180049710289
47.0,0.031128035858273506,0.5890464782714844,0.4570804834365845,91.54188537597656,318.6863708496094,26.0,21.0,-0.10638297872340426,318.49890109890106,-0.004690934065934194,301.60125732421875,-0.057496070861816406,1.0,-0.25936033033966877,0.5,1779451180083172687
47.0,0.0009812454227358103,0.6169496178627014,0.47989487648010254,99.2336196899414,322.27008056640625,27.0,20.0,-0.14893617021276595,267.92457469735876,-0.16273570407075386,285.422119140625,-0.10805587768554688,1.0,-0.29993374542350526,0.41250000000000003,1779451180115862729
45.0,0.06914156675338745,0.6424704790115356,0.49327296018600464,100.15412139892578,322.27008056640625,24.0,21.0,-0.06666666666666667,293.8596104581073,-0.08168871731841473,296.927490234375,-0.07210159301757812,1.0,-0.2894139324682268,0.55,1779451180187935860
51.0,0.02604156918823719,0.6068653464317322,0.4665437936782837,93.67013549804688,320.0953063964844,29.0,22.0,-0.13725490196078433,266.4919786096257,-0.16721256684491975,288.90765380859375,-0.09716358184814453,1.0,-0.31380261033029555,0.41250000000000003,1779451180216915582
55.0,0.03878113999962807,0.6254725456237793,0.48021185398101807,89.27318572998047,318.6863708496094,34.0,21.0,-0.23636363636363636,299.96895244773924,-0.06259702360081487,280.40679931640625,-0.12372875213623047,1.0,-0.2504819187491395,0.55,1779451180250135003
59.0,0.03374016657471657,0.539611279964447,0.37366682291030884,85.67647552490234,317.2774963378906,37.0,22.0,-0.2542372881355932,271.1545682102628,-0.15264197434292867,272.455078125,-0.148577880859375,1.0,-0.3148771921803903,0.75,1779451180288476673
51.0,0.08437749743461609,0.5690973401069641,0.41991955041885376,88.33003234863281,317.2774963378906,25.0,26.0,0.0196078431372549,269.2370486656201,-0.15863422291993726,274.4001159667969,-0.14249963760375978,1.0,-0.30689013905246904,0.75,1779451180318444462
47.0,0.04534941166639328,0.6139343976974487,0.47129011154174805,95.61054229736328,317.2774963378906,25.0,22.0,-0.06382978723404255,312.1136363636364,-0.02464488636363633,278.2462158203125,-0.13048057556152343,1.0,-0.3045034635522021,0.41250000000000003,1779451180349894298
58.0,0.10693147778511047,0.5977088212966919,0.4488953649997711,87.01123046875,314.4598693847656,31.0,27.0,-0.06896551724137931,309.79265873015873,-0.031897941468253956,283.33447265625,-0.11457977294921876,1.0,-0.28551714155575025,1.0,1779451180383582470
54.0,0.05929036810994148,0.520710825920105,0.3651265501976013,84.52572631835938,313.6941223144531,30.0,24.0,-0.1111111111111111,340.90200542005425,0.06531876693766954,390.7813415527344,0.2211916923522949,1.0,-0.25959138288528777,0.5,1779451180416454407
50.0,0.1168251484632492,0.5684564709663391,0.43262606859207153,92.28267669677734,314.4598693847656,26.0,24.0,-0.04,357.0,0.115625,347.9203796386719,0.08725118637084961,1.0,-0.22127792245728978,0.41250000000000003,1779451180449221062
58.0,0.06855206936597824,0.5573813915252686,0.4028266370296478,91.31365203857422,310.8761901855469,34.0,24.0,-0.1724137931034483,350.28380343122996,0.09463688572259361,272.74945068359375,-0.14765796661376954,1.0,-0.21962587254989452,0.41250000000000003,1779451180517128465
58.0,0.11713950335979462,0.5263071060180664,0.3782332241535187,85.90975189208984,308.8251953125,31.0,27.0,-0.06896551724137931,334.40666362009404,0.04502082381279386,270.23956298828125,-0.1555013656616211,1.0,-0.22026166476874504,0.41250000000000003,1779451180616416741
60.0,0.059775445610284805,0.517157256603241,0.3525494635105133,85.69837188720703,281.8102111816406,30.0,30.0,0.0,272.04922518982477,-0.1498461712817976,307.63623046875,-0.03863677978515625,1.0,-0.2851306935207257,0.41250000000000003,1779451180649038287
49.0,0.1326482743024826,0.5343530178070068,0.374255508184433,91.27647399902344,306.6496276855469,30.0,19.0,-0.22448979591836735,315.5578837653205,-0.013881613233373358,398.31689453125,0.24474029541015624,1.0,-0.2227836652233811,0.41250000000000003,1779451180682883701
62.0,0.0908270999789238,0.5044776201248169,0.33872538805007935,79.18843841552734,303.0660095214844,35.0,27.0,-0.12903225806451613,295.1904157486349,-0.07752995078551592,388.8299560546875,0.21509361267089844,0.9898554801940918,-0.3193647137842475,0.55,1779451180749408549
62.0,-0.01622207649052143,0.48699474334716797,0.32650625705718994,82.27529907226562,300.24822998046875,40.0,22.0,-0.2903225806451613,305.6247061128526,-0.044922793397335604,256.7859802246094,-0.19754381179809571,1.0,-0.2649461259613979,0.5,1779451180816443140
62.0,0.12078926712274551,0.496420681476593,0.33689841628074646,80.71430206298828,240.4537353515625,33.0,29.0,-0.06451612903225806,300.37039473684206,-0.061342516447368566,207.69857788085938,-0.35094194412231444,1.0,-0.21835274295324775,0.41250000000000003,1779451180849183457
58.0,0.05899127572774887,0.531032383441925,0.36721280217170715,86.21179962158203,295.2558288574219,36.0,22.0,-0.2413793103448276,282.41508397932813,-0.1174528625645996,286.3712463378906,-0.1050898551940918,1.0,-0.2197107981337556,0.41250000000000003,1779451180916794620
60.0,0.05722241848707199,0.5249564051628113,0.35676950216293335,86.70223236083984,292.4380187988281,35.0,25.0,-0.16666666666666666,305.3437815975733,-0.04580068250758344,391.1169128417969,0.22224035263061523,1.0,-0.2239760167224028,0.41250000000000003,1779451180954401605
66.0,0.09150198101997375,0.49651288986206055,0.3412559926509857,77.37752532958984,267.59857177734375,38.0,28.0,-0.15151515151515152,281.99357405140756,-0.11877008108935136,262.1680908203125,-0.18072471618652344,0.967219066619873,-0.2970757266803807,0.75,1779451180984260443
58.0,0.04305906221270561,0.5100610852241516,0.34217068552970886,88.02354431152344,244.9346923828125,36.0,22.0,-0.2413793103448276,264.10744090310817,-0.17466424717778697,265.6390380859375,-0.1698780059814453,1.0,-0.30275766004057336,0.41250000000000003,1779451181016894315
63.0,0.0786406472325325,0.5089002251625061,0.32571518421173096,81.32356262207031,288.8546447753906,40.0,23.0,-0.2698412698412698,317.5036748512516,-0.007801016089838697,390.67352294921875,0.2208547592163086,1.0,-0.22209015553916042,0.75,1779451181050640421
61.0,0.07428642362356186,0.4986778199672699,0.32417502999305725,85.04576110839844,288.8546447753906,35.0,26.0,-0.14754098360655737,317.9943181818182,-0.006267755681818166,421.1042785644531,0.315950870513916,1.0,-0.24285530392764085,0.41250000000000003,1779451181082968842
58.0,0.07942158728837967,0.5218068361282349,0.35747507214546204,84.66699981689453,284.6278381347656,33.0,25.0,-0.13793103448275862,332.0952380952381,0.03779761904761898,206.91131591796875,-0.35340213775634766,1.0,-0.2272970648358899,0.75,1779451181115584520
59.0,0.07357148081064224,0.5100252628326416,0.3438619077205658,80.49881744384766,284.6278381347656,35.0,24.0,-0.1864406779661017,332.9166666666667,0.04036458333333339,249.6739959716797,-0.21976876258850098,1.0,-0.30634101692259835,0.41250000000000003,1779451181182988761
67.0,0.06476219743490219,0.5077511668205261,0.3418416678905487,82.2633056640625,281.8102111816406,41.0,26.0,-0.22388059701492538,268.71311475409834,-0.16027151639344267,162.5066680908203,-0.49216666221618655,1.0,-0.28303975859583913,0.41250000000000003,1779451181249287737
64.0,0.08093956112861633,0.5003955364227295,0.3304978907108307,84.10136413574219,246.34326171875,41.0,23.0,-0.28125,319.1249230436446,-0.0027346154886105367,427.9205017089844,0.3372515678405762,1.0,-0.21953089162229278,0.41250000000000003,1779451181349030091
73.0,0.08787442743778229,0.5056760907173157,0.3421595096588135,76.04988861083984,267.59857177734375,46.0,27.0,-0.2602739726027397,328.98719512195123,0.028084984756097598,275.27197265625,-0.13977508544921874,0.950623607635498,-0.2642300216160529,0.55,1779451181516504564
71.0,0.1297035962343216,0.47054046392440796,0.3278743624687195,78.70603942871094,239.94166564941406,39.0,32.0,-0.09859154929577464,348.4080741626794,0.08877523175837307,209.06979370117188,-0.34665689468383787,0.9838254928588868,-0.22058645091874973,0.41250000000000003,1779451181549462190
70.0,0.06977716088294983,0.499492347240448,0.33641085028648376,77.30863189697266,212.70167541503906,41.0,29.0,-0.17142857142857143,278.7772357723577,-0.1288211382113822,391.7568359375,0.2242401123046875,0.9663578987121582,-0.32113014135525975,0.41250000000000003,1779451181582873280
70.0,0.07425562292337418,0.4997404217720032,0.3385743796825409,77.75180053710938,215.74522399902344,44.0,26.0,-0.2571428571428571,336.6234217171717,0.05194819286616159,423.5878601074219,0.32371206283569337,0.9718975067138672,-0.22653908445022541,0.41250000000000003,1779451181616430428
78.0,0.06991684436798096,0.48249930143356323,0.329521119594574,72.96916961669922,227.1387176513672,45.0,33.0,-0.15384615384615385,304.8405764171251,-0.04737319869648413,339.0714111328125,0.05959815979003906,0.9121146202087402,-0.22359644109603258,0.41250000000000003,1779451181649185024
67.0,0.10349202901124954,0.5162203907966614,0.35798612236976624,80.3458251953125,252.74493408203125,39.0,28.0,-0.16417910447761194,266.8819673936991,-0.16599385189469035,460.1065673828125,0.4378330230712891,1.0,-0.27977931860178545,0.55,1779451181748960692
82.0,0.1374569684267044,0.5078613758087158,0.3561052083969116,71.93343353271484,247.75189208984375,46.0,36.0,-0.12195121951219512,299.13129827688647,-0.06521469288472978,358.04248046875,0.11888275146484376,0.8991679191589356,-0.26290971055702966,0.55,1779451181816161872
82.0,0.10517534613609314,0.46364733576774597,0.33289799094200134,69.11074829101562,244.16796875,47.0,35.0,-0.14634146341463414,332.4622823984526,0.038944632495164375,317.3492126464844,-0.008283710479736328,0.8638843536376953,-0.40533448887442225,0.41250000000000003,1779451181849319886
80.0,0.1021420955657959,0.4417341947555542,0.28495949506759644,65.4050521850586,215.102294921875,46.0,34.0,-0.15,290.03932669082127,-0.09362710409118354,447.22357177734375,0.39757366180419923,0.8175631523132324,-0.2686073941524217,0.41250000000000003,1779451181916540819
76.0,0.08797230571508408,0.4656773507595062,0.3292766511440277,73.134521484375,238.53302001953125,43.0,33.0,-0.13157894736842105,280.7376060445387,-0.12269498111081649,389.0,0.215625,0.9141815185546875,-0.33266328363551245,0.41250000000000003,1779451181949267743
82.0,0.08261218667030334,0.46058905124664307,0.3173213005065918,65.22785186767578,204.4749298095703,48.0,34.0,-0.17073170731707318,282.38231099276794,-0.11755527814760018,387.04266357421875,0.2095083236694336,0.8153481483459473,-0.3441003650570591,0.41250000000000003,1779451181984026882
73.0,0.05319374054670334,0.49026280641555786,0.34681740403175354,75.56647491455078,196.66468811035156,41.0,32.0,-0.1232876712328767,315.024278407015,-0.015549129978078113,306.26971435546875,-0.04290714263916016,0.9445809364318848,-0.2874151773907349,0.5,1779451182016612582
82.0,0.05371871218085289,0.4829843044281006,0.35149574279785156,69.09911346435547,196.66468811035156,47.0,35.0,-0.14634146341463414,280.6416461916462,-0.12299485565110561,376.3929443359375,0.17622795104980468,0.8637389183044434,-0.3696119331423585,0.41250000000000003,1779451182049454858
81.0,0.08454526960849762,0.4834601581096649,0.35571712255477905,69.76886749267578,214.14947509765625,45.0,36.0,-0.1111111111111111,307.25026737967914,-0.03984291443850267,348.65277099609375,0.08953990936279296,0.8721108436584473,-0.32993202795438864,0.41250000000000003,1779451182083327531
85.0,0.09783437103033066,0.4548938572406769,0.3131164014339447,66.76895904541016,193.08029174804688,50.0,35.0,-0.17647058823529413,270.2098914895525,-0.15559408909514846,272.0010986328125,-0.14999656677246093,0.8346119880676269,-0.4550734539096052,0.55,1779451182115670468
79.0,0.12882985174655914,0.48870211839675903,0.3604567348957062,68.83525085449219,213.15017700195312,44.0,35.0,-0.11392405063291139,292.20339007839004,-0.08686440600503112,377.359619140625,0.17924880981445312,0.8604406356811524,-0.4356682293038269,1.0,1779451182149111996
83.0,0.099815733730793,0.4984425902366638,0.3518146872520447,67.0672607421875,195.09228515625,52.0,31.0,-0.25301204819277107,273.0280649625529,-0.14678729699202223,220.59046936035156,-0.3106547832489014,0.8383407592773438,-0.39724734392128125,1.0,1779451182183177122
86.0,0.11268014460802078,0.45323771238327026,0.32508063316345215,64.2847671508789,188.04254150390625,50.0,36.0,-0.16279069767441862,277.11887254901956,-0.1340035232843139,391.2120666503906,0.22253770828247071,0.8035595893859864,-0.465541190521343,0.55,1779451182215884156
87.0,0.0899653360247612,0.48280075192451477,0.3442443013191223,63.60301208496094,180.0999755859375,50.0,37.0,-0.14942528735632185,272.56363636363636,-0.14823863636363638,266.83331298828125,-0.1661458969116211,0.7950376510620117,-0.37275441197953285,0.75,1779451182248859777
83.0,0.09317324310541153,0.48054105043411255,0.341467022895813,66.5398941040039,190.09471130371094,46.0,37.0,-0.10843373493975904,294.41990514075883,-0.07993779643512866,356.625,0.114453125,0.8317486763000488,-0.4965356996465614,1.0,1779451182282490526
83.0,0.11489206552505493,0.4890100359916687,0.35007914900779724,62.751617431640625,156.7737274169922,50.0,33.0,-0.20481927710843373,273.31212814645306,-0.14589959954233417,414.66668701171875,0.2958333969116211,0.7843952178955078,-0.4447741395314739,1.0,1779451182315748744
83.0,0.08126241713762283,0.4852451682090759,0.3405951261520386,67.63526153564453,153.08168029785156,49.0,34.0,-0.18072289156626506,272.4547757812802,-0.14857882568349937,384.76666259765625,0.20239582061767578,0.8454407691955567,-0.35586162289111906,0.75,1779451182348678074
82.0,0.09862717241048813,0.4966043531894684,0.35838571190834045,66.34674835205078,191.12823486328125,50.0,32.0,-0.21951219512195122,299.39568547580967,-0.06438848288809478,328.4087219238281,0.02627725601196289,0.8293343544006347,-0.5107624993850789,1.0,1779451182382144935
85.0,0.10897306352853775,0.4992310404777527,0.36679571866989136,62.712005615234375,178.10108947753906,52.0,33.0,-0.2235294117647059,279.6299452221546,-0.1261564211807668,371.5703125,0.1611572265625,0.7839000701904297,-0.5811156877379904,1.0,1779451182415783730
78.0,0.10143375396728516,0.4757779538631439,0.3455432057380676,65.6739501953125,211.151611328125,46.0,32.0,-0.1794871794871795,287.9677419354839,-0.10010080645161282,333.0,0.040625,0.8209243774414062,-0.38228642737412827,0.75,1779451182449121069
79.0,0.13133521378040314,0.4561060965061188,0.3316095471382141,65.03483581542969,204.12005615234375,47.0,32.0,-0.189873417721519,272.95588235294116,-0.14701286764705887,353.4069519042969,0.10439672470092773,0.8129354476928711,-0.5696292272177792,1.0,1779451182481757926
68.0,0.16182959079742432,0.47750502824783325,0.37164396047592163,69.68283081054688,206.118896484375,38.0,30.0,-0.11764705882352941,285.0068542568543,-0.10935358044733032,308.0326843261719,-0.03739786148071289,0.871035385131836,-0.509390626406472,0.41250000000000003,1779451182515743519
68.0,0.13849173486232758,0.4709959924221039,0.3458232581615448,66.99567413330078,211.1160888671875,42.0,26.0,-0.23529411764705882,276.0215909090909,-0.13743252840909098,421.318603515625,0.3166206359863281,0.8374459266662597,-0.5856524257822728,0.55,1779451182548991033
69.0,0.10181626677513123,0.4198981821537018,0.3088775873184204,69.06578063964844,209.1171875,38.0,31.0,-0.10144927536231885,284.8121402407117,-0.10996206174777594,297.16986083984375,-0.07134418487548828,0.8633222579956055,-0.7338683595210267,0.5,1779451182582571865
69.0,0.10480546951293945,0.38924896717071533,0.27900230884552,61.056243896484375,209.1171875,41.0,28.0,-0.18840579710144928,269.88475877192985,-0.15661012883771921,600.9815673828125,0.8780673980712891,0.7632030487060547,-0.8714309912141194,0.41250000000000003,1779451182648216310
57.0,0.104781873524189,0.466146856546402,0.3584927022457123,69.06405639648438,206.118896484375,34.0,23.0,-0.19298245614035087,276.9019075847393,-0.13468153879768963,229.12103271484375,-0.2839967727661133,0.8633007049560547,-0.7210055377390834,0.5,1779451182815150068
57.0,0.17319796979427338,0.5187616348266602,0.40250667929649353,64.75249481201172,179.10052490234375,39.0,18.0,-0.3684210526315789,264.8858695652174,-0.1722316576086957,230.1504364013672,-0.28077988624572753,0.8094061851501465,-0.571680276466263,0.55,1779451182915262726
48.0,0.22802238166332245,0.42865484952926636,0.39046502113342285,66.3631362915039,160.07810974121094,33.0,15.0,-0.375,272.2091836734694,-0.14934630102040813,264.23114013671875,-0.1742776870727539,0.8295392036437989,-0.9188927386586001,0.55,1779451183382651308
46.0,0.19595780968666077,0.4232160151004791,0.37933653593063354,63.99944305419922,171.105224609375,31.0,15.0,-0.34782608695652173,251.85539772727276,-0.21295188210227262,285.3622131347656,-0.10824308395385743,0.7999930381774902,-0.9757592760569758,0.41250000000000003,1779451183482229298
38.0,-0.009846948087215424,0.5305331945419312,0.4593694508075714,81.85125732421875,286.4716491699219,26.0,12.0,-0.3684210526315789,332.80721925133685,0.04002256016042764,178.6018524169922,-0.4418692111968994,1.0,1.1619690605905317,0.75,1779451188114668388
35.0,-0.009302275255322456,0.5224867463111877,0.45184653997421265,95.50277709960938,281.2205505371094,22.0,13.0,-0.2571428571428571,354.60363247863245,0.1081363514957264,184.96682739257812,-0.42197866439819337,1.0,1.1187838648279176,0.5,1779451188147746561
38.0,0.00838647224009037,0.4954732060432434,0.42471861839294434,92.85382843017578,355.55731201171875,27.0,11.0,-0.42105263157894735,303.1737967914438,-0.05258188502673811,-2.5548574924468994,-1.0079839296638966,1.0,1.1114443114008294,0.5,1779451188180564067
42.0,-0.006310644559562206,0.503190279006958,0.42544761300086975,82.85748291015625,309.23291015625,28.0,14.0,-0.3333333333333333,371.9642857142857,0.16238839285714288,-2.3578946590423584,-1.0073684208095073,1.0,1.097003604296422,0.5,1779451188214980063
42.0,-0.021208932623267174,0.5250810980796814,0.4311162829399109,82.77529907226562,284.58038330078125,28.0,14.0,-0.3333333333333333,348.40597014925373,0.08876865671641791,84.76530456542969,-0.7351084232330323,1.0,1.1557403304108351,0.55,1779451188249298255
39.0,-0.04561244696378708,0.5531628727912903,0.4595406949520111,85.22473907470703,282.4482116699219,29.0,10.0,-0.48717948717948717,351.7323076923077,0.09916346153846156,62.608154296875,-0.8043495178222656,1.0,1.1338615867013047,0.55,1779451188280953817
35.0,0.02200961671769619,0.5118962526321411,0.42767634987831116,89.32740020751953,269.9666748046875,22.0,13.0,-0.2571428571428571,343.0390749601276,0.07199710925039877,-25.82025909423828,-1.0806883096694946,1.0,1.1134825057437776,0.55,1779451188315454225
36.0,0.041933730244636536,0.5235826373100281,0.42300257086753845,91.33992767333984,313.6399230957031,22.0,14.0,-0.2222222222222222,345.5447120708749,0.079827225221484,-180.94671630859375,-1.5654584884643554,1.0,1.046246996171456,0.41250000000000003,1779451188347659619
29.0,0.031088491901755333,0.5063303112983704,0.41313987970352173,91.41588592529297,299.3409423828125,19.0,10.0,-0.3103448275862069,426.203216374269,0.33188505116959066,-286.4906005859375,-1.8952831268310546,1.0,1.0054548197999,0.41250000000000003,1779451188413997391
26.0,0.3781093955039978,0.5509350895881653,0.5738577842712402,125.41191101074219,323.6788635253906,15.0,11.0,-0.15384615384615385,246.9734068627451,-0.22820810355392157,71.06913757324219,-0.7779089450836182,1.0,-1.1770125343523707,0.5,1779451191515319283
21.0,0.346527636051178,0.5797525644302368,0.5685526728630066,145.24827575683594,323.1361999511719,12.0,9.0,-0.14285714285714285,296.3090294840295,-0.07403428286240779,72.16718292236328,-0.7744775533676147,1.0,-1.1300541381829894,0.5,1779451191547220147
25.0,0.3366091544229725,0.5580761999334308,0.5465160293180683,134.27688598632812,326.0552062988281,16.0,9.0,-0.28,288.06779661016947,-0.09978813559322042,72.55728149414062,-0.7732584953308106,1.0,-1.0999195377387314,0.5,1779451191614215913
27.0,0.28449055552482605,0.5853895545005798,0.5639509558677673,157.0870819091797,320.7319641113281,15.0,12.0,-0.1111111111111111,273.6056034482759,-0.1449824892241379,64.10525512695312,-0.7996710777282715,1.0,-1.007494511356524,0.41250000000000003,1779451191746899911
25.0,0.3020762801170349,0.6174447536468506,0.6026840806007385,138.750244140625,311.3326110839844,15.0,10.0,-0.2,221.41415229885058,-0.3080807740660919,72.06751251220703,-0.7747890233993531,1.0,-1.0288211894476564,0.75,1779451191780584556
22.0,0.23755979537963867,0.6454581022262573,0.5950824022293091,142.61326599121094,291.49615478515625,15.0,7.0,-0.36363636363636365,202.43267059253327,-0.36739790439833353,72.34889221191406,-0.7739097118377686,1.0,-1.0723227415519865,0.75,1779451191847636947
27.0,0.24993573129177094,0.5923784971237183,0.5551869869232178,137.5867919921875,345.38818359375,16.0,11.0,-0.18518518518518517,253.9381076388889,-0.20644341362847216,72.29762268066406,-0.7740699291229248,1.0,-0.9534282311290904,0.41250000000000003,1779451191880622388
27.0,0.3584078252315521,0.6029478311538696,0.6293362975120544,131.65794372558594,279.6354675292969,19.0,8.0,-0.4074074074074074,194.14638732205208,-0.39329253961858723,72.20059204101562,-0.7743731498718261,1.0,-1.000353503541383,0.55,1779451191947721515
30.0,0.28217825293540955,0.5842726826667786,0.5646407604217529,126.30631256103516,292.7422180175781,21.0,9.0,-0.4,255.18705197132616,-0.20254046258960576,73.76628112792969,-0.7694803714752197,1.0,-1.0484598225128745,1.0,1779451191981156300
27.0,0.3243819773197174,0.5993208885192871,0.6060711741447449,138.6710662841797,328.6411437988281,16.0,11.0,-0.18518518518518517,301.1917808219178,-0.058775684931506866,71.81609344482422,-0.7755747079849243,1.0,-1.1873123401254122,0.75,1779451192014188558
28.0,0.3084893226623535,0.5735815763473511,0.5758726000785828,120.84313201904297,285.6308898925781,17.0,11.0,-0.21428571428571427,323.97587719298247,0.012424616228070206,80.57835388183594,-0.7481926441192627,1.0,-1.0504110806941949,0.75,1779451192047337122
23.0,0.2575092613697052,0.6186572313308716,0.5832898616790771,133.17929077148438,297.73309326171875,15.0,8.0,-0.30434782608695654,397.8909952606635,0.2434093601895734,72.44269561767578,-0.7736165761947632,1.0,-0.96198164624542,1.0,1779451192080737491
22.0,0.32519209384918213,0.5297635197639465,0.544497013092041,128.54039001464844,311.4000549316406,12.0,10.0,-0.09090909090909091,398.1470450281426,0.24420951571294564,76.94953155517578,-0.7595327138900757,1.0,-0.9667045298321069,0.55,1779451192113865441
24.0,0.27636536955833435,0.6392174959182739,0.611312210559845,143.31874084472656,321.4000549316406,17.0,7.0,-0.4166666666666667,369.690243902439,0.15528201219512194,81.39115905761719,-0.7456526279449462,1.0,-0.9616915465363901,0.55,1779451192147907817
29.0,0.3504202663898468,0.5866730213165283,0.6104393005371094,128.88330078125,320.60101318359375,18.0,11.0,-0.2413793103448276,276.06111111111113,-0.1373090277777777,82.28929138183594,-0.7428459644317627,1.0,-1.197129827131918,0.5,1779451192180999608
30.0,0.3421694040298462,0.6576218008995056,0.669065535068512,126.89907836914062,310.6010437011719,17.0,13.0,-0.13333333333333333,300.4166666666667,-0.06119791666666661,75.27791595458984,-0.7647565126419067,1.0,-0.9784322300934154,0.55,1779451192215521637
31.0,0.2967189848423004,0.5901105403900146,0.5783381462097168,127.82730102539062,317.8002624511719,18.0,13.0,-0.16129032258064516,401.85919540229884,0.2558099856321839,82.42457580566406,-0.7424232006072998,1.0,-0.9762188809771414,0.55,1779451192246908458
33.0,0.24690338969230652,0.5769498348236084,0.5357465744018555,112.9464111328125,299.2005920410156,21.0,12.0,-0.2727272727272727,376.5,0.1765625,91.73016357421875,-0.7133432388305664,1.0,-0.967965374714692,0.55,1779451192279930366
31.0,0.3131141662597656,0.6625299453735352,0.6547467708587646,121.84406280517578,322.8002624511719,18.0,13.0,-0.16129032258064516,203.98666500498504,-0.36254167185942177,85.5422592163086,-0.7326804399490356,1.0,-1.012293606034559,0.55,1779451192313688112
28.0,0.34189674258232117,0.5963632464408875,0.6104046106338501,134.17703247070312,307.0016174316406,17.0,11.0,-0.21428571428571427,191.24303460514642,-0.4023655168589174,89.2696762084961,-0.7210322618484497,1.0,-0.9806429981010032,0.55,1779451192346888670
29.0,0.23814882338047028,0.5984935760498047,0.5483644604682922,134.52577209472656,283.0158996582031,20.0,9.0,-0.3793103448275862,221.0204762349571,-0.30931101176575904,94.66262817382812,-0.7041792869567871,1.0,-0.9723641149976571,0.55,1779451192379829185
31.0,0.29050132632255554,0.5902615785598755,0.5722498893737793,115.49652862548828,285.60113525390625,18.0,13.0,-0.16129032258064516,194.86483636977056,-0.391047386344467,104.08030700683594,-0.6747490406036377,1.0,-1.1599492222984238,0.5,1779451192414349774
29.0,0.27997443079948425,0.5983713269233704,0.5746573805809021,123.4073257446289,287.2559814453125,21.0,8.0,-0.4482758620689655,249.5060052557554,-0.22029373357576434,194.46249389648438,-0.3923047065734863,1.0,-0.9652097109564676,0.55,1779451192446949345
28.0,0.2289135754108429,0.5982644557952881,0.5365085005760193,124.89042663574219,283.0158996582031,19.0,9.0,-0.35714285714285715,253.7329887218045,-0.20708441024436092,104.44088745117188,-0.6736222267150879,1.0,-0.9768013720310942,0.55,1779451192482018477
28.0,0.24061189591884613,0.6119797825813293,0.5613692998886108,115.87882232666016,285.8426208496094,21.0,7.0,-0.5,229.83007964257962,-0.2817810011169387,109.00199890136719,-0.6593687534332275,1.0,-0.9954107413700861,0.55,1779451192512916362
24.0,0.25780972838401794,0.5282926559448242,0.5003722310066223,127.1474609375,288.66937255859375,15.0,9.0,-0.25,248.35333333333335,-0.22389583333333327,225.42877197265625,-0.2955350875854492,1.0,-0.995176240091007,0.55,1779451192547810947
32.0,0.1374509632587433,0.5665757656097412,0.46171092987060547,111.63827514648438,294.32293701171875,24.0,8.0,-0.5,264.016116043369,-0.17494963736447194,237.18881225585938,-0.25878496170043946,1.0,-0.9832594690152667,0.55,1779451192579984797
31.0,0.26104795932769775,0.4996699094772339,0.4780041575431824,110.20785522460938,294.32293701171875,19.0,12.0,-0.22580645161290322,253.92348484848486,-0.20648910984848481,231.16720581054688,-0.277602481842041,1.0,-1.0482528852617075,1.0,1779451192612978186
31.0,0.21175698935985565,0.5781766176223755,0.5126633644104004,120.68333435058594,281.6025695800781,20.0,11.0,-0.2903225806451613,266.1279973649539,-0.16835000823451907,136.73846435546875,-0.5726922988891602,1.0,-1.0013318407818583,0.55,1779451192646625656
28.0,0.21116666495800018,0.5251915454864502,0.45720717310905457,123.2498550415039,315.6532897949219,18.0,10.0,-0.2857142857142857,231.82145062834175,-0.275557966786432,218.21932983398438,-0.31806459426879885,1.0,-1.0183190158622009,0.55,1779451192680060278
30.0,0.2564176321029663,0.5951986312866211,0.5454011559486389,133.99777221679688,305.655029296875,21.0,9.0,-0.4,232.2967454394693,-0.2740726705016584,123.55589294433594,-0.6138878345489502,1.0,-1.006490617399319,0.55,1779451192713234758
27.0,0.1827792525291443,0.5880085229873657,0.49931278824806213,143.20936584472656,313.4613342285156,19.0,8.0,-0.4074074074074074,279.6928651059086,-0.12595979654403563,205.654052734375,-0.3573310852050781,1.0,-1.010781525874675,1.0,1779451192746755909
32.0,0.21526403725147247,0.5847819447517395,0.51274573802948,125.24506378173828,314.86505126953125,22.0,10.0,-0.375,257.08221153846154,-0.1966180889423077,252.5487823486328,-0.21078505516052246,1.0,-1.0123099720033206,1.0,1779451192781600614
29.0,0.21405340731143951,0.5899906158447266,0.5193285346031189,129.24191284179688,313.4613342285156,18.0,11.0,-0.2413793103448276,287.43326569587015,-0.1017710447004058,234.72381591796875,-0.26648807525634766,1.0,-1.0092172475966485,1.0,1779451192813219212
25.0,0.1769804209470749,0.6150354146957397,0.5182819366455078,136.8378448486328,292.2276611328125,17.0,8.0,-0.36,244.03730984138176,-0.237383406745682,236.796875,-0.260009765625,1.0,-1.0235713706522815,1.0,1779451192847107603
35.0,0.22337280213832855,0.5840508937835693,0.5226104855537415,100.34014129638672,313.4613342285156,21.0,14.0,-0.2,236.09701492537312,-0.262196828358209,164.7395782470703,-0.48518881797790525,1.0,-1.0527501529353622,0.55,1779451192881056469
30.0,0.24065877497196198,0.5130777359008789,0.47427159547805786,129.51168823242188,283.0158996582031,18.0,12.0,-0.2,217.7140609942747,-0.3196435593928916,145.5572967529297,-0.5451334476470947,1.0,-1.0542743206909617,0.55,1779451192913011050
32.0,0.17901375889778137,0.5839219093322754,0.5002918243408203,117.33545684814453,292.0616455078125,20.0,12.0,-0.25,290.3614333057167,-0.0926205209196354,264.49957275390625,-0.17343883514404296,1.0,-1.0367317140913312,1.0,1779451192947299890
28.0,0.18571415543556213,0.5601193904876709,0.4716525971889496,127.96620178222656,278.7759094238281,18.0,10.0,-0.2857142857142857,184.8192955928127,-0.42243970127246033,251.20013427734375,-0.21499958038330078,1.0,-1.0251214890497145,1.0,1779451192979531273
33.0,0.16730737686157227,0.5214579105377197,0.43312060832977295,107.6990966796875,272.85345458984375,21.0,12.0,-0.2727272727272727,238.71448414839017,-0.2540172370362807,250.66342163085938,-0.21667680740356446,1.0,-1.049370616505549,0.55,1779451193013166296
38.0,0.14595326781272888,0.5870909094810486,0.4888712167739868,107.47659301757812,282.5260925292969,27.0,11.0,-0.42105263157894735,209.62745700245702,-0.34491419686732183,256.4781799316406,-0.19850568771362304,1.0,-1.0193841336319818,1.0,1779451193048333815
35.0,0.14125876128673553,0.5906713008880615,0.49171850085258484,101.66553497314453,268.4026794433594,21.0,14.0,-0.2,232.91093975468976,-0.2721533132665945,215.4296875,-0.3267822265625,1.0,-1.0357076366256843,1.0,1779451193080503023
34.0,0.22130949795246124,0.6080058217048645,0.5445931553840637,121.54692077636719,282.5260925292969,19.0,15.0,-0.11764705882352941,233.82021803333282,-0.2693118186458349,257.0851135253906,-0.1966090202331543,1.0,-1.075220399732094,0.55,1779451193115342310
36.0,0.10445104539394379,0.5944467782974243,0.485942006111145,118.58108520507812,282.5260925292969,23.0,13.0,-0.2777777777777778,130.98220130932896,-0.590680620908347,221.26736450195312,-0.30853948593139646,1.0,-1.0607472166184233,0.55,1779451193147046492
35.0,0.09757611155509949,0.5976030230522156,0.48207762837409973,116.55915069580078,275.7716369628906,23.0,12.0,-0.3142857142857143,153.023764371222,-0.5218007363399313,195.55551147460938,-0.3888890266418457,1.0,-1.0626595587142147,1.0,1779451193180388675
36.0,0.1564836949110031,0.5878088474273682,0.4871176481246948,116.12433624267578,283.9383850097656,21.0,15.0,-0.16666666666666666,246.57175925925927,-0.2294632523148148,218.70579528808594,-0.3165443897247314,1.0,-1.0703701597362008,0.55,1779451193213912074
34.0,0.10838264226913452,0.5829323530197144,0.46447426080703735,109.33216094970703,278.7723083496094,22.0,12.0,-0.29411764705882354,231.37288263762855,-0.2769597417574108,274.3656921386719,-0.1426072120666504,1.0,-1.0312318707936372,1.0,1779451193247740315
36.0,0.1286211609840393,0.6246339678764343,0.5185550451278687,120.00511169433594,289.3941955566406,22.0,14.0,-0.2222222222222222,138.02540983606556,-0.5686705942622952,183.92147827148438,-0.4252453804016113,1.0,-1.0930965069956815,0.55,1779451193280896095
38.0,0.1501607596874237,0.5725497007369995,0.4619114100933075,102.72222137451172,292.9846496582031,23.0,15.0,-0.21052631578947367,257.68838443396226,-0.19472379864386796,303.47967529296875,-0.05162601470947266,1.0,-1.0752275806658487,1.0,1779451193313915291
33.0,0.04591676592826843,0.5757387280464172,0.4433270990848541,114.57701873779297,307.1969909667969,21.0,12.0,-0.2727272727272727,194.63636363636363,-0.39176136363636366,245.21902465820312,-0.23369054794311522,1.0,-1.0864966753247745,0.75,1779451193346744591
32.0,0.1030513271689415,0.6175429224967957,0.5052663087844849,125.63571166992188,308.6033020019531,15.0,17.0,0.0625,196.65525685478815,-0.385452322328787,192.41860961914062,-0.39869184494018556,1.0,-1.1041119255068534,0.55,1779451193380361279
36.0,0.11902821063995361,0.5996527671813965,0.4792000353336334,114.11971282958984,307.1969909667969,24.0,12.0,-0.3333333333333333,162.07638888888889,-0.4935112847222222,255.26873779296875,-0.20228519439697265,1.0,-1.1071920781327704,0.55,1779451193413532963
36.0,0.11470811814069748,0.5759395360946655,0.4498375356197357,105.9842758178711,307.1969909667969,21.0,15.0,-0.16666666666666666,205.53752758409183,-0.357695226299713,303.84088134765625,-0.050497245788574216,1.0,-1.089413638403798,1.0,1779451193446604958
39.0,0.11606607586145401,0.5679249167442322,0.43233948945999146,102.71690368652344,306.4196472167969,22.0,17.0,-0.1282051282051282,162.23178924406383,-0.4930256586123005,262.3472900390625,-0.18016471862792968,1.0,-1.0737653454447726,1.0,1779451193480706185
40.0,0.09043169021606445,0.6021644473075867,0.47546783089637756,102.9251708984375,305.01312255859375,24.0,16.0,-0.2,165.0467391304348,-0.48422894021739127,218.02999877929688,-0.31865625381469725,1.0,-1.125569716316709,0.55,1779451193513623520
44.0,0.07937430590391159,0.566623330116272,0.4378950893878937,100.79985809326172,312.74591064453125,28.0,16.0,-0.2727272727272727,176.0174418604651,-0.4499454941860465,316.8868713378906,-0.009728527069091797,1.0,-1.1438829365285115,0.55,1779451193546876987
36.0,0.1301545798778534,0.5370003581047058,0.42607682943344116,111.16007232666016,305.01312255859375,21.0,15.0,-0.16666666666666666,173.5852883675464,-0.4575459738514175,305.5168151855469,-0.045259952545166016,1.0,-1.1135959819577914,0.55,1779451193579563055
36.0,0.18699294328689575,0.6240723729133606,0.5285975933074951,119.09146118164062,322.79559326171875,19.0,17.0,-0.05555555555555555,199.71673516185712,-0.3758852026191965,211.61508178710938,-0.3387028694152832,1.0,-1.1252894448593365,0.55,1779451193613862621
42.0,0.06389610469341278,0.590258777141571,0.45271310210227966,113.57099914550781,305.01312255859375,25.0,17.0,-0.19047619047619047,181.4407327586207,-0.4329977101293103,283.71856689453125,-0.11337947845458984,1.0,-1.1221900700411647,0.55,1779451193648224111
45.0,0.1401596963405609,0.589740514755249,0.47640788555145264,103.90714263916016,303.6066589355469,27.0,18.0,-0.2,179.69887313773185,-0.43844102144458796,316.2205810546875,-0.011810684204101562,1.0,-1.119371816051752,0.55,1779451193679299300
51.0,0.09583914279937744,0.5551302433013916,0.4323826730251312,94.9678955078125,302.8299865722656,28.0,23.0,-0.09803921568627451,220.87551948051944,-0.30976400162337675,338.2611083984375,0.05706596374511719,1.0,-1.1510824064451863,1.0,1779451193713604340
49.0,0.1290464699268341,0.5410093069076538,0.42128700017929077,95.55463409423828,325.2952575683594,30.0,19.0,-0.22448979591836735,237.412142043286,-0.25808705611473126,322.55865478515625,0.007995796203613282,1.0,-1.136377628945568,1.0,1779451193746761923
42.0,0.10973644256591797,0.6019482612609863,0.4788159728050232,113.8676986694336,307.1969909667969,23.0,19.0,-0.09523809523809523,191.19791666666666,-0.4025065104166667,239.50067138671875,-0.2515604019165039,1.0,-1.1382200370732336,1.0,1779451193780644632
41.0,0.09165339916944504,0.5803960561752319,0.4416126012802124,112.13842010498047,301.42327880859375,22.0,19.0,-0.07317073170731707,193.6502079002079,-0.3948431003118503,298.5484924316406,-0.06703596115112305,1.0,-1.1731148030557599,0.55,1779451193813630029
50.0,0.053271159529685974,0.5459869503974915,0.3922470211982727,96.13797760009766,300.01666259765625,28.0,22.0,-0.12,234.93188866197713,-0.2658378479313215,351.9561767578125,0.09986305236816406,1.0,-1.179046706153715,0.55,1779451193880190359
39.0,0.05581333860754967,0.5984044075012207,0.4552758038043976,113.66785430908203,305.01312255859375,22.0,17.0,-0.1282051282051282,202.9490861735444,-0.3657841057076737,229.01766967773438,-0.2843197822570801,1.0,-1.1698480210577324,0.55,1779451193913830832
43.0,0.09600803256034851,0.6035096049308777,0.4721677899360657,110.56100463867188,303.6066589355469,25.0,18.0,-0.16279069767441862,205.7927527018436,-0.35689764780673877,348.3389587402344,0.08855924606323243,1.0,-1.1735341113141,0.55,1779451193947029440
39.0,0.04426003620028496,0.5920787453651428,0.4485502541065216,117.87820434570312,313.772216796875,24.0,15.0,-0.23076923076923078,186.81609195402297,-0.4161997126436782,342.65960693359375,0.07081127166748047,1.0,-1.1911103691126939,0.55,1779451193980519636
50.0,0.0390247143805027,0.5488784313201904,0.3949688971042633,94.0634994506836,271.59161376953125,27.0,23.0,-0.08,223.50656206006704,-0.3015419935622905,363.9473876953125,0.13733558654785155,1.0,-1.2036853806670549,0.55,1779451194013788859
41.0,0.02840876206755638,0.5357047915458679,0.39245811104774475,105.89804077148438,303.6066589355469,26.0,15.0,-0.2682926829268293,189.70686858076564,-0.40716603568510734,347.053955078125,0.08454360961914062,1.0,-1.1774052701334305,1.0,1779451194047534027
57.0,0.01567998342216015,0.493428498506546,0.31427645683288574,91.1401596069336,297.2036437988281,33.0,24.0,-0.15789473684210525,270.18902512321193,-0.1556592964899627,394.815185546875,0.23379745483398437,1.0,0.32687360382438,0.5,1779451194213050432
56.0,0.022475630044937134,0.5250652432441711,0.35828471183776855,99.97999572753906,294.3908996582031,36.0,20.0,-0.2857142857142857,273.08708333333334,-0.14660286458333333,366.86700439453125,0.14645938873291015,1.0,0.31744736100722326,0.5,1779451194246696677
57.0,-0.0026662449818104506,0.49599432945251465,0.30674824118614197,96.7256851196289,292.2276611328125,37.0,20.0,-0.2982456140350877,255.78604835225212,-0.20066859889921213,408.4953308105469,0.276547908782959,1.0,0.28078693128815513,0.5,1779451194380677260
46.0,-0.06441852450370789,0.5368620157241821,0.3644005358219147,109.91242980957031,289.4010925292969,33.0,13.0,-0.43478260869565216,258.80434575175804,-0.19123641952575615,281.41265869140625,-0.12058544158935547,1.0,0.25843606277621356,0.5,1779451194414706796
54.0,0.020675186966899517,0.5207115318970311,0.33616189889972864,94.48853302001953,269.25823974609375,36.0,18.0,-0.3333333333333333,236.63652770102237,-0.2605108509343051,407.89678955078125,0.2746774673461914,1.0,0.2733045238099002,0.5,1779451194447234624
52.0,-0.055567666888237,0.5141456723213196,0.3331220746040344,102.209228515625,280.189208984375,34.0,18.0,-0.3076923076923077,239.41833079268292,-0.25181771627286587,397.5,0.2421875,1.0,0.25460357618145196,0.5,1779451194480524219
46.0,-0.11185681074857712,0.5442370772361755,0.3754867911338806,106.13878631591797,288.66937255859375,27.0,19.0,-0.17391304347826086,238.7900926958461,-0.2537809603254809,286.07391357421875,-0.1060190200805664,1.0,0.25345603326808197,0.5,1779451194513261755
54.0,0.0070696997616734045,0.5667224415972385,0.39434706852823953,101.04451751708984,283.0158996582031,33.0,21.0,-0.2222222222222222,243.97191139529576,-0.23758777688970073,387.70318603515625,0.21157245635986327,1.0,0.2869794267311935,0.5,1779451194613545411
42.0,-0.08753477036952972,0.5691104531288147,0.40769657492637634,121.74871063232422,287.2559814453125,27.0,15.0,-0.2857142857142857,240.06585665193913,-0.24979419796269023,283.3293151855469,-0.11459589004516602,1.0,0.2554728832269365,0.5,1779451194680860456
49.0,-0.0294660497456789,0.5676714181900024,0.39778608083724976,112.11064147949219,285.1613464355469,28.0,21.0,-0.14285714285714285,238.2781759492286,-0.25538070015866066,283.4838562011719,-0.1141129493713379,1.0,0.2491457953746597,0.5,1779451194715534840
48.0,-0.0819854810833931,0.5182321667671204,0.33497151732444763,103.92989349365234,292.9095458984375,34.0,14.0,-0.4166666666666667,237.95294117647057,-0.2563970588235295,430.2369689941406,0.34449052810668945,1.0,0.2457169584046906,0.5,1779451194749180960
48.0,-0.045863907784223557,0.5510030388832092,0.3657878339290619,111.248046875,284.42926025390625,30.0,18.0,-0.25,240.6323529411765,-0.24802389705882347,409.79522705078125,0.2806100845336914,1.0,0.24122334512031934,0.5,1779451194779512051
50.0,-0.08006741851568222,0.5324943661689758,0.35304123163223267,101.95978546142578,277.3625793457031,31.0,19.0,-0.24,241.68416628580297,-0.2447369803568657,411.7816162109375,0.2868175506591797,1.0,0.23697178320545015,0.5,1779451194813250836
52.0,-0.016197885294758203,0.5906930756002646,0.39662676378243716,101.67617797851562,292.9095458984375,33.0,19.0,-0.2692307692307692,240.8655757848978,-0.2472950756721944,290.55316162109375,-0.09202136993408203,1.0,0.22717414510788414,0.75,1779451194846530620
51.0,-0.08829449862241745,0.533608615398407,0.3640093207359314,95.00446319580078,280.189208984375,31.0,20.0,-0.21568627450980393,237.80432257939432,-0.2568614919393927,284.1143798828125,-0.11214256286621094,1.0,0.28273765839149534,0.5,1779451194947037841
56.0,0.003934512152020707,0.5587213285465169,0.3620786940655839,92.25989532470703,281.6025695800781,37.0,19.0,-0.32142857142857145,240.31634304207122,-0.24901142799352743,139.16665649414062,-0.5651041984558105,1.0,0.24459581945026584,0.75,1779451195046620948
49.0,-0.09252049028873444,0.5713260173797607,0.4158361256122589,102.7210922241211,272.3912658691406,29.0,20.0,-0.1836734693877551,236.21648368733258,-0.2618234884770857,287.0137939453125,-0.10308189392089843,1.0,0.2605617895061414,0.5,1779451195080327600
56.0,-0.04094938561320305,0.49333810806274414,0.29745548963546753,87.03553009033203,284.42926025390625,37.0,19.0,-0.32142857142857145,237.4214936247723,-0.25805783242258656,373.052978515625,0.16579055786132812,1.0,0.27236831303269426,0.5,1779451195188924555
58.0,-0.03252292424440384,0.5360722541809082,0.3572075366973877,94.44898986816406,279.4584045410156,34.0,24.0,-0.1724137931034483,241.8713768115942,-0.24415194746376817,366.701416015625,0.14594192504882814,1.0,0.2557770723225507,0.5,1779451195222557635
57.0,0.0025875917412096308,0.5502807504740878,0.3420744057308573,89.03534698486328,278.7759094238281,36.0,21.0,-0.2631578947368421,252.06764046518143,-0.21228862354630804,291.0,-0.090625,1.0,0.21319646338765896,0.75,1779451195254495463
63.0,0.008779456838965416,0.5468801259994507,0.3684641718864441,85.76576232910156,275.94927978515625,37.0,26.0,-0.1746031746031746,244.09197312752804,-0.23721258397647488,341.23663330078125,0.0663644790649414,1.0,0.23596686337925327,0.5,1779451195285290208
54.0,-0.007058805921796147,0.5674312866806565,0.3671976936727642,90.93133544921875,274.5359802246094,33.0,21.0,-0.2222222222222222,247.81916215506297,-0.22556511826542822,438.1691589355469,0.369278621673584,1.0,0.21837252420727338,0.75,1779451195319301084
63.0,0.08619304684687065,0.6059722464535159,0.4190090970130461,92.09963989257812,263.7972717285156,36.0,27.0,-0.14285714285714285,251.21600621600624,-0.21494998057498052,314.8013610839844,-0.01624574661254883,1.0,0.24772416545812587,1.0,1779451195350438964
57.0,-0.028142288327217102,0.5705710649490356,0.3741866946220398,91.92781066894531,275.2181091308594,35.0,22.0,-0.22807017543859648,260.5614101138016,-0.1857455933943699,280.879638671875,-0.12225112915039063,1.0,0.2659796040178164,0.75,1779451195381892073
60.0,0.009640821255743504,0.57174152135849,0.407049298286438,95.7554931640625,294.32293701171875,34.0,26.0,-0.13333333333333333,254.64575839328538,-0.2042320050209832,282.1338195800781,-0.11833181381225585,1.0,0.21975688427318876,0.5,1779451195413286569
59.0,-0.0285160131752491,0.5861145853996277,0.40574952960014343,95.00717163085938,294.32293701171875,34.0,25.0,-0.15254237288135594,254.2844827586207,-0.20536099137931033,249.49093627929688,-0.22034082412719727,1.0,0.25258736857202146,0.75,1779451195446750362
55.0,0.10121265666949655,0.5463036799365416,0.3709519462512722,97.2223892211914,292.9095458984375,31.0,24.0,-0.12727272727272726,260.46885260718943,-0.18603483560253303,437.66455078125,0.36770172119140626,1.0,0.22734359644013832,0.5,1779451195480226588
57.0,0.08845336833495752,0.5446731664680111,0.36989015818116866,94.70407104492188,292.9095458984375,30.0,27.0,-0.05263157894736842,250.09343383752378,-0.2184580192577382,425.826904296875,0.33070907592773435,1.0,0.23142052024007198,0.5,1779451195516913374
58.0,0.06621000392507802,0.5552989642851375,0.3879347547331649,96.42689514160156,294.32293701171875,33.0,25.0,-0.13793103448275862,258.9979245283019,-0.1906314858490566,432.25,0.35078125,1.0,0.23871295956489214,0.5,1779451195547586157
58.0,0.029396994039416313,0.5516729354858398,0.3757868707180023,93.72356414794922,292.9095458984375,32.0,26.0,-0.10344827586206896,253.80422012065014,-0.2068618121229683,367.25,0.14765625,1.0,0.2450771556079527,0.5,1779451195580625374
60.0,0.09878400123570277,0.5585494572901505,0.3946796706897906,87.9998550415039,263.7972717285156,32.0,28.0,-0.06666666666666667,279.6379781420765,-0.12613131830601088,211.27059936523438,-0.3397793769836426,1.0,0.22301987294344722,0.5,1779451195613557054
64.0,0.03540502942822793,0.5087923750366228,0.32040351908843884,88.51396942138672,294.32293701171875,37.0,27.0,-0.15625,252.49013157894737,-0.21096833881578947,286.36578369140625,-0.10510692596435547,1.0,0.19914661107766135,0.5,1779451195647158854
63.0,0.043656854493077914,0.576229703376051,0.3936105629241553,91.25444030761719,270.18511962890625,34.0,29.0,-0.07936507936507936,260.5818475552787,-0.18568172638975397,296.8226013183594,-0.07242937088012695,1.0,0.19016372477578275,0.75,1779451195713572123
56.0,0.052151428920258515,0.5438794490920758,0.37308754397972793,97.6674575805664,287.83502197265625,30.0,26.0,-0.07142857142857142,264.5571091225454,-0.17325903399204562,260.92633056640625,-0.18460521697998047,1.0,0.1687764307140133,0.5,1779451195780050928
58.0,0.09740525908206982,0.5576484682621411,0.3990334001358615,93.25144958496094,293.4910583496094,33.0,25.0,-0.13793103448275862,220.3266188006914,-0.3114793162478394,452.5,0.4140625,1.0,0.16457953262634045,0.5,1779451195813991531
66.0,0.04854949936270714,0.549760639667511,0.3970116674900055,90.49349975585938,258.8358459472656,38.0,28.0,-0.15151515151515152,233.55368852459017,-0.2701447233606557,168.74127197265625,-0.4726835250854492,1.0,0.1396393140997575,0.5,1779451195879889307
64.0,0.05051425131197168,0.5357809072480295,0.3638662821341205,86.64797973632812,301.2806091308594,34.0,30.0,-0.0625,283.59722222222223,-0.11375868055555553,322.3419189453125,0.0073184967041015625,1.0,0.18955890963518054,0.5,1779451195912853868
73.0,0.10434572526573993,0.5307351355544203,0.36366929578583396,81.04253387451172,294.9050598144531,42.0,31.0,-0.1506849315068493,271.092062193126,-0.15283730564648118,441.35345458984375,0.3792295455932617,1.0,0.1313633947321561,0.75,1779451196015915217
60.0,0.07253048568964005,0.5570341348648071,0.4050455689430237,92.42713928222656,252.4856414794922,33.0,27.0,-0.1,296.3498682367684,-0.07390666176009883,331.7961120605469,0.036862850189208984,1.0,0.10610701631848136,0.5,1779451196046856933
81.0,0.033708823003949846,0.5743349711786749,0.39900225522101834,76.98590087890625,242.75914001464844,42.0,39.0,-0.037037037037037035,245.8859649122807,-0.23160635964912277,324.89666748046875,0.015302085876464843,0.9623237609863281,0.12625365252084983,1.0,1779451196080467724
72.0,0.08302680033220941,0.5747467236439489,0.4261166317043115,84.23515319824219,293.4910583496094,40.0,32.0,-0.1111111111111111,253.44117647058823,-0.20799632352941178,171.97625732421875,-0.4625741958618164,1.0,1.3812682009785253,0.5,1779451196112885366
76.0,0.06297912448644638,0.5340010523796082,0.3943815529346466,81.20819091796875,239.94166564941406,43.0,33.0,-0.13157894736842105,252.89912280701753,-0.2096902412280702,339.148193359375,0.05983810424804688,1.0,0.0860719057916884,0.5,1779451196180274261
68.0,0.0806734636425972,0.5645154118537903,0.40852442383766174,91.35497283935547,280.0464172363281,38.0,30.0,-0.11764705882352941,284.07090336134456,-0.11227842699579824,114.08784484863281,-0.6434754848480224,1.0,0.035716680662842795,0.75,1779451196220530523
78.0,0.02641463652253151,0.49656379222869873,0.3457929491996765,82.49691009521484,278.2265319824219,45.0,33.0,-0.15384615384615385,288.22395572263997,-0.09930013836675008,491.951416015625,0.5373481750488281,1.0,0.05995658417985377,0.5,1779451196254575894
71.0,0.017314409837126732,0.5361602306365967,0.3908565044403076,90.04353332519531,280.7650146484375,45.0,26.0,-0.2676056338028169,316.3,-0.011562499999999965,341.68060302734375,0.06775188446044922,1.0,1.3806642093818866,0.5,1779451196288436779
80.0,0.09844180941581726,0.4917023181915283,0.35138097405433655,86.02113342285156,287.0853576660156,44.0,36.0,-0.1,275.45535714285717,-0.13920200892857135,180.8262939453125,-0.43491783142089846,1.0,0.04852701877074152,0.5,1779451196320845808
78.0,0.05135932192206383,0.5327301025390625,0.37720391154289246,88.1273193359375,255.97265625,42.0,36.0,-0.07692307692307693,324.8904761904762,0.015282738095238103,163.8205108642578,-0.48806090354919435,1.0,0.08007654379376623,0.75,1779451196354512246
77.0,0.03287585824728012,0.4832921028137207,0.33310991525650024,82.54290008544922,277.18585205078125,46.0,31.0,-0.19480519480519481,272.8225274725275,-0.14742960164835156,165.56637573242188,-0.4826050758361816,1.0,0.032697590769794574,0.5,1779451196388123900
72.0,0.03572630137205124,0.5115429759025574,0.3714609146118164,94.70475006103516,280.0142822265625,43.0,29.0,-0.19444444444444445,268.05504201680674,-0.16232799369747894,165.43084716796875,-0.48302860260009767,1.0,0.04058574080938254,0.5,1779451196422509652
80.0,0.059281397610902786,0.5015880465507507,0.3680727183818817,83.38264465332031,268.7005920410156,49.0,31.0,-0.225,299.66365207653735,-0.06355108726082079,191.8765869140625,-0.4003856658935547,1.0,0.02305119937342049,0.5,1779451196454297476
76.0,0.1167348325252533,0.48741328716278076,0.35304757952690125,83.50637817382812,296.98486328125,44.0,32.0,-0.15789473684210525,330.33388157894734,0.03229337993421044,353.04168701171875,0.1032552719116211,1.0,0.0014761285412462216,0.5,1779451196486659947
78.0,0.08160819858312607,0.49586525559425354,0.34977051615715027,84.30268096923828,274.357421875,45.0,33.0,-0.15384615384615385,302.46709401709404,-0.054790331196581124,205.41204833984375,-0.35808734893798827,1.0,-0.018348844045185678,0.5,1779451196517646959
67.0,0.053728144615888596,0.4763335883617401,0.33375030755996704,92.0323486328125,292.7422180175781,40.0,27.0,-0.19402985074626866,265.61538461538464,-0.169951923076923,360.56768798828125,0.12677402496337892,1.0,-0.0023732885085410715,0.5,1779451196548003904
75.0,0.036820270121097565,0.5091238021850586,0.3637361526489258,86.71454620361328,291.3280029296875,45.0,30.0,-0.2,272.2051282051282,-0.14935897435897444,487.27777099609375,0.522743034362793,1.0,-0.0215889627132621,0.5,1779451196580228115
74.0,0.09337745184192717,0.4966564097768806,0.34838390118933943,86.86093139648438,285.671142578125,43.0,31.0,-0.16216216216216217,291.53496503496507,-0.08895323426573416,213.0386962890625,-0.3342540740966797,1.0,-0.023478381303365617,0.75,1779451196612790481
70.0,0.04882033169269562,0.4825194776058197,0.34164631366729736,85.15792083740234,287.0853576660156,43.0,27.0,-0.22857142857142856,270.47836312758295,-0.15475511522630328,424.20196533203125,0.32563114166259766,1.0,-0.024591138561835042,0.5,1779451196646452178
77.0,0.023802170725061626,0.5130922306936866,0.36306521589360385,84.67926025390625,287.0853576660156,52.0,25.0,-0.35064935064935066,340.97826086956525,0.0655570652173914,187.046875,-0.415478515625,1.0,-0.038442814631226695,0.75,1779451196680310614
74.0,0.013090203516185284,0.4427081346511841,0.30168068408966064,83.70939636230469,285.671142578125,47.0,27.0,-0.2702702702702703,277.67088122605367,-0.13227849616858228,172.8763427734375,-0.4597614288330078,1.0,-0.05090609247143175,0.5,1779451196713786971
63.0,0.04761258140206337,0.5227469205856323,0.387064129114151,99.91572570800781,282.84271240234375,36.0,27.0,-0.14285714285714285,291.7692307692308,-0.08822115384615384,122.18660736083984,-0.6181668519973755,1.0,-0.04847652242912506,0.5,1779451196746524950
72.0,0.01599588617682457,0.48982366919517517,0.3573692739009857,80.33678436279297,281.4284973144531,46.0,26.0,-0.2777777777777778,299.5116338154661,-0.06402614432666845,230.96087646484375,-0.2782472610473633,1.0,-0.07326467268604843,0.5,1779451196779698166
83.0,-0.009663227945566177,0.4601749777793884,0.32423633337020874,77.70732879638672,280.0142822265625,55.0,28.0,-0.3253012048192771,336.1875,0.0505859375,202.14923095703125,-0.36828365325927737,0.971341609954834,-0.045896518916902135,0.5,1779451196813626617
70.0,0.07275014370679855,0.47699499130249023,0.35661086440086365,85.05381774902344,274.357421875,41.0,29.0,-0.17142857142857143,298.0561391223156,-0.0685745652427638,220.17996215820312,-0.3119376182556152,1.0,-0.08128321746204449,0.5,1779451196883475393
72.0,0.022409401834011078,0.46065810322761536,0.338676780462265,81.197021484375,274.357421875,47.0,25.0,-0.3055555555555556,343.4266563213932,0.07320830100435369,227.84010314941406,-0.28799967765808104,1.0,-0.09963768126312386,0.5,1779451196914599075
61.0,0.027004031464457512,0.48875731229782104,0.35686033964157104,98.7149887084961,302.6416931152344,38.0,23.0,-0.2459016393442623,346.7440710333698,0.08357522197928055,387.25567626953125,0.21017398834228515,1.0,-0.10360586585001204,0.5,1779451196947313911
68.0,0.03031434677541256,0.4596260190010071,0.33895277976989746,82.49745178222656,270.1147766113281,46.0,22.0,-0.35294117647058826,348.3121269893899,0.08847539684184351,223.88858032226562,-0.30034818649291994,1.0,-0.1120722223711661,0.5,1779451197013464091
77.0,0.04699840396642685,0.4713066518306732,0.3574543595314026,86.02667236328125,270.1147766113281,53.0,24.0,-0.37662337662337664,353.9710702341137,0.10615959448160535,225.85812377929688,-0.29419336318969724,1.0,-0.12555138094602009,0.5,1779451197046378755
76.0,0.04597862437367439,0.4617557227611542,0.3574333190917969,88.22328186035156,304.055908203125,50.0,26.0,-0.3157894736842105,324.1186683006536,0.012870838439542532,551.98828125,0.72496337890625,1.0,-0.15154970345291569,0.5,1779451197079905669
79.0,0.040647923946380615,0.48557600378990173,0.3849771022796631,84.9302749633789,267.286376953125,50.0,29.0,-0.26582278481012656,349.60131085131087,0.09250409641034647,167.9466552734375,-0.47516670227050783,1.0,-0.12759373876750088,0.5,1779451197112924106
77.0,0.03248787671327591,0.468161940574646,0.3607668876647949,80.08479309082031,267.286376953125,53.0,24.0,-0.37662337662337664,324.1863038277512,0.01308219946172251,230.96029663085938,-0.27824907302856444,1.0,-0.14894649345952315,0.5,1779451197146176933
74.0,-0.01779433898627758,0.4837009906768799,0.38526859879493713,87.08733367919922,302.6416931152344,50.0,24.0,-0.35135135135135137,292.84917870744545,-0.08484631653923298,166.7891845703125,-0.47878379821777345,1.0,-0.1596126233350632,0.5,1779451197180325111
83.0,0.03600046783685684,0.4947704076766968,0.39568090438842773,85.05027770996094,302.6416931152344,54.0,29.0,-0.30120481927710846,355.8261904761905,0.11195684523809532,171.76705932617188,-0.4632279396057129,1.0,-0.17949216717291425,0.5,1779451197213302063
79.0,-0.018383946269750595,0.49388837814331055,0.3959716260433197,82.95332336425781,261.6295166015625,55.0,24.0,-0.3924050632911392,323.72572199422405,0.011642881231950142,108.80209350585938,-0.6599934577941895,1.0,1.3056525836378392,0.75,1779451197246266307
82.0,0.028211412951350212,0.4905468821525574,0.3820189833641052,83.2343521118164,302.6416931152344,58.0,24.0,-0.4146341463414634,296.81250000000006,-0.07246093749999982,195.82337951660156,-0.38805193901062013,1.0,1.3361849023288768,0.5,1779451197283776630
81.0,0.023628629744052887,0.4792407751083374,0.37643590569496155,84.18547821044922,260.2153015136719,57.0,24.0,-0.4074074074074074,301.58246753246755,-0.05755478896103892,256.8730163574219,-0.19727182388305664,1.0,1.293905258320354,0.75,1779451197314569291
85.0,0.05968325585126877,0.48743876814842224,0.3825000524520874,82.42009735107422,301.22747802734375,60.0,25.0,-0.4117647058823529,376.98611111111114,0.17808159722222233,141.69192504882812,-0.5572127342224121,1.0,1.3238319112452406,0.5,1779451197346134735
84.0,-0.0023824197705835104,0.4603971242904663,0.367167204618454,77.77184295654297,217.7888946533203,56.0,28.0,-0.3333333333333333,328.9479235453812,0.027962261079316163,267.22125244140625,-0.16493358612060546,0.9721480369567871,1.297107661762839,0.75,1779451197380141592
87.0,0.0030786285642534494,0.4819455146789551,0.3866468369960785,76.12185668945312,302.6416931152344,58.0,29.0,-0.3333333333333333,426.75,0.33359375,264.15087890625,-0.17452850341796874,0.9515232086181641,1.320358758254067,0.5,1779451197413200442
77.0,0.050959859043359756,0.4862172603607178,0.38499775528907776,81.75786590576172,302.6416931152344,49.0,28.0,-0.2727272727272727,363.53125,0.13603515625,196.7903289794922,-0.3850302219390869,1.0,1.3133306054857827,0.5,1779451197446394968
99.0,0.05534433573484421,0.4471436142921448,0.3547523617744446,73.34343719482422,304.055908203125,73.0,26.0,-0.47474747474747475,404.61873349354016,0.264433542167313,154.40599060058594,-0.5174812793731689,0.9167929649353027,1.2875652510485533,0.5,1779451197513209589
87.0,0.08543438464403152,0.4602401852607727,0.38059625029563904,80.06140899658203,304.055908203125,60.0,27.0,-0.3793103448275862,379.3696837367612,0.18553026167737877,251.26272583007812,-0.21480398178100585,1.0,1.2797304205240452,0.5,1779451197580428238
104.0,0.08241117745637894,0.45734578371047974,0.3799625039100647,72.89008331298828,304.055908203125,71.0,33.0,-0.36538461538461536,391.5956900867824,0.22373653152119494,254.09127807617188,-0.2059647560119629,0.9111260414123535,1.2656035286082365,0.5,1779451197612887732
87.0,0.028311675414443016,0.47864365577697754,0.38816943764686584,77.79950714111328,304.055908203125,61.0,26.0,-0.40229885057471265,298.3266129032258,-0.0677293346774194,262.3624267578125,-0.18011741638183593,0.972493839263916,1.2660228365283972,0.5,1779451197679637871
107.0,-0.12097826600074768,0.5020766258239746,0.43815428018569946,76.19955444335938,304.055908203125,78.0,29.0,-0.45794392523364486,384.09924242424245,0.20031013257575764,262.860595703125,-0.17856063842773437,0.9524944305419922,1.2608120888461722,0.5,1779451197749591994
95.0,0.030222011730074883,0.46719473600387573,0.3917140066623688,74.60476684570312,304.055908203125,72.0,23.0,-0.5157894736842106,392.88554903877485,0.22776734074617142,261.59600830078125,-0.1825124740600586,0.932559585571289,1.2613353365283972,0.5,1779451197781057288
96.0,0.0043937466107308865,0.5023019313812256,0.4248026907444,77.56208801269531,304.055908203125,69.0,27.0,-0.4375,372.91676201373,0.16536488129290633,263.34759521484375,-0.1770387649536133,0.9695261001586915,1.2486610243359382,0.5,1779451197813904259
81.0,0.03447863832116127,0.4503561854362488,0.3851529359817505,80.27072143554688,280.0142822265625,56.0,25.0,-0.38271604938271603,439.2824048913044,0.37275751528532625,302.97772216796875,-0.053194618225097655,1.0,1.257960039557098,0.41250000000000003,1779451197913877060
81.0,0.0568650313610568,0.4572457599444069,0.38101381581012783,77.1808853149414,242.5634002685547,57.0,24.0,-0.4074074074074074,372.6160164835165,0.16442505151098902,236.67649841308594,-0.26038594245910646,0.9647610664367676,1.164484562447695,0.5,1779451197979693566
81.0,0.056090883910655975,0.4757041335105896,0.40289053320884705,79.14163208007812,265.21124267578125,60.0,21.0,-0.48148148148148145,365.67695177956375,0.14274047431113673,244.43109130859375,-0.23615283966064454,0.9892704010009765,1.1928582969674595,0.5,1779451198012638730
73.0,0.026067165657877922,0.48761457204818726,0.40586307644844055,83.3627700805664,247.63279724121094,50.0,23.0,-0.3698630136986301,398.06666666666666,0.24395833333333333,264.12249755859375,-0.17461719512939453,1.0,1.1626345376465697,0.41250000000000003,1779451198045520598
79.0,0.015218493528664112,0.5372278690338135,0.4587598741054535,86.13894653320312,242.83534240722656,53.0,26.0,-0.34177215189873417,362.7320197044335,0.13353756157635477,219.73719787597656,-0.31332125663757326,1.0,1.1053030908493544,0.75,1779451198115657576
86.0,0.015034142881631851,0.5497617721557617,0.45564723014831543,80.9198226928711,232.4521484375,62.0,24.0,-0.4418604651162791,356.8343853820598,0.11510745431893685,228.68148803710938,-0.2853703498840332,1.0,1.113620288026886,1.0,1779451198180634698
78.0,0.0026536514051258564,0.500847339630127,0.4219607710838318,87.69696807861328,283.5348205566406,56.0,22.0,-0.4358974358974359,352.2657608695652,0.10083050271739129,232.63577270507812,-0.27301321029663084,1.0,1.0801420704245328,0.5,1779451198213027722
81.0,0.04111684858798981,0.5116227269172668,0.43680793046951294,86.84066009521484,217.15432739257812,56.0,25.0,-0.38271604938271603,352.5311942959002,0.10165998217468815,248.02536010742188,-0.22492074966430664,1.0,1.0422197111516494,1.0,1779451198246245247
80.0,-0.0038900941144675016,0.5001028776168823,0.42371875047683716,83.5511474609375,278.9928283691406,59.0,21.0,-0.475,345.3853016142736,0.079329067544605,240.88311767578125,-0.2472402572631836,1.0,1.103563973869847,1.0,1779451198280485481
89.0,0.08986072242259979,0.48205459117889404,0.42202267050743103,80.75150299072266,255.1959991455078,63.0,26.0,-0.4157303370786517,343.2787828947369,0.07274619654605274,176.88595581054688,-0.447231388092041,1.0,1.0727170758179116,1.0,1779451198313040895
85.0,0.01682903617620468,0.49974408745765686,0.427541047334671,80.68757629394531,224.7353973388672,58.0,27.0,-0.36470588235294116,342.1006787330317,0.06906462104072411,345.15057373046875,0.07859554290771484,1.0,1.0864293381181038,1.0,1779451198345757668
73.0,-0.03596165031194687,0.5288218259811401,0.44592803716659546,87.79166412353516,254.2616729736328,50.0,23.0,-0.3698630136986301,339.637062937063,0.06136582167832181,273.74407958984375,-0.14454975128173828,1.0,1.030773628754194,1.0,1779451198379446691
77.0,-0.06800135970115662,0.5212894082069397,0.44257691502571106,88.89466094970703,256.4527282714844,55.0,22.0,-0.42857142857142855,338.85397653194264,0.058918676662320736,281.9617919921875,-0.11886940002441407,1.0,1.0467555833871183,1.0,1779451198413202494
77.0,0.014851339161396027,0.517578125,0.4446896016597748,87.65412139892578,266.40008544921875,54.0,23.0,-0.4025974025974026,336.35,0.05109375000000007,358.78302001953125,0.12119693756103515,1.0,1.0699121711239978,0.55,1779451198446991009
76.0,0.000980072538368404,0.5336745977401733,0.4539620280265808,88.42984771728516,245.0,51.0,25.0,-0.34210526315789475,325.6391004194547,0.01762218881079587,269.4927978515625,-0.1578350067138672,1.0,1.0325582108913807,0.55,1779451198481533539
75.0,0.024379489943385124,0.5616955161094666,0.48143118619918823,93.3581771850586,265.6332092285156,56.0,19.0,-0.49333333333333335,323.3782505910166,0.010557033096926816,264.61871337890625,-0.17306652069091796,1.0,1.0115075407837286,0.55,1779451198513125695
82.0,0.03760109469294548,0.5027370452880859,0.4334720969200134,85.88951110839844,259.9422912597656,58.0,24.0,-0.4146341463414634,374.10805626598466,0.16908767583120204,357.97979736328125,0.1186868667602539,1.0,0.9918445432962459,0.55,1779451198546533190
78.0,0.015101793222129345,0.5218998193740845,0.43765130639076233,84.70555114746094,258.5498046875,56.0,22.0,-0.4358974358974359,353.57142857142856,0.10491071428571423,320.468017578125,0.001462554931640625,1.0,0.9966606866980793,0.55,1779451198579744341
74.0,0.0009095141431316733,0.5026876926422119,0.42194491624832153,88.04513549804688,259.3260498046875,53.0,21.0,-0.43243243243243246,335.92857142857144,0.049776785714285766,301.47198486328125,-0.05790004730224609,1.0,0.9494099716538074,0.55,1779451198612882464
84.0,0.011184676550328732,0.48806050419807434,0.4090217053890228,81.91461181640625,261.1972351074219,62.0,22.0,-0.47619047619047616,354.64008620689657,0.10825026939655177,169.59405517578125,-0.4700185775756836,1.0,0.957003633150522,1.0,1779451198648269535
66.0,-0.06672531366348267,0.5462526679039001,0.4722920358181,103.86198425292969,270.18511962890625,47.0,19.0,-0.42424242424242425,359.63445378151255,0.12385766806722671,288.4141845703125,-0.09870567321777343,1.0,0.9554656979964495,0.55,1779451198681619343
86.0,-0.012516030110418797,0.5005307793617249,0.4198334813117981,82.61433410644531,272.9981689453125,61.0,25.0,-0.4186046511627907,338.02,0.056312499999999946,411.94354248046875,0.2873235702514648,1.0,0.9259526721990208,0.55,1779451198715980476
84.0,-0.051460571587085724,0.5572676062583923,0.4695501923561096,91.02960205078125,271.59161376953125,56.0,28.0,-0.3333333333333333,340.24210329341315,0.0632565727919161,357.07720947265625,0.11586627960205079,1.0,0.955494211879613,0.55,1779451198748235838
98.0,-0.0233248770236969,0.5456504821777344,0.46811410784721375,84.59622192382812,265.9661560058594,72.0,26.0,-0.46938775510204084,349.5,0.0921875,306.4376220703125,-0.042382431030273435,1.0,0.8920350141777035,1.0,1779451198783305941
104.0,-0.08814291656017303,0.49977433681488037,0.43498721718788147,83.19099426269531,259.5630798339844,79.0,25.0,-0.5192307692307693,345.4090277777778,0.07940321180555561,420.4641418457031,0.3139504432678223,1.0,0.8806419454111022,1.0,1779451198814223594
110.0,-0.05950280651450157,0.494123250246048,0.42166411876678467,80.31944274902344,273.77545166015625,80.0,30.0,-0.45454545454545453,317.3958333333333,-0.008138020833333393,231.27011108398438,-0.2772809028625488,1.0,0.925904009736239,1.0,1779451198850045495
105.0,-0.03657902404665947,0.5104740858078003,0.43301862478256226,86.7249755859375,281.5848083496094,75.0,30.0,-0.42857142857142855,360.38665501165497,0.12620829691142177,507.30523681640625,0.5853288650512696,1.0,0.9036805779430218,1.0,1779451198882730129
87.0,-0.08221351355314255,0.519968569278717,0.44550326466560364,93.68818664550781,262.37567138671875,61.0,26.0,-0.40229885057471265,350.7426044369435,0.09607063886544846,148.95858764648438,-0.5345044136047363,1.0,0.8969984466671671,1.0,1779451198914141113
99.0,-0.06584199517965317,0.5128607749938965,0.43099334836006165,85.22602081298828,262.37567138671875,68.0,31.0,-0.37373737373737376,303.4346590909091,-0.05176669034090899,182.526611328125,-0.42960433959960936,1.0,0.9455973130606692,1.0,1779451198947727185
94.0,-0.08834119886159897,0.5441833138465881,0.46883246302604675,91.92240142822266,262.37567138671875,64.0,30.0,-0.3617021276595745,369.3619815668203,0.15425619239631344,176.724365234375,-0.4477363586425781,1.0,0.8679533602576832,1.0,1779451198980634616
88.0,-0.053314924240112305,0.5418482422828674,0.4631390869617462,83.75,249.87396240234375,59.0,29.0,-0.3409090909090909,360.7071428571429,0.1272098214285716,442.9842529296875,0.3843257904052734,1.0,0.8634676209676648,1.0,1779451199016218573
84.0,0.015582862310111523,0.5245155096054077,0.4350179135799408,86.6628646850586,256.6028137207031,60.0,24.0,-0.42857142857142855,373.1590909090909,0.166122159090909,240.6383056640625,-0.24800529479980468,1.0,0.8768558421464362,1.0,1779451199050860696
81.0,0.004077417775988579,0.524573802947998,0.4317207932472229,89.10603332519531,277.9945983886719,56.0,25.0,-0.38271604938271603,360.09183673469386,0.1252869897959183,429.13140869140625,0.3410356521606445,1.0,0.8462522116265893,0.55,1779451199084307426
73.0,0.031728845089673996,0.5224580764770508,0.4387347102165222,97.99729919433594,279.4011535644531,56.0,17.0,-0.5342465753424658,297.1036414565826,-0.07155112044817943,498.5888366699219,0.5580901145935059,1.0,0.8224406185466419,1.0,1779451199116936827
75.0,-0.015751907601952553,0.5051059722900391,0.43227240443229675,97.4749526977539,277.9945983886719,48.0,27.0,-0.28,327.14486703772417,0.022327709492888027,447.33306884765625,0.3979158401489258,1.0,0.8629994628186308,0.55,1779451199150443436
89.0,-0.009694751352071762,0.4659697711467743,0.4009283781051636,83.43244934082031,277.9945983886719,63.0,26.0,-0.4157303370786517,301.43993506493507,-0.0580002029220779,410.98516845703125,0.28432865142822267,1.0,0.8864759088888725,1.0,1779451199192882211
76.0,0.026130052283406258,0.5214847922325134,0.4437566101551056,97.8276138305664,273.77545166015625,53.0,23.0,-0.39473684210526316,334.2404761904762,0.04450148809523817,336.38641357421875,0.051207542419433594,1.0,0.7915654449147576,1.0,1779451199222551331
75.0,-0.03097355179488659,0.5412654876708984,0.47247859835624695,95.67766571044922,276.588134765625,53.0,22.0,-0.41333333333333333,345.0028735632184,0.07813397988505741,407.9664001464844,0.27489500045776366,1.0,1.0152699238923724,1.0,1779451199259644285
85.0,0.039126843214035034,0.5294104218482971,0.45928841829299927,91.03804779052734,275.1817626953125,59.0,26.0,-0.38823529411764707,310.38958279495796,-0.030032553765756375,373.77044677734375,0.16803264617919922,1.0,0.8338716377005564,1.0,1779451199289257018
75.0,0.003003565827384591,0.5133457779884338,0.4543451964855194,99.13434600830078,275.8115234375,51.0,24.0,-0.36,345.4970382357369,0.07967824448667785,273.85906982421875,-0.1441904067993164,1.0,0.8530660748081949,0.55,1779451199354333984
94.0,0.045154307037591934,0.4925759434700012,0.43051284551620483,80.2579116821289,275.1817626953125,65.0,29.0,-0.3829787234042553,355.0715525076427,0.10959860158638346,384.43743896484375,0.20136699676513672,1.0,0.8363481376447495,0.55,1779451199387280630
101.0,-0.07422632724046707,0.4779433310031891,0.42327579855918884,78.32087707519531,270.18511962890625,71.0,30.0,-0.40594059405940597,333.667136483969,0.04270980151240309,149.66616821289062,-0.5322932243347168,0.9790109634399414,0.7926785874461489,1.0,1779451199419188664
84.0,-0.007248583249747753,0.4938192665576935,0.43449121713638306,86.88579559326172,274.4048156738281,53.0,31.0,-0.2619047619047619,378.78035714285716,0.1836886160714286,122.23545837402344,-0.6180141925811767,1.0,0.8759272658836126,1.0,1779451199454469777
78.0,-0.06553835421800613,0.5315122008323669,0.470877081155777,92.58443450927734,277.21832275390625,51.0,27.0,-0.3076923076923077,338.50604103343466,0.057831378229483296,325.0384521484375,0.015745162963867188,1.0,0.7675089502260399,1.0,1779451199486190987
87.0,0.03852143883705139,0.5055299997329712,0.4434644877910614,81.76473999023438,275.0454406738281,58.0,29.0,-0.3333333333333333,332.4107142857143,0.038783482142857116,461.96722412109375,0.443647575378418,1.0,0.8165857704213896,1.0,1779451199518266004
86.0,0.05729738995432854,0.5025166869163513,0.4446098506450653,84.46354675292969,276.588134765625,58.0,28.0,-0.3488372093023256,348.54285714285714,0.08919642857142858,282.857666015625,-0.11606979370117188,1.0,0.7908785387882076,1.0,1779451199548483848
82.0,-0.009555940516293049,0.5188921093940735,0.45812833309173584,85.84967803955078,274.2571716308594,53.0,29.0,-0.2926829268292683,347.7109741784037,0.08659679430751162,214.44558715820312,-0.32985754013061525,1.0,0.8138804315244742,1.0,1779451199579958035
76.0,-0.027391470968723297,0.5097090005874634,0.4555574357509613,93.16060638427734,275.1817626953125,47.0,29.0,-0.23684210526315788,335.1060606060606,0.047206439393939446,193.73126220703125,-0.39458980560302737,1.0,0.971615109975699,0.5,1779451199613946378
83.0,-0.025951873511075974,0.49417680501937866,0.4351974427700043,83.68721008300781,273.77545166015625,52.0,31.0,-0.25301204819277107,343.244301994302,0.07263844373219382,487.1628112792969,0.5223837852478027,1.0,0.7643186070631063,0.55,1779451199679920477
84.0,-0.05686190724372864,0.5188371539115906,0.45739510655403137,79.86910247802734,273.64208984375,46.0,38.0,-0.09523809523809523,306.2270833333333,-0.04304036458333336,141.97750854492188,-0.5563202857971191,0.9983637809753418,0.7750250441068272,1.0,1779451199713527190
85.0,-0.11090671271085739,0.5078244805335999,0.46529635787010193,85.75228881835938,247.64491271972656,46.0,39.0,-0.08235294117647059,344.29166666666663,0.07591145833333321,435.25848388671875,0.3601827621459961,1.0,0.9473699509259624,1.0,1779451199780230448
98.0,0.07471340894699097,0.4733924865722656,0.4239303469657898,73.669677734375,276.1756591796875,57.0,41.0,-0.16326530612244897,273.85818307905686,-0.14419317787794733,274.27508544921875,-0.1428903579711914,0.9208709716796875,0.7487597052288393,0.55,1779451199813974949
91.0,-0.005345235578715801,0.5346565246582031,0.4902467131614685,82.39498138427734,282.00177001953125,54.0,37.0,-0.18681318681318682,355.7857142857143,0.11183035714285712,542.8287353515625,0.6963397979736328,1.0,0.7320411132794888,1.0,1779451200013207136
83.0,-0.08035091310739517,0.5065239667892456,0.44926977157592773,87.0813217163086,282.83740234375,42.0,41.0,-0.012048192771084338,254.68490433138965,-0.20410967396440735,170.92816162109375,-0.465849494934082,1.0,0.9629253756874102,1.0,1779451200146882370
89.0,-0.09285338222980499,0.5269764065742493,0.48289236426353455,85.63912963867188,277.83807373046875,40.0,49.0,0.10112359550561797,292.09145348837205,-0.08721420784883734,165.07394409179688,-0.4841439247131348,1.0,0.6731797489712896,0.55,1779451200179581700
88.0,-0.13160842657089233,0.5129791498184204,0.4717820882797241,81.91523742675781,285.6308898925781,43.0,45.0,0.022727272727272728,287.8073226544622,-0.1006021167048056,517.208740234375,0.6162773132324219,1.0,0.7056068121453434,0.55,1779451200212808349
93.0,-0.08939017355442047,0.5007792115211487,0.4596938192844391,78.40105438232422,287.1410827636719,41.0,52.0,0.11827956989247312,369.0700280112045,0.15334383753501407,564.9714965820312,0.7655359268188476,0.9800131797790528,0.9928332760194296,0.5,1779451200312733203
83.0,-0.1173926517367363,0.5006888508796692,0.45586955547332764,90.4915542602539,292.138671875,43.0,40.0,-0.03614457831325301,301.60937500000006,-0.05747070312499982,528.442626953125,0.6513832092285157,1.0,0.918993622160446,0.5,1779451200379521327
89.0,-0.10020427405834198,0.5147575736045837,0.45352602005004883,84.08477783203125,295.16943359375,45.0,44.0,-0.011235955056179775,266.0467032967033,-0.1686040521978022,533.5396728515625,0.6673114776611329,1.0,-0.8904104852751524,0.5,1779451200412518141
91.0,-0.07121287286281586,0.49982285499572754,0.45431211590766907,81.91159057617188,297.9546813964844,39.0,52.0,0.14285714285714285,386.0590608465609,0.2064345651455028,456.24237060546875,0.42575740814208984,1.0,0.17980342232248822,0.5,1779451200479553846
91.0,-0.12947379052639008,0.5331310033798218,0.49841174483299255,83.41075897216797,299.3476257324219,44.0,47.0,0.03296703296703297,272.3186244674376,-0.14900429853925753,209.04071044921875,-0.34674777984619143,1.0,0.6650835625689978,0.55,1779451200515864238
88.0,-0.05837027728557587,0.5209994912147522,0.46213996410369873,83.67263793945312,301.2042541503906,46.0,42.0,-0.045454545454545456,320.51177464228937,0.0015992957571542732,484.45098876953125,0.5139093399047852,1.0,-0.9892555716201418,1.0,1779451200646925881
93.0,-0.10611869394779205,0.5092037320137024,0.46348387002944946,81.72537231445312,303.1517639160156,44.0,49.0,0.053763440860215055,317.4969457959149,-0.007822044387765991,201.39002990722656,-0.370656156539917,1.0,0.8949642186729031,0.75,1779451200679957365
90.0,-0.04177962243556976,0.5217928290367126,0.4676627218723297,79.31636047363281,269.6015625,45.0,45.0,0.0,414.07694414019716,0.2939904504381161,475.1676025390625,0.4848987579345703,0.9914545059204102,-1.0667313176768178,0.5,1779451200879745743
88.0,-0.022886579856276512,0.5027523636817932,0.4436430037021637,81.77212524414062,286.6234436035156,40.0,48.0,0.09090909090909091,292.5333333333333,-0.08583333333333343,509.4945068359375,0.5921703338623047,1.0,-1.2260659950961725,0.5,1779451200948920982
87.0,-0.06876113265752792,0.49939796328544617,0.4401785731315613,83.0699234008789,309.94354248046875,39.0,48.0,0.10344827586206896,345.43689101884445,0.0794902844338889,573.5145874023438,0.7922330856323242,1.0,-1.2316303607678145,0.5,1779451201018567369
95.0,-0.06774504482746124,0.5182738304138184,0.4602917730808258,71.56771850585938,243.05760192871094,42.0,53.0,0.11578947368421053,308.7858709273183,-0.03504415335213036,494.35723876953125,0.5448663711547852,0.8945964813232422,-1.2540915632779905,0.5,1779451201080963856
92.0,0.04710913822054863,0.5217494964599609,0.46233513951301575,80.63236999511719,287.0888366699219,45.0,47.0,0.021739130434782608,285.85227272727275,-0.10671164772727267,502.92034912109375,0.571626091003418,1.0,-0.9223424682866503,0.75,1779451201146569201
90.0,0.03333667293190956,0.494384229183197,0.43854162096977234,72.80481719970703,235.0914764404297,39.0,51.0,0.13333333333333333,286.20353260869564,-0.10561396059782613,505.37445068359375,0.5792951583862305,0.9100602149963379,-1.268875098357042,0.75,1779451201179545478
84.0,-0.007833240553736687,0.5037093758583069,0.4398946166038513,76.5897445678711,242.70558166503906,36.0,48.0,0.14285714285714285,287.29876373626377,-0.10219136332417574,452.0588684082031,0.41268396377563477,0.9573718070983886,-1.256964716041111,0.5,1779451201212978338
106.0,0.042216021567583084,0.4730900228023529,0.40838637948036194,69.25080108642578,258.4898376464844,52.0,54.0,0.018867924528301886,298.8588888888889,-0.06606597222222224,241.90350341796875,-0.24405155181884766,0.8656350135803222,-1.1865465035945386,0.55,1779451201280358608
102.0,-0.002209702506661415,0.459403932094574,0.3777848184108734,72.64691925048828,246.26002502441406,52.0,50.0,-0.0196078431372549,293.80555555555554,-0.08185763888888893,283.0011901855469,-0.11562128067016601,0.9080864906311035,-1.0277138734111306,0.5,1779451201446822140
105.0,-0.02105345018208027,0.4713287651538849,0.38680294156074524,68.25385284423828,239.7665557861328,57.0,48.0,-0.08571428571428572,281.4981818181818,-0.12031818181818181,485.7236328125,0.5178863525390625,0.8531731605529785,-1.2302301960104138,0.41250000000000003,1779451201480412922
76.0,0.01849151961505413,0.4996231198310852,0.42150601744651794,70.47099304199219,233.24021911621094,28.0,48.0,0.2631578947368421,331.3691822882999,0.03552869465093718,544.5916137695312,0.7018487930297852,0.8808874130249024,-1.3089405995976382,0.41250000000000003,1779451201781840263
88.0,0.010324869304895401,0.479195237159729,0.39325886964797974,66.90949249267578,213.21585083007812,43.0,45.0,0.022727272727272728,317.7,-0.007187500000000036,310.4150390625,-0.0299530029296875,0.8363686561584472,-1.1465146439052925,0.5,1779451201845845105
75.0,0.0235773716121912,0.494875431060791,0.41559961438179016,70.78716278076172,204.97073364257812,26.0,49.0,0.30666666666666664,305.09975961538464,-0.04656325120192299,328.2191467285156,0.025684833526611328,0.8848395347595215,0.9389158919400746,0.55,1779451201945511572
71.0,0.06867744773626328,0.5005335807800293,0.43062397837638855,76.45367431640625,201.0621795654297,23.0,48.0,0.352112676056338,326.5212511091393,0.020378909716060357,344.843505859375,0.07763595581054687,0.9556709289550781,0.9832349677878238,0.55,1779451201978723616
73.0,0.05907225236296654,0.4839187562465668,0.4234693646430969,67.9198226928711,209.30360412597656,22.0,51.0,0.3972602739726027,328.6883701883702,0.02715115683865683,314.50531005859375,-0.01717090606689453,0.8489977836608886,1.0346292335994953,0.55,1779451202046379863
68.0,0.07561121881008148,0.46679654717445374,0.4043920040130615,70.22622680664062,202.15835571289062,20.0,48.0,0.4117647058823529,333.60770348837207,0.04252407340116271,441.7383117675781,0.3804322242736816,0.8778278350830078,1.0639718791519641,0.55,1779451202079274860
93.0,-0.05062371864914894,0.4349822700023651,0.3686743974685669,66.60285949707031,213.82469177246094,45.0,48.0,0.03225806451612903,324.2206477732794,0.013189524291498066,365.8735656738281,0.1433548927307129,0.8325357437133789,1.0851486294328219,0.55,1779451202113356305
81.0,-0.06132993474602699,0.45070523023605347,0.3784181475639343,66.68431854248047,220.0454559326172,30.0,51.0,0.25925925925925924,322.61438477830154,0.008169952432192318,353.66357421875,0.10519866943359375,0.8335539817810058,1.0699662040307423,0.55,1779451202146386208
76.0,0.0579240582883358,0.5069548487663269,0.43143734335899353,67.0984878540039,205.78872680664062,25.0,51.0,0.34210526315789475,307.8944444444445,-0.03782986111111093,345.7962951660156,0.08061342239379883,0.8387310981750489,0.8090128198377372,0.55,1779451202179510734
62.0,-0.0017953688511624932,0.5070026516914368,0.3961036503314972,72.07242584228516,224.5172576904297,22.0,40.0,0.2903225806451613,323.7276422764228,0.011648882113821202,331.09527587890625,0.03467273712158203,0.9009053230285644,-1.1992959347655225,0.5,1779451202212596286
92.0,-0.077936552464962,0.457938015460968,0.36618754267692566,62.906341552734375,216.52020263671875,48.0,44.0,-0.043478260869565216,325.05555555555554,0.015798611111111072,383.66314697265625,0.19894733428955078,0.7863292694091797,0.7846601476093656,0.55,1779451202279337886
97.0,-0.05023397505283356,0.41426846385002136,0.3290655016899109,67.4210205078125,227.23776245117188,47.0,50.0,0.030927835051546393,305.19,-0.04628125000000001,406.2994689941406,0.26968584060668943,0.8427627563476563,0.9951433115452764,0.55,1779451202346913577
64.0,0.067350834608078,0.5245959162712097,0.4479692280292511,68.94189453125,233.06007385253906,24.0,40.0,0.25,297.35190918472654,-0.07077528379772957,339.8287353515625,0.061964797973632815,0.861773681640625,0.9038505248871953,0.55,1779451202379426240
89.0,-0.114332415163517,0.6237694621086121,0.518801212310791,60.803611755371094,248.34048461914062,42.0,47.0,0.056179775280898875,364.5357142857143,0.1391741071428571,331.771484375,0.036785888671875,0.7600451469421386,0.671670343459884,0.55,1779451202446327608
88.0,-0.2348555624485016,0.5565844774246216,0.4707830548286438,61.09833908081055,224.5083465576172,43.0,45.0,0.022727272727272728,365.07324561403505,0.14085389254385952,365.5321044921875,0.14228782653808594,0.7637292385101319,0.9131068981782661,0.55,1779451202479291139
63.0,-0.07826541364192963,0.5349481701850891,0.4342191219329834,81.28858184814453,263.4122314453125,29.0,34.0,0.07936507936507936,370.6607142857143,0.15831473214285713,346.1815490722656,0.08181734085083008,1.0,0.9603589154452914,0.55,1779451202512330882
74.0,-0.08505091816186905,0.5327125191688538,0.41816240549087524,68.4564208984375,268.56097412109375,34.0,40.0,0.08108108108108109,363.0,0.134375,334.8736572265625,0.04648017883300781,0.8557052612304688,0.9468226877668435,0.55,1779451202579176086
76.0,-0.19129979610443115,0.6233291625976562,0.5074558854103088,69.23966979980469,233.30880737304688,37.0,39.0,0.02631578947368421,365.1666666666667,0.1411458333333334,347.9215087890625,0.08725471496582031,0.8654958724975585,0.8615825520507305,0.55,1779451202612050100
75.0,-0.22936426103115082,0.6069481372833252,0.5189457535743713,68.82762908935547,243.5015411376953,39.0,36.0,-0.04,372.6791666666666,0.16462239583333318,332.8824768066406,0.040257740020751956,0.8603453636169434,0.9124923509370355,0.55,1779451202646324492
77.0,-0.0784757137298584,0.5174998044967651,0.39715734124183655,66.21907806396484,241.0,35.0,42.0,0.09090909090909091,356.24293546365914,0.1132591733239348,362.2035827636719,0.13188619613647462,0.8277384757995605,0.9927151897758831,0.55,1779451202680900937
80.0,-0.11206340789794922,0.6010852456092834,0.47396740317344666,68.593017578125,263.47296142578125,37.0,43.0,0.075,365.8982213438735,0.1434319416996047,332.5333251953125,0.03916664123535156,0.8574127197265625,-0.8033238419980987,0.5,1779451202712507895
70.0,-0.09931249916553497,0.5005294680595398,0.38731104135513306,73.04671478271484,298.8243713378906,31.0,39.0,0.11428571428571428,335.9736842105263,0.04991776315789469,367.82855224609375,0.14946422576904297,0.9130839347839356,0.9412270026831642,0.55,1779451202780396596
81.0,-0.16206389665603638,0.570656418800354,0.43278375267982483,65.23358917236328,299.70819091796875,38.0,43.0,0.06172839506172839,363.78645833333337,0.13683268229166679,358.2824401855469,0.11963262557983398,0.815419864654541,0.9778135882831008,0.55,1779451202813396760
79.0,-0.1967015266418457,0.544437050819397,0.4338110089302063,72.85114288330078,293.4706115722656,35.0,44.0,0.11392405063291139,356.8142361111111,0.11504448784722214,366.7618713378906,0.1461308479309082,0.9106392860412598,0.9412983119575009,0.55,1779451202846275263
85.0,-0.05891357362270355,0.4854494035243988,0.3608129918575287,62.62075424194336,235.29556274414062,32.0,53.0,0.24705882352941178,344.04715909090913,0.07514737215909104,380.66009521484375,0.18956279754638672,0.782759428024292,0.3215655398765318,1.0,1779451202912807174
72.0,-0.008738769218325615,0.45755285024642944,0.3430180549621582,69.85149383544922,248.1954803466797,26.0,46.0,0.2777777777777778,338.7212121212121,0.05850378787878778,364.49713134765625,0.1390535354614258,0.8731436729431152,1.0146675567569499,1.0,1779451202945815424
87.0,-0.05031120404601097,0.44971469044685364,0.32111862301826477,63.93822479248047,255.0,35.0,52.0,0.19540229885057472,296.38193548387096,-0.07380645161290325,391.94586181640625,0.22483081817626954,0.7992278099060058,1.0295484896970866,1.0,1779451202979980906
82.0,-0.03353778272867203,0.4889383316040039,0.35475561022758484,66.53668975830078,260.7220764160156,28.0,54.0,0.3170731707317073,295.64826697892266,-0.07609916569086668,356.20794677734375,0.11314983367919922,0.8317086219787597,0.6315388220805568,0.55,1779451203012908078
77.0,-0.0429069846868515,0.4148583710193634,0.30120405554771423,73.22085571289062,287.1410827636719,30.0,47.0,0.22077922077922077,301.39912280701753,-0.058127741228070205,371.0015869140625,0.1593799591064453,0.9152606964111328,0.9936351958020826,0.55,1779451203045409631
84.0,-0.029669923707842827,0.5053189992904663,0.3743874132633209,73.05384063720703,253.1600341796875,36.0,48.0,0.14285714285714285,333.52941176470586,0.0422794117647058,339.8992919921875,0.06218528747558594,0.9131730079650879,0.7244359427182705,1.0,1779451203111805918
89.0,-0.003573112888261676,0.43944576382637024,0.3361046314239502,70.9220962524414,262.73370361328125,32.0,57.0,0.2808988764044944,293.10625,-0.08404296875000003,365.7055969238281,0.1428299903869629,0.8865262031555176,1.0069375467530723,0.75,1779451203146240200
86.0,-0.0007843870553188026,0.44254475831985474,0.31485167145729065,65.43978118896484,267.2021789550781,30.0,56.0,0.3023255813953488,342.26627192982454,0.06958209978070169,339.9288330078125,0.062277603149414065,0.8179972648620606,1.0344459261313697,1.0,1779451203179460372
73.0,-0.023257389664649963,0.4185628294944763,0.31721624732017517,76.28118896484375,287.6960144042969,26.0,47.0,0.2876712328767123,280.1505102040816,-0.12452965561224491,331.6592712402344,0.03643522262573242,0.9535148620605469,1.0648842068563409,0.41250000000000003,1779451203217542682
75.0,-0.010990261100232601,0.43482011556625366,0.33386898040771484,70.487548828125,303.041259765625,26.0,49.0,0.30666666666666664,276.8076923076923,-0.1349759615384615,382.36260986328125,0.1948831558227539,0.8810943603515625,0.6724174382363621,0.55,1779451203279714559
80.0,0.015509921126067638,0.41241246461868286,0.3017599582672119,70.83697509765625,308.868896484375,29.0,51.0,0.275,294.2505919888925,-0.08046690003471095,378.6517639160156,0.18328676223754883,0.8854621887207031,1.069198478375409,0.41250000000000003,1779451203312306416
91.0,0.041309624910354614,0.40463578701019287,0.30935361981391907,64.94711303710938,286.6984558105469,32.0,59.0,0.2967032967032967,270.58087431693986,-0.15443476775956294,413.00567626953125,0.29064273834228516,0.8118389129638672,1.067512799319297,0.41250000000000003,1779451203345962278
81.0,0.002706988016143441,0.379253089427948,0.2717638909816742,65.85953521728516,216.6033172607422,26.0,55.0,0.35802469135802467,273.945348173516,-0.14392078695776256,366.48779296875,0.14527435302734376,0.8232441902160644,0.16174425366279388,0.5,1779451203545455076
88.0,0.12632861733436584,0.3576344847679138,0.27891111373901367,75.3586654663086,335.78863525390625,24.0,64.0,0.45454545454545453,369.2948717948718,0.15404647435897445,395.0186767578125,0.23443336486816407,0.9419833183288574,-0.8887466536379751,0.41250000000000003,1779451204546113372
92.0,0.1561185121536255,0.3559305667877197,0.27641817927360535,70.5589370727539,318.7601013183594,27.0,65.0,0.41304347826086957,360.8528846153846,0.12766526442307685,395.4118347167969,0.23566198348999023,0.8819867134094238,-0.8116962530445797,0.41250000000000003,1779451204580967481
111.0,0.10316983610391617,0.34105971455574036,0.24936306476593018,62.3211784362793,332.7957458496094,33.0,78.0,0.40540540540540543,367.4094684385382,0.14815458887043195,527.4351196289062,0.648234748840332,0.7790147304534912,-0.8899278603445694,0.41250000000000003,1779451204679717259
101.0,0.05602520331740379,0.44546109437942505,0.36903101205825806,81.86045837402344,341.9765930175781,62.0,39.0,-0.22772277227722773,220.86515151515152,-0.3097964015151515,191.8454132080078,-0.4004830837249756,1.0,-1.1589299147245897,0.75,1779451206844565507
110.0,0.061131879687309265,0.47834381461143494,0.38500234484672546,78.85803985595703,350.7434997558594,71.0,39.0,-0.2909090909090909,211.11249999999998,-0.34027343750000005,421.5914611816406,0.317473316192627,0.9857254981994629,-0.9191522623514001,0.55,1779451207078019599
105.0,-0.004465769976377487,0.4393060505390167,0.35869643092155457,78.25750732421875,358.0223388671875,65.0,40.0,-0.23809523809523808,235.84487179487178,-0.2629847756410257,441.06097412109375,0.37831554412841795,0.9782188415527344,-0.9335574802807675,0.55,1779451207180037348
115.0,0.023417489603161812,0.4497276842594147,0.35525861382484436,79.27839660644531,381.7918395996094,65.0,50.0,-0.13043478260869565,268.88690476190476,-0.15972842261904763,418.37799072265625,0.3074312210083008,0.9909799575805665,-0.9268701110056944,0.55,1779451207244961100
111.0,0.008471098728477955,0.4380173087120056,0.35734090209007263,79.78329467773438,373.5465087890625,69.0,42.0,-0.24324324324324326,240.91437997486386,-0.24714256257855044,362.22906494140625,0.13196582794189454,0.9972911834716797,-0.9365717771763262,0.55,1779451207277984630
109.0,-0.00850870180875063,0.4237328767776489,0.34557101130485535,79.57432556152344,352.285400390625,67.0,42.0,-0.22935779816513763,201.38971962616822,-0.3706571261682243,572.7134399414062,0.7897294998168946,0.994679069519043,-0.937993498149197,0.55,1779451207444822183
116.0,-0.012563214637339115,0.41066256165504456,0.3268270194530487,72.22837829589844,352.285400390625,70.0,46.0,-0.20689655172413793,270.39118198874297,-0.15502755628517823,534.23193359375,0.6694747924804687,0.9028547286987305,-0.9397007049999089,0.55,1779451207477958040
102.0,0.029606565833091736,0.4311625361442566,0.3449854254722595,87.11590576171875,313.3368835449219,65.0,37.0,-0.27450980392156865,232.39285714285717,-0.27377232142857133,553.316650390625,0.7291145324707031,1.0,-0.9011382019206016,0.55,1779451207512356360
111.0,0.009348800405859947,0.43669676780700684,0.3455328047275543,79.05039978027344,339.9676513671875,71.0,40.0,-0.27927927927927926,250.83656220322888,-0.21613574311490974,419.8148193359375,0.3119213104248047,0.988129997253418,-0.8825639730653427,0.55,1779451207545360591
112.0,-0.023020027205348015,0.42800644040107727,0.3476566672325134,74.13040924072266,361.8079528808594,72.0,40.0,-0.2857142857142857,231.33333333333331,-0.2770833333333334,397.8026428222656,0.2431332588195801,0.9266301155090332,-0.9235056870920693,0.55,1779451207578864677
97.0,0.010835085064172745,0.46039918065071106,0.37908419966697693,83.17618560791016,387.9845275878906,64.0,33.0,-0.31958762886597936,209.63,-0.34490625,557.048583984375,0.7407768249511719,1.0,-0.8698784551751604,0.55,1779451207645468268
119.0,-0.007684149779379368,0.43349871039390564,0.34902167320251465,72.06704711914062,375.4583740234375,75.0,44.0,-0.2605042016806723,224.65681818181818,-0.2979474431818182,512.2871704101562,0.6008974075317383,0.9008380889892578,-0.727869847703507,0.55,1779451207678459529
105.0,-0.021459219977259636,0.4554256796836853,0.3833085298538208,84.83026123046875,248.6966094970703,69.0,36.0,-0.3142857142857143,223.00892857142858,-0.30309709821428565,227.66827392578125,-0.28853664398193357,1.0,-0.892918562185287,0.55,1779451207744587467
112.0,-0.04471039026975632,0.42447301745414734,0.3511500954627991,74.80848693847656,274.9127197265625,69.0,43.0,-0.23214285714285715,198.47596153846155,-0.37976262019230766,389.33331298828125,0.2166666030883789,0.9351060867309571,-0.8759187962917194,0.55,1779451207811020210
90.0,-0.057534798979759216,0.45824241638183594,0.3967282474040985,88.43547821044922,378.34375,62.0,28.0,-0.37777777777777777,213.52173913043478,-0.3327445652173913,612.4694213867188,0.9139669418334961,1.0,-0.7487637194144872,0.55,1779451207844424681
98.0,-0.05627936124801636,0.41237932443618774,0.3599967062473297,82.48236083984375,383.9856872558594,66.0,32.0,-0.3469387755102041,210.69450610432852,-0.34157966842397336,523.5712280273438,0.6361600875854492,1.0,-0.28594707536338865,0.41250000000000003,1779451207878323642
111.0,-0.09938463568687439,0.4062650203704834,0.36362868547439575,83.05693054199219,357.1134338378906,72.0,39.0,-0.2972972972972973,184.88727272727272,-0.4222272727272728,515.9471435546875,0.6123348236083984,1.0,-0.12095798614532993,0.55,1779451208011425802
94.0,-0.0222890917211771,0.38197818398475647,0.3190838396549225,86.4046630859375,384.0377502441406,57.0,37.0,-0.2127659574468085,172.07843137254906,-0.46225490196078417,369.1351318359375,0.1535472869873047,1.0,-0.8652146872633807,0.55,1779451208045417204
119.0,0.0005417571519501507,0.39908578991889954,0.32204440236091614,82.0919189453125,355.0394287109375,77.0,42.0,-0.29411764705882354,219.06841841841842,-0.3154111924424424,434.3912658691406,0.35747270584106444,1.0,-0.8939704927597238,0.41250000000000003,1779451208244739202
116.0,-0.020268328487873077,0.41328752040863037,0.3482135236263275,82.48362731933594,379.4864807128906,80.0,36.0,-0.3793103448275862,218.4815905033055,-0.3172450296771703,401.5081787109375,0.2547130584716797,1.0,-0.29362984330109393,0.55,1779451208377195801
97.0,-0.1127772256731987,0.3760969638824463,0.3093000054359436,80.93173217773438,332.0014953613281,60.0,37.0,-0.23711340206185566,349.5530303030303,0.09235321969696972,271.79986572265625,-0.15062541961669923,1.0,-1.5,0.55,1779451210411302032
88.0,-0.060119882225990295,0.39935407042503357,0.29758787155151367,77.54485321044922,324.2005615234375,47.0,41.0,-0.06818181818181818,326.07103481624756,0.01897198380077363,280.5765380859375,-0.12319831848144532,0.9693106651306153,-1.4632374909070855,0.55,1779451210477584377
79.0,-0.001560598029755056,0.3733752369880676,0.24764445424079895,84.40379333496094,267.80029296875,39.0,40.0,0.012658227848101266,312.3945548833189,-0.023767015989628427,244.78932189941406,-0.23503336906433106,1.0,-1.3715614933381597,0.55,1779451210978831001
76.0,0.022629110142588615,0.38884973526000977,0.2655859589576721,86.94120788574219,267.6751708984375,34.0,42.0,0.10526315789473684,300.535406098665,-0.06082685594167181,256.2752685546875,-0.19913978576660157,1.0,-1.3800763311974424,0.55,1779451211081237191
80.0,0.02755647338926792,0.39153915643692017,0.2681235671043396,84.42144012451172,272.0018310546875,38.0,42.0,0.05,298.3521303258145,-0.0676495927318296,256.0050964355469,-0.19998407363891602,1.0,-1.3977297096109953,0.55,1779451211112922071
72.0,0.02972186543047428,0.4292849600315094,0.319551944732666,90.9087142944336,255.6188507080078,33.0,39.0,0.08333333333333333,287.94178403755865,-0.10018192488262923,318.12274169921875,-0.005866432189941406,1.0,-1.3848345091145813,0.55,1779451211478651039
88.0,0.022086916491389275,0.4050186574459076,0.28619611263275146,83.56768035888672,272.9981689453125,45.0,43.0,-0.022727272727272728,288.4638320209974,-0.09855052493438307,223.57101440429688,-0.30134057998657227,1.0,-1.3620136187880287,0.55,1779451211604538506
97.0,0.02459621988236904,0.36282113194465637,0.23966136574745178,80.82383728027344,295.381103515625,45.0,52.0,0.07216494845360824,314.9890318400592,-0.01565927549981492,307.43524169921875,-0.039264869689941403,1.0,-1.3656356872647986,0.55,1779451211614987409
103.0,0.014185120351612568,0.36330416798591614,0.24637801945209503,74.30156707763672,322.82037353515625,42.0,61.0,0.18446601941747573,302.7010943912449,-0.054059080027359666,125.9395523071289,-0.6064388990402222,0.928769588470459,-1.367024071988432,0.55,1779451211777314281
91.0,-0.0020848133135586977,0.37077346444129944,0.2544867694377899,74.24324035644531,215.37176513671875,47.0,44.0,-0.03296703296703297,300.50999216300943,-0.06090627449059553,195.7715301513672,-0.3882139682769775,0.9280405044555664,-1.4321513633307184,0.55,1779451211810526504
93.0,0.013032978400588036,0.38065022230148315,0.27120137214660645,76.8846206665039,241.59884643554688,47.0,46.0,-0.010752688172043012,279.6460331441248,-0.1261061464246101,220.68846130371094,-0.3103485584259033,0.9610577583312988,-1.4403563018940222,0.55,1779451211943642265
105.0,-0.038101356476545334,0.3558562695980072,0.24906980991363525,75.71734619140625,302.729248046875,59.0,46.0,-0.12380952380952381,335.231935483871,0.047599798387096826,252.18963623046875,-0.21190738677978516,0.9464668273925781,1.5,0.41250000000000003,1779451212043867806
108.0,-0.002721376484259963,0.36348095536231995,0.25433170795440674,76.00252532958984,203.5313262939453,58.0,50.0,-0.07407407407407407,320.7333333333333,0.0022916666666665366,160.5745391845703,-0.49820456504821775,0.9500315666198731,1.48477583051937,0.55,1779451212243313061
118.0,-0.04784819856286049,0.34916776418685913,0.24212925136089325,72.18058776855469,302.729248046875,70.0,48.0,-0.1864406779661017,320.9246954595792,0.0028896733111849924,168.9188690185547,-0.4721285343170166,0.9022573471069336,1.4776039482683776,0.55,1779451212310661081
116.0,-0.04273703321814537,0.34482207894325256,0.22881008684635162,74.06861877441406,381.8861083984375,64.0,52.0,-0.10344827586206896,311.79738317757005,-0.02563317757009358,191.4846649169922,-0.4016104221343994,0.9258577346801757,1.4495727306606412,0.5,1779451212444658511
104.0,-0.02748282067477703,0.3626117408275604,0.2471613883972168,76.20262145996094,267.3667907714844,53.0,51.0,-0.019230769230769232,323.15608695652173,0.009862771739130416,213.2900848388672,-0.33346848487854003,0.9525327682495117,1.5,0.41250000000000003,1779451212611047091
112.0,9.547599620418623e-05,0.35638684034347534,0.22940172255039215,71.01821899414062,229.20079040527344,58.0,54.0,-0.03571428571428571,309.0312021464564,-0.03427749329232377,111.96430969238281,-0.6501115322113037,0.8877277374267578,-1.4594223400753887,0.55,1779451212710425894
122.0,0.00950936134904623,0.3509567975997925,0.23998023569583893,64.43661499023438,246.1300506591797,62.0,60.0,-0.01639344262295082,323.7787698412698,0.01180865575396819,152.5625,-0.5232421875,0.8054576873779297,-1.4639812503410339,0.55,1779451212743639458
119.0,0.0014853068860247731,0.3300851881504059,0.211976557970047,64.56088256835938,220.2748260498047,63.0,56.0,-0.058823529411764705,272.29247104247105,-0.14908602799227796,459.20831298828125,0.4350259780883789,0.8070110321044922,-1.44267578677403,0.55,1779451212777110544
117.0,-0.005676038563251495,0.3408157527446747,0.2220773994922638,63.55418014526367,205.42881774902344,58.0,59.0,0.008547008547008548,291.094055944056,-0.09033107517482505,69.66468811035156,-0.7822978496551514,0.7944272518157959,-1.400426266727097,0.75,1779451212810735498
112.0,-0.021415190771222115,0.35071438550949097,0.23023390769958496,69.95503997802734,213.37759399414062,58.0,54.0,-0.03571428571428571,278.3166666666667,-0.1302604166666665,133.0,-0.584375,0.8744379997253418,1.5,0.5,1779451212843475465
107.0,-0.03524152189493179,0.3559750020503998,0.2313755750656128,70.576904296875,240.60133361816406,57.0,50.0,-0.06542056074766354,291.09523398347557,-0.09032739380163886,275.41693115234375,-0.13932209014892577,0.8822113037109375,-1.4596195349559804,0.55,1779451212877189957
103.0,-0.0257986132055521,0.3480865955352783,0.2254170924425125,69.00171661376953,270.6011962890625,47.0,56.0,0.08737864077669903,322.9024621212121,0.00907019412878789,196.12356567382812,-0.3871138572692871,0.8625214576721192,-1.4661870286907577,0.55,1779451212944368316
110.0,-0.009549555368721485,0.3607417047023773,0.2374848574399948,70.1386947631836,224.0200958251953,56.0,54.0,-0.01818181818181818,284.32241379310346,-0.11149245689655167,94.18208312988281,-0.7056809902191162,0.8767336845397949,-1.4708398858143135,0.55,1779451212977038094
112.0,-0.05856732651591301,0.3217286765575409,0.21240735054016113,66.32999420166016,266.40008544921875,57.0,55.0,-0.017857142857142856,344.53695371565556,0.07667798036142362,141.94363403320312,-0.5564261436462402,0.829124927520752,-1.4995917410315496,0.41250000000000003,1779451213043728253
113.0,-0.016865788027644157,0.34673765301704407,0.23045480251312256,66.33967590332031,232.3101348876953,56.0,57.0,0.008849557522123894,297.41124733475476,-0.07058985207889137,125.71141052246094,-0.6071518421173095,0.8292459487915039,-1.3429661967090758,0.5,1779451213143743812
116.0,-5.351655636331998e-05,0.3660295903682709,0.24657662212848663,64.11255645751953,205.42881774902344,51.0,65.0,0.1206896551724138,297.8251424501425,-0.06929642984330471,228.88333129882812,-0.2847395896911621,0.8014069557189941,-1.3293111874038648,0.5,1779451213210674170
128.0,0.021808963268995285,0.3800775706768036,0.2611622214317322,61.91199493408203,205.24375915527344,59.0,69.0,0.078125,283.5400717459541,-0.11393727579389346,119.43309783935547,-0.6267715692520142,0.7738999366760254,-1.3492453429222593,0.5,1779451213243803924
121.0,0.009696322493255138,0.39720746874809265,0.2824823260307312,64.60765838623047,228.26519775390625,52.0,69.0,0.14049586776859505,290.47228260869565,-0.09227411684782609,211.50387573242188,-0.3390503883361816,0.8075957298278809,-1.3626868742170513,0.5,1779451213277292323
110.0,-0.0004844744107685983,0.3403261601924896,0.22277256846427917,64.85215759277344,203.11819458007812,51.0,59.0,0.07272727272727272,297.3484178224135,-0.07078619430495774,163.92465209960938,-0.4877354621887207,0.8106519699096679,-1.3580795564169272,0.5,1779451213310689276
111.0,0.029583008959889412,0.39795994758605957,0.26432159543037415,63.53886795043945,182.6033935546875,51.0,60.0,0.08108108108108109,256.1170212765958,-0.19963430851063818,228.78665161132812,-0.28504171371459963,0.7942358493804932,-1.359440421701677,0.5,1779451213344136186
102.0,0.03844532370567322,0.42703816294670105,0.30834826827049255,73.5602035522461,233.30880737304688,47.0,55.0,0.0784313725490196,305.32142857142856,-0.045870535714285766,295.8690185546875,-0.07540931701660156,0.9195025444030762,-0.8975779257066364,0.5,1779451213376889153
97.0,0.026753755286335945,0.414596825838089,0.29956167936325073,64.99154663085938,217.27862548828125,40.0,57.0,0.17525773195876287,297.825,-0.06929687500000004,135.68356323242188,-0.5759888648986816,0.8123943328857421,-1.2242031245596012,0.75,1779451213411395901
105.0,-0.012374382466077805,0.4366737902164459,0.3181445300579071,61.244693756103516,202.64747619628906,44.0,61.0,0.1619047619047619,284.1577991900573,-0.11200687753107097,115.09373474121094,-0.6403320789337158,0.7655586719512939,-1.1148796642988876,0.75,1779451213477343920
94.0,0.006060568615794182,0.43892815709114075,0.31059202551841736,66.14032745361328,207.3861083984375,41.0,53.0,0.1276595744680851,307.03738753936125,-0.0405081639394961,105.49444580078125,-0.6703298568725586,0.826754093170166,-0.9121635724442027,0.5,1779451213510579546
94.0,0.03941802307963371,0.46513333916664124,0.34167054295539856,69.06131744384766,208.7510528564453,39.0,55.0,0.1702127659574468,302.05777777777774,-0.05606944444444455,343.9308166503906,0.0747838020324707,0.8632664680480957,-1.203946122758872,0.5,1779451213544173152
98.0,-0.06479208171367645,0.408189594745636,0.29769042134284973,62.03864288330078,218.1788330078125,46.0,52.0,0.061224489795918366,317.7228598014888,-0.007116063120347427,162.8844757080078,-0.4909860134124756,0.7754830360412598,1.208639027005555,0.5,1779451213676213504
87.0,-0.09767179191112518,0.4387334883213043,0.32681146264076233,64.87207794189453,220.41098022460938,40.0,47.0,0.08045977011494253,333.0218195782712,0.040693186182097565,219.52066040039062,-0.3139979362487793,0.8109009742736817,0.44503217974799425,0.5,1779451213777912735
78.0,-0.06904579699039459,0.4416465759277344,0.325256884098053,74.302490234375,220.41098022460938,36.0,42.0,0.07692307692307693,332.3664826634466,0.03864525832327068,63.500999450683594,-0.8015593767166138,0.9287811279296875,1.2119373289453983,0.5,1779451213810397347
73.0,-0.06306373327970505,0.49464380741119385,0.3756120800971985,68.59811401367188,203.24615478515625,35.0,38.0,0.0410958904109589,362.4869760220804,0.13277180006900124,329.1832275390625,0.02869758605957031,0.8574764251708984,0.3495406549223172,0.75,1779451213976818544
69.0,-0.08114979416131973,0.46914055943489075,0.37730732560157776,73.80640411376953,202.054443359375,29.0,40.0,0.15942028985507245,341.9343629343629,0.06854488416988413,349.7602233886719,0.09300069808959961,0.9225800514221192,0.5577091748290306,0.41250000000000003,1779451214309802012
76.0,-0.09430748224258423,0.4670649468898773,0.37882760167121887,65.13426971435547,189.2643585205078,31.0,45.0,0.18421052631578946,347.24142156862746,0.08512944240196081,252.5281982421875,-0.21084938049316407,0.8141783714294434,0.5751938736804155,0.41250000000000003,1779451214342967710
78.0,-0.1106436550617218,0.4220430552959442,0.33940640091896057,62.19120407104492,186.7966766357422,36.0,42.0,0.07692307692307693,360.58449883449885,0.12682655885780889,356.72808837890625,0.11477527618408204,0.7773900508880616,0.6858663109320913,0.5,1779451214609636979
76.0,0.037426140159368515,0.4433639943599701,0.36430883407592773,71.9534912109375,249.99600219726562,32.0,44.0,0.15789473684210525,290.78769841269843,-0.09128844246031739,301.1123046875,-0.0590240478515625,0.8994186401367188,0.9668085019639662,0.55,1779451218342595907
80.0,0.03322572261095047,0.4209712743759155,0.34055185317993164,72.26402282714844,234.17088317871094,38.0,42.0,0.05,309.78196930946297,-0.03193134590792823,307.939697265625,-0.03768844604492187,0.9033002853393555,0.9969816029186238,0.55,1779451218408878349
74.0,-0.0015205724630504847,0.4114460051059723,0.3391116261482239,67.8927993774414,252.24789428710938,38.0,36.0,-0.02702702702702703,266.3094812164579,-0.167782871198569,308.34521484375,-0.03642120361328125,0.8486599922180176,1.0169342782223028,0.41250000000000003,1779451218542238091
59.0,-0.12343328446149826,0.3902352750301361,0.32713583111763,88.66414642333984,265.6351013183594,41.0,18.0,-0.3898305084745763,351.76474358974355,0.09926482371794858,330.71258544921875,0.033476829528808594,1.0,1.1523439172451126,0.41250000000000003,1779451222741618113
48.0,-0.15437807142734528,0.3595556616783142,0.2963668406009674,102.53929901123047,342.2294616699219,36.0,12.0,-0.5,62.17261904761905,-0.8057105654761905,329.2916259765625,0.029036331176757812,1.0,1.2239123806383412,0.55,1779451223141498179
42.0,-0.1491900384426117,0.3645045757293701,0.3096415102481842,98.2673110961914,286.33197021484375,32.0,10.0,-0.5238095238095238,6.963414634146339,-0.9782393292682927,297.76513671875,-0.06948394775390625,1.0,1.2414800134577542,0.41250000000000003,1779451223174840063
51.0,-0.13954201340675354,0.37401261925697327,0.2997942864894867,97.92710876464844,323.1485595703125,36.0,15.0,-0.4117647058823529,342.35417845689494,0.0698568076777967,297.6315612792969,-0.06990137100219726,1.0,1.33526326598566,0.41250000000000003,1779451223607876684
50.0,-0.14937549829483032,0.3761358857154846,0.29923930764198303,89.48342895507812,305.0458984375,37.0,13.0,-0.48,336.95617977528093,0.05298806179775291,260.6091003417969,-0.18559656143188477,1.0,1.3588417303902904,0.41250000000000003,1779451223775373499
56.0,-0.07954565435647964,0.3894336521625519,0.2851307988166809,87.15518951416016,336.5070495605469,37.0,19.0,-0.32142857142857145,322.66897750137184,0.008340554691787006,232.69406127929688,-0.27283105850219724,1.0,1.3868959878075429,0.41250000000000003,1779451223875642966
51.0,-0.1267976313829422,0.4005899131298065,0.2975867688655853,84.62600708007812,290.24127197265625,38.0,13.0,-0.49019607843137253,353.88071684094666,0.10587724012795832,273.9893798828125,-0.14378318786621094,1.0,1.283318599262839,0.5,1779451223943350407
52.0,-0.053335465490818024,0.4230903089046478,0.3110373616218567,86.70044708251953,294.9203186035156,31.0,21.0,-0.19230769230769232,308.13880742913,-0.03706622678396876,288.0952453613281,-0.09970235824584961,1.0,1.412734649676325,0.5,1779451224143858607
57.0,-0.03287018835544586,0.4404069483280182,0.3225751519203186,84.46251678466797,356.03369140625,33.0,24.0,-0.15789473684210525,307.63924794359576,-0.038627350176263245,249.7021026611328,-0.21968092918395996,1.0,1.4292575934568283,0.5,1779451224178395879
51.0,-0.0146834347397089,0.4201186001300812,0.2951260805130005,94.15865325927734,325.779052734375,30.0,21.0,-0.17647058823529413,350.26635514018693,0.09458235981308416,256.47509765625,-0.19851531982421874,1.0,1.3505344113623061,0.5,1779451224275564270
48.0,-0.02446030266582966,0.4558275640010834,0.3267093896865845,97.5887680053711,300.2165832519531,27.0,21.0,-0.125,339.3918918918919,0.0605996621621621,237.9857177734375,-0.25629463195800783,1.0,1.4305959537738584,0.41250000000000003,1779451224408016038
51.0,0.00023541468544863164,0.46568116545677185,0.33646315336227417,90.24018859863281,266.9925231933594,27.0,24.0,-0.058823529411764705,332.2574626865672,0.03830457089552244,234.42703247070312,-0.26741552352905273,1.0,1.416809980451821,0.75,1779451224475009560
53.0,0.003921273164451122,0.420942097902298,0.2827983796596527,92.96800994873047,267.6751708984375,28.0,25.0,-0.05660377358490566,342.1387959866221,0.06918373745819402,244.81533813476562,-0.23495206832885743,1.0,1.424939018654346,0.75,1779451224541745011
55.0,0.04523544758558273,0.4320243000984192,0.3004584014415741,88.90093231201172,333.7933349609375,25.0,30.0,0.09090909090909091,360.7411067193676,0.12731595849802382,229.25299072265625,-0.2835844039916992,1.0,1.4267579593818867,0.5,1779451224607756878
58.0,0.017854906618595123,0.4031659662723541,0.2701818645000458,87.90887451171875,251.73001098632812,28.0,30.0,0.034482758620689655,307.275,-0.03976562500000007,212.078125,-0.337255859375,1.0,1.4608468007833761,0.5,1779451224641810289
58.0,0.022811388596892357,0.4732268750667572,0.3410225212574005,88.75968933105469,270.4163513183594,28.0,30.0,0.034482758620689655,309.91735537190084,-0.031508264462809875,226.05264282226562,-0.29358549118041993,1.0,1.448789417993369,0.5,1779451224676226393
54.0,0.032141245901584625,0.4079185724258423,0.2700148820877075,79.13897705078125,257.6140441894531,26.0,28.0,0.037037037037037035,315.9897360703812,-0.0125320747800588,213.4490203857422,-0.33297181129455566,0.9892372131347656,-1.3551029731707127,0.55,1779451224773425811
55.0,0.07213911414146423,0.4416341185569763,0.3148927092552185,81.52936553955078,253.1600341796875,26.0,29.0,0.05454545454545454,333.0206896551724,0.04068965517241381,307.47235107421875,-0.039148902893066405,1.0,-1.4235305423690414,0.55,1779451224807640218
57.0,0.06121267378330231,0.38369220495224,0.2431405782699585,79.67035675048828,265.1885986328125,27.0,30.0,0.05263157894736842,289.62318840579707,-0.09492753623188417,290.2164001464844,-0.09307374954223632,0.9958794593811036,-1.4022538506142932,0.55,1779451224841159313
43.0,0.05928877368569374,0.44842323660850525,0.3101904094219208,97.45272827148438,316.19140625,20.0,23.0,0.06976744186046512,303.7261219003731,-0.050855869061334144,193.6107177734375,-0.39496650695800783,1.0,-1.3955143598282014,0.55,1779451224875197914
53.0,0.06440844386816025,0.40497887134552,0.2515970766544342,75.17884826660156,230.55584716796875,29.0,24.0,-0.09433962264150944,285.57373370730903,-0.10758208216465928,204.80821228027344,-0.3599743366241455,0.9397356033325195,-1.3976750855189497,0.55,1779451224942222516
53.0,0.028545748442411423,0.3886425793170929,0.24275733530521393,82.16988372802734,290.17236328125,24.0,29.0,0.09433962264150944,307.14523809523814,-0.040171130952380806,309.0943298339844,-0.034080219268798825,1.0,-1.3959067358566615,0.75,1779451225006903729
55.0,0.03971287980675697,0.4034467041492462,0.25716903805732727,82.2066879272461,228.9738006591797,27.0,28.0,0.01818181818181818,329.7194632621157,0.030373322694111592,178.83103942871094,-0.44115300178527833,1.0,-1.4613777396943632,0.55,1779451225074799531
62.0,0.06576176732778549,0.3769606649875641,0.22458244860172272,71.33912658691406,249.12847900390625,31.0,31.0,0.0,308.8958333333333,-0.034700520833333394,349.6851806640625,0.09276618957519531,0.8917390823364257,-1.41646277822661,0.55,1779451225108475598
60.0,0.06883486360311508,0.3911949694156647,0.24139532446861267,72.98214721679688,277.14617919921875,29.0,31.0,0.03333333333333333,330.5578970365563,0.032993428239238475,270.260986328125,-0.15543441772460936,0.9122768402099609,-1.4041524483125671,1.0,1779451225141344007
57.0,0.05417751148343086,0.41638705134391785,0.25916340947151184,77.47390747070312,199.42416381835938,27.0,30.0,0.05263157894736842,286.2855477855478,-0.10535766317016311,319.850830078125,-0.000466156005859375,0.9684238433837891,1.4214988033963145,0.5,1779451225207629188
56.0,-0.006771404761821032,0.3955041468143463,0.23567843437194824,79.40553283691406,214.1144561767578,28.0,28.0,0.0,288.3269230769231,-0.09897836538461532,164.5279998779297,-0.48585000038146975,0.9925691604614257,-1.4280089377395422,0.55,1779451225240755685
52.0,0.026029208675026894,0.37847355008125305,0.2255077362060547,81.39275360107422,200.42205810546875,26.0,26.0,0.0,308.7867096194186,-0.035041532439316826,186.5511474609375,-0.4170276641845703,1.0,-1.4345050325462672,0.55,1779451225342310581
60.0,0.015945516526699066,0.36026203632354736,0.20028041303157806,66.07402038574219,199.42416381835938,34.0,26.0,-0.13333333333333333,288.48275862068965,-0.09849137931034484,279.66668701171875,-0.12604160308837892,0.8259252548217774,-1.4495647089651744,0.55,1779451225374944968
56.0,3.1624520488549024e-05,0.3697393834590912,0.20984382927417755,80.35932159423828,211.28652954101562,35.0,21.0,-0.25,289.16818181818184,-0.09634943181818176,230.12338256835938,-0.28086442947387696,1.0,-1.4329845258613787,0.55,1779451225409889191
54.0,0.051239609718322754,0.3873341679573059,0.2322291135787964,83.70191955566406,255.12545776367188,30.0,24.0,-0.1111111111111111,330.1363636363636,0.03167613636363633,343.37213134765625,0.07303791046142578,1.0,-1.478680883484372,0.55,1779451225475696919
54.0,0.023349929600954056,0.35342466831207275,0.19364579021930695,73.20069885253906,214.45745849609375,30.0,24.0,-0.1111111111111111,291.9313522929833,-0.08771452408442712,236.0,-0.2625,0.9150087356567382,-1.437536192259886,0.41250000000000003,1779451225507728305
57.0,0.031242920085787773,0.32511472702026367,0.17468559741973877,67.74385070800781,291.1717834472656,32.0,25.0,-0.12280701754385964,340.3393089960887,0.06356034061277711,210.06224060058594,-0.34355549812316893,0.8467981338500976,-1.4248814614317238,0.5,1779451225640963175
57.0,0.024053506553173065,0.37754812836647034,0.22147555649280548,70.52015686035156,251.1613006591797,29.0,28.0,-0.017543859649122806,318.1223321359492,-0.0058677120751587705,144.27322387695312,-0.5491461753845215,0.8815019607543946,-1.4737826606990068,0.41250000000000003,1779451225774927275
46.0,-0.13198377192020416,0.5448702573776245,0.5072722434997559,100.3738784790039,332.9158935546875,28.0,18.0,-0.21739130434782608,220.37282545041163,-0.3113349204674637,432.735595703125,0.3522987365722656,1.0,0.4070860099957656,0.55,1779451231173342273
47.0,-0.11131396144628525,0.5127413868904114,0.46812403202056885,99.07230377197266,249.17665100097656,26.0,21.0,-0.10638297872340426,218.11866997987568,-0.3183791563128885,505.6170654296875,0.5800533294677734,1.0,0.3983545259349292,0.41250000000000003,1779451231206291626
48.0,-0.17684142291545868,0.5211336016654968,0.4880889654159546,101.67745208740234,322.931884765625,31.0,17.0,-0.2916666666666667,210.95562932819303,-0.3407636583493968,494.421875,0.545068359375,1.0,0.3984132459062978,0.55,1779451231240207565
48.0,-0.15639998018741608,0.5175365805625916,0.4726942777633667,106.02498626708984,371.76470947265625,28.0,20.0,-0.16666666666666666,217.06767176997758,-0.32166352571882006,429.9413757324219,0.3435667991638184,1.0,0.3784791702262976,0.55,1779451231272642162
44.0,-0.1955813765525818,0.5635092854499817,0.5168801546096802,109.3590087890625,377.6400451660156,24.0,20.0,-0.09090909090909091,219.70028735632184,-0.31343660201149426,506.8692321777344,0.5839663505554199,1.0,0.4213102760149295,0.55,1779451231305849315
43.0,-0.1445738822221756,0.515144407749176,0.4788719415664673,112.82830810546875,417.5990905761719,27.0,16.0,-0.2558139534883721,217.28967724726593,-0.320969758602294,476.62469482421875,0.4894521713256836,1.0,0.4263630576344379,0.41250000000000003,1779451231342701045
42.0,-0.14416609704494476,0.558601975440979,0.5074991583824158,116.5734634399414,417.5990905761719,26.0,16.0,-0.23809523809523808,214.80090497737558,-0.3287471719457013,519.6990356445312,0.6240594863891602,1.0,0.43168089317707814,0.55,1779451231373946998
46.0,-0.09660663455724716,0.565639317035675,0.5053905248641968,108.1210708618164,368.72210693359375,26.0,20.0,-0.13043478260869565,210.26315789473685,-0.34292763157894735,435.98193359375,0.36244354248046873,1.0,0.4487189531245259,0.55,1779451231409637606
50.0,-0.11502398550510406,0.5489966869354248,0.4913999140262604,105.40927124023438,331.5071716308594,31.0,19.0,-0.24,208.00660173160173,-0.3499793695887446,504.57379150390625,0.576793098449707,1.0,0.4319015661149217,0.55,1779451231439883821
37.0,-0.27038320899009705,0.5643053650856018,0.5501841306686401,122.51837158203125,315.5709228515625,18.0,19.0,0.02702702702702703,203.96323529411765,-0.36261488970588235,515.62109375,0.61131591796875,1.0,0.4557427552952602,0.55,1779451231472248363
43.0,-0.16335774958133698,0.5700270533561707,0.5055546164512634,110.43035888671875,339.6115417480469,26.0,17.0,-0.20930232558139536,181.19460784313725,-0.4337668504901961,472.12811279296875,0.47540035247802737,1.0,0.41213408465769985,0.55,1779451231573222152
38.0,-0.1403580605983734,0.6156087517738342,0.5499149560928345,124.49124908447266,409.93902587890625,21.0,17.0,-0.10526315789473684,196.93713428857433,-0.38457145534820525,498.6041564941406,0.5581379890441894,1.0,0.39327504980007416,0.55,1779451231606348451
43.0,-0.10706134140491486,0.6106300354003906,0.5328805446624756,106.77104187011719,313.40869140625,25.0,18.0,-0.16279069767441862,190.1949152542373,-0.4056408898305085,461.93829345703125,0.4435571670532227,1.0,0.33508741664608976,0.55,1779451231672375410
39.0,-0.13341815769672394,0.5917169451713562,0.5098930597305298,129.4498748779297,389.30194091796875,21.0,18.0,-0.07692307692307693,205.0703461321042,-0.3591551683371744,462.1642150878906,0.4442631721496582,1.0,0.27455252337242697,0.55,1779451231705947994
44.0,-0.17148393392562866,0.5746811032295227,0.510515570640564,116.87297058105469,353.9745788574219,26.0,18.0,-0.18181818181818182,246.92167082442384,-0.2283697786736755,476.50177001953125,0.48906803131103516,1.0,0.23061040998885302,0.55,1779451231776214264
40.0,-0.14313554763793945,0.5466369390487671,0.4770238995552063,121.6836166381836,375.6181640625,23.0,17.0,-0.15,305.3125,-0.0458984375,485.12255859375,0.5160079956054687,1.0,0.242343936174389,0.41250000000000003,1779451231806440702
38.0,-0.1355861872434616,0.5926421284675598,0.5290096998214722,120.17544555664062,377.3592529296875,22.0,16.0,-0.15789473684210525,249.03185935213386,-0.22177543952458167,485.92803955078125,0.5185251235961914,1.0,0.14623587344423433,0.41250000000000003,1779451231873896467
41.0,-0.16527806222438812,0.6141928434371948,0.5492830872535706,112.13399505615234,365.8428649902344,24.0,17.0,-0.17073170731707318,324.51067962179746,0.014095873818117078,489.4908142089844,0.5296587944030762,1.0,1.0713394965068532,0.5,1779451231906798061
37.0,-0.16272415220737457,0.5949230790138245,0.5382599234580994,110.72025299072266,393.3141174316406,19.0,18.0,-0.02702702702702703,342.97727272727275,0.07180397727272733,497.1337890625,0.5535430908203125,1.0,1.0539472075882295,0.5,1779451231940289879
41.0,-0.22460602223873138,0.5921506881713867,0.5390002131462097,106.76731872558594,357.00140380859375,23.0,18.0,-0.12195121951219512,267.17763017348966,-0.1650699057078448,493.53826904296875,0.5423070907592773,1.0,1.0469159296387058,0.5,1779451231974128735
45.0,-0.18096818029880524,0.5725255012512207,0.5256481766700745,104.33370208740234,357.80023193359375,28.0,17.0,-0.24444444444444444,336.2702210114343,0.050844440660732106,493.3565673828125,0.5417392730712891,1.0,1.0343597145510928,0.5,1779451232006591636
40.0,-0.2588895857334137,0.5706607103347778,0.5362846851348877,106.873779296875,357.00140380859375,26.0,14.0,-0.3,268.4138933564271,-0.16120658326116538,493.2247314453125,0.5413272857666016,1.0,1.0401349183353377,0.5,1779451232040360028
50.0,-0.19032444059848785,0.5617968440055847,0.5099583864212036,99.6378402709961,357.00140380859375,30.0,20.0,-0.2,246.57893081761006,-0.22944084119496858,494.3813781738281,0.5449418067932129,1.0,1.068651336877705,0.5,1779451232073666333
47.0,-0.11810518801212311,0.6200698614120483,0.5298622846603394,100.93122863769531,355.60089111328125,26.0,21.0,-0.10638297872340426,393.6695160925723,0.23021723778928838,495.29327392578125,0.5477914810180664,1.0,1.0617940142019429,0.5,1779451232106174330
45.0,-0.20979489386081696,0.5628386735916138,0.5138126611709595,105.35333251953125,278.402587890625,28.0,17.0,-0.24444444444444444,240.76174676146104,-0.24761954137043424,477.3973388671875,0.4918666839599609,1.0,1.0406097145510929,0.5,1779451232139543189
52.0,-0.14907439053058624,0.5473338961601257,0.49565303325653076,90.85751342773438,357.00140380859375,32.0,20.0,-0.23076923076923078,257.76469703480876,-0.19448532176622263,470.1734619140625,0.46929206848144533,1.0,1.0500042472841735,0.5,1779451232174302813
49.0,-0.21212100982666016,0.5569909811019897,0.5125172138214111,91.68505859375,277.0018005371094,28.0,21.0,-0.14285714285714285,259.62335319051436,-0.18867702127964261,482.21881103515625,0.5069337844848633,1.0,1.043079949420925,0.5,1779451232205968256
48.0,-0.24199581146240234,0.5472683310508728,0.516606867313385,92.5896224975586,357.00140380859375,29.0,19.0,-0.20833333333333334,247.6385605278794,-0.22612949835037685,476.0104064941406,0.4875325202941895,1.0,1.0598825041612003,0.5,1779451232239290033
49.0,-0.13668595254421234,0.549738883972168,0.48002126812934875,95.8580322265625,355.60089111328125,30.0,19.0,-0.22448979591836735,327.182899031352,0.022446559472975025,440.3154296875,0.3759857177734375,1.0,1.0709226941831025,0.5,1779451232276582222
49.0,-0.22423216700553894,0.5631316900253296,0.526233971118927,103.78012084960938,285.60113525390625,31.0,18.0,-0.2653061224489796,255.89102564102564,-0.2003405448717949,482.01953125,0.50631103515625,1.0,1.0418288287150834,0.5,1779451232306860587
48.0,-0.11532175540924072,0.5699290633201599,0.4945812225341797,98.41061401367188,288.4024963378906,21.0,27.0,0.125,321.14805711610484,0.003587678487827617,469.1168212890625,0.4659900665283203,1.0,1.0895855259895217,0.5,1779451232339456182
53.0,-0.2612418830394745,0.593887448310852,0.5450206995010376,92.14199829101562,274.3902282714844,28.0,25.0,-0.05660377358490566,253.51,-0.20778125000000003,443.41571044921875,0.38567409515380857,1.0,1.0693870106348136,0.5,1779451232372728862
54.0,-0.15938499569892883,0.6006899476051331,0.5188826322555542,102.34648895263672,342.2528381347656,27.0,27.0,0.0,251.75,-0.21328125,472.16510009765625,0.47551593780517576,1.0,1.0458629858922668,0.5,1779451232406483547
43.0,-0.1398690640926361,0.6172689199447632,0.5460801124572754,105.99996948242188,381.9136047363281,24.0,19.0,-0.11627906976744186,378.12491616364855,0.1816403630114017,469.3052978515625,0.4665790557861328,1.0,1.058432244788416,0.5,1779451232439668383
48.0,-0.18656830489635468,0.5714752674102783,0.5078814625740051,102.55331420898438,358.0628356933594,28.0,20.0,-0.16666666666666666,244.5,-0.2359375,471.22967529296875,0.47259273529052737,1.0,1.0758041434796115,0.5,1779451232473512424
50.0,-0.08897526562213898,0.5515120625495911,0.4691981077194214,99.32707214355469,383.30145263671875,23.0,27.0,0.08,370.9681671449067,0.15927552232783349,453.84710693359375,0.4182722091674805,1.0,1.1047199532146512,0.5,1779451232506558322
49.0,-0.1332792192697525,0.6351419687271118,0.5449027419090271,102.71209716796875,382.47222900390625,24.0,25.0,0.02040816326530612,362.2836956521739,0.1321365489130434,448.02496337890625,0.40007801055908204,1.0,1.0616838166764375,0.5,1779451232540796264
52.0,-0.08794434368610382,0.5843134522438049,0.4778361916542053,98.28839874267578,384.6894836425781,27.0,25.0,-0.038461538461538464,361.88824854266034,0.13090077669581354,391.02734375,0.22196044921875,1.0,1.0929916434796114,0.5,1779451232573001353
46.0,-0.07802926748991013,0.5755777359008789,0.49242857098579407,95.7331314086914,349.8585510253906,27.0,19.0,-0.17391304347826086,355.3449183051786,0.1104528697036832,390.9204406738281,0.2216263771057129,1.0,1.1260487154199181,0.5,1779451232640033065
40.0,-0.15323317050933838,0.6182513236999512,0.5435577034950256,118.12650299072266,347.66650390625,22.0,18.0,-0.1,351.6896144767899,0.09903004523996853,451.46124267578125,0.4108163833618164,1.0,1.1099996772681542,0.5,1779451232673518995
43.0,-0.08353393524885178,0.5648228526115417,0.4756452441215515,111.78103637695312,349.0701904296875,22.0,21.0,-0.023255813953488372,285.55988879384086,-0.10762534751924732,387.82965087890625,0.21196765899658204,1.0,1.0888449231595174,0.5,1779451232706440719
47.0,-0.06167399510741234,0.6387478113174438,0.5444556474685669,107.83214569091797,349.0701904296875,23.0,24.0,0.02127659574468085,345.75734744707347,0.0804917107721046,427.4893493652344,0.3359042167663574,1.0,1.119977356702405,0.5,1779451232739641221
43.0,-0.10546273738145828,0.5882017612457275,0.5094126462936401,112.34965515136719,349.0701904296875,22.0,21.0,-0.023255813953488372,343.8907950943916,0.07465873466997372,442.6415710449219,0.3832549095153809,1.0,1.0997999261966132,0.5,1779451232772909818
46.0,-0.0432860292494297,0.608698308467865,0.5202587246894836,109.71365356445312,302.0596008300781,22.0,24.0,0.043478260869565216,348.9583252404188,0.09049476637630871,436.17254638671875,0.3630392074584961,1.0,0.18464475487705626,0.5,1779451232805954965
52.0,-0.034205611795186996,0.6185581088066101,0.5130531787872314,104.34673309326172,292.0616455078125,26.0,26.0,0.0,333.6136481577581,0.042542650492994126,438.77783203125,0.37118072509765626,1.0,0.22615974111155912,0.75,1779451232839495975
45.0,-0.13826029002666473,0.6003571152687073,0.5076090693473816,107.21714782714844,316.26885986328125,23.0,22.0,-0.022222222222222223,270.12570160006703,-0.15585718249979053,431.7579345703125,0.3492435455322266,1.0,0.17307163973783446,0.75,1779451232872937457
44.0,-0.10036008805036545,0.6392170190811157,0.5381326079368591,129.310302734375,317.3704528808594,20.0,24.0,0.09090909090909091,203.73643593519884,-0.36332363770250364,431.47796630859375,0.34836864471435547,1.0,0.2072495052412001,1.0,1779451232905885899
45.0,-0.08280764520168304,0.5867413282394409,0.480987548828125,117.5625991821289,326.7919921875,21.0,24.0,0.06666666666666667,200.5,-0.3734375,375.32720947265625,0.1728975296020508,1.0,0.2576413588649715,0.75,1779451232939459842
46.0,-0.23455174267292023,0.6343169212341309,0.5548748970031738,126.02911376953125,338.99853515625,24.0,22.0,-0.043478260869565216,198.08919022154316,-0.3809712805576776,425.06512451171875,0.3283285140991211,1.0,0.20665651799215612,1.0,1779451232972843281
44.0,-0.015107210725545883,0.5976124405860901,0.5021217465400696,113.23312377929688,338.99853515625,21.0,23.0,0.045454545454545456,323.32539682539687,0.010391865079365204,420.2699279785156,0.31334352493286133,1.0,0.2471326052662172,0.5,1779451233005566262
44.0,-0.0802791640162468,0.6396951675415039,0.5453609824180603,112.92340850830078,343.9956359863281,20.0,24.0,0.09090909090909091,318.7917662048097,-0.0037757306099697628,411.68939208984375,0.2865293502807617,1.0,0.27822074912172284,0.75,1779451233038926461
47.0,-0.04219000041484833,0.6413284540176392,0.5472816824913025,113.24327087402344,372.013427734375,19.0,28.0,0.19148936170212766,335.7535150645624,0.04922973457675752,418.2433166503906,0.3070103645324707,1.0,0.2789990351078616,0.75,1779451233073242117
44.0,-0.05916185304522514,0.6081206798553467,0.494855672121048,117.58049774169922,367.016357421875,17.0,27.0,0.22727272727272727,326.19166666666666,0.019348958333333322,391.11822509765625,0.2222444534301758,1.0,0.2688645487520287,0.75,1779451233105782649
48.0,-0.03511115908622742,0.6073373556137085,0.49407386779785156,110.9541015625,357.5947570800781,19.0,29.0,0.20833333333333334,309.13693107578393,-0.033947090388175206,411.6794128417969,0.2864981651306152,1.0,0.2783914301858259,0.75,1779451233139019559
50.0,-0.09973680227994919,0.5948451161384583,0.4959539473056793,109.0606918334961,358.9874572753906,24.0,26.0,0.04,305.61982401656314,-0.044938049948240175,405.9337463378906,0.2685429573059082,1.0,0.2274943467856141,0.75,1779451233172386544
48.0,0.06814054399728775,0.6242251396179199,0.5236902236938477,119.77835845947266,358.41455078125,17.0,31.0,0.2916666666666667,326.5,0.0203125,394.47955322265625,0.2327486038208008,1.0,0.2781720016283237,0.5,1779451233206119965
50.0,-0.004076099954545498,0.605854332447052,0.4981008470058441,110.89916229248047,355.3829040527344,17.0,33.0,0.32,321.28006621496763,0.004000206921773853,401.1488037109375,0.2535900115966797,1.0,0.3111891324801681,0.75,1779451233239472795
52.0,-0.012144329026341438,0.5994842648506165,0.472769558429718,107.51130676269531,351.7783508300781,20.0,32.0,0.23076923076923078,343.8838383838384,0.07463699494949498,384.86871337890625,0.20271472930908202,1.0,0.2832935068350416,0.75,1779451233273023336
46.0,-0.0019975232426077127,0.6419802308082581,0.5323849320411682,123.941650390625,351.205078125,20.0,26.0,0.13043478260869565,314.62599340957547,-0.01679377059507665,397.0128173828125,0.24066505432128907,1.0,0.277737094918053,0.75,1779451233305822486
52.0,0.07271184027194977,0.5955135822296143,0.48816055059432983,104.28466033935547,343.17633056640625,22.0,30.0,0.15384615384615385,311.065404040404,-0.02792061237373744,385.3116149902344,0.20409879684448243,1.0,0.3115425258872959,0.5,1779451233339892206
51.0,0.03887006640434265,0.6032451391220093,0.48816463351249695,113.7923812866211,340.3909606933594,18.0,33.0,0.29411764705882354,350.16951219512197,0.09427972560975614,392.3282165527344,0.22602567672729493,1.0,0.3589747365465486,0.75,1779451233374219140
53.0,0.14717039465904236,0.5737890601158142,0.48175448179244995,114.08665466308594,338.178955078125,16.0,37.0,0.39622641509433965,315.3457027140753,-0.014544679018514728,379.56439208984375,0.18613872528076172,1.0,0.30972667483387784,0.5,1779451233406217859
48.0,0.04743998870253563,0.6261297464370728,0.5041773915290833,113.9309310913086,318.76324462890625,18.0,30.0,0.25,310.92857142857144,-0.028348214285714234,382.8497619628906,0.1964055061340332,1.0,0.3643002496970456,0.75,1779451233439051004
44.0,-0.00045830552699044347,0.6188024282455444,0.47503626346588135,118.21127319335938,327.365234375,16.0,28.0,0.2727272727272727,319.8809523809524,-0.00037202380952372494,379.77020263671875,0.1867818832397461,1.0,0.39248982477869987,1.0,1779451233472174174
54.0,0.04114268347620964,0.6090997457504272,0.4821776747703552,108.75080108642578,322.3677978515625,20.0,34.0,0.25925925925925924,302.0143369175627,-0.056205197132616645,339.35455322265625,0.06048297882080078,1.0,0.3691301430070266,0.55,1779451233505764233
60.0,0.10216076672077179,0.5798883438110352,0.46485960483551025,98.30811309814453,315.15869140625,20.0,40.0,0.3333333333333333,309.61671035535846,-0.0324477801395048,371.61444091796875,0.16129512786865235,1.0,0.35677243547252924,0.75,1779451233538846347
51.0,0.07298160344362259,0.6024547219276428,0.47990402579307556,114.67115783691406,311.5541687011719,17.0,34.0,0.3333333333333333,329.975788701394,0.03117433969185619,368.0269775390625,0.1500843048095703,1.0,0.33948478160363443,0.75,1779451233573286524
55.0,0.1377851963043213,0.562339186668396,0.44480201601982117,103.8143310546875,301.5592956542969,18.0,37.0,0.34545454545454546,296.73543834214564,-0.07270175518079487,326.7417907714844,0.021068096160888672,1.0,0.45843563560168127,0.41250000000000003,1779451233672912841
58.0,0.1316385716199875,0.5495760440826416,0.4245081841945648,106.49552154541016,296.5619812011719,18.0,40.0,0.3793103448275862,313.9104852522476,-0.019029733586726216,320.1576232910156,0.0004925727844238281,1.0,0.47740683858905797,0.41250000000000003,1779451233739044184
54.0,0.08080796152353287,0.5736881494522095,0.4486706554889679,120.20973205566406,292.95733642578125,20.0,34.0,0.25925925925925924,288.7182108214367,-0.09775559118301036,353.3451843261719,0.10420370101928711,1.0,0.4829074329629319,0.41250000000000003,1779451233773026589
49.0,0.1054977998137474,0.6179977655410767,0.5039668083190918,120.50749206542969,289.35272216796875,17.0,32.0,0.30612244897959184,283.8831787018407,-0.11286506655674788,351.00213623046875,0.09688167572021485,1.0,0.39861897943740404,0.41250000000000003,1779451233806538872
53.0,0.0983080118894577,0.6118963956832886,0.49096161127090454,117.81649780273438,285.7481384277344,17.0,36.0,0.3584905660377358,324.8978777258567,0.01530586789330215,343.9256591796875,0.07476768493652344,1.0,0.43187345746424693,1.0,1779451233839755929
50.0,0.0990336611866951,0.5654180645942688,0.4256841242313385,114.68241882324219,282.1435852050781,17.0,33.0,0.32,302.794804855763,-0.05376623482574061,345.326416015625,0.07914505004882813,1.0,0.4970967807188529,0.75,1779451233873157717
46.0,0.10978551208972931,0.5356850028038025,0.4176386594772339,118.15508270263672,288.4666442871094,17.0,29.0,0.2608695652173913,273.4818181818182,-0.14536931818181814,316.23028564453125,-0.011780357360839844,1.0,0.45499794515043995,0.5,1779451233906022870
57.0,0.07924395799636841,0.5760418176651001,0.4378053545951843,106.4712905883789,272.14886474609375,22.0,35.0,0.22807017543859648,285.0571678446491,-0.1091963504854716,311.320556640625,-0.027123260498046874,1.0,0.5030455067443711,0.55,1779451233940265305
50.0,0.16251617670059204,0.5674487352371216,0.4650099277496338,122.33641815185547,292.0616455078125,16.0,34.0,0.36,312.4700655696076,-0.023531045094976298,335.4256591796875,0.04820518493652344,1.0,0.5302641168768352,0.41250000000000003,1779451233972419949
51.0,0.19552570581436157,0.6576256155967712,0.5828232765197754,119.84656524658203,262.85546875,14.0,37.0,0.45098039215686275,299.28480514096185,-0.06473498393449421,323.98333740234375,0.012447929382324219,1.0,0.5198588954245846,0.55,1779451234072347509
51.0,0.1843390017747879,0.6059651374816895,0.5048940181732178,116.2344741821289,269.25823974609375,17.0,34.0,0.3333333333333333,294.6493509900257,-0.07922077815616965,322.509765625,0.007843017578125,1.0,0.4843481854922711,0.75,1779451234106052870
52.0,0.14006832242012024,0.5824189186096191,0.4534255266189575,115.10543823242188,267.0674133300781,17.0,35.0,0.34615384615384615,280.8180771593403,-0.12244350887706154,320.50640869140625,0.0015825271606445313,1.0,0.48631905521117674,0.41250000000000003,1779451234139365987
51.0,0.1776486039161682,0.550528347492218,0.4515780210494995,111.1354751586914,240.52650451660156,16.0,35.0,0.37254901960784315,287.9749667700487,-0.10007822884359782,340.4422607421875,0.06388206481933593,1.0,0.5338810446208597,0.5,1779451234238885547
53.0,0.17416119575500488,0.6026684045791626,0.5023200511932373,115.21468353271484,246.40211486816406,17.0,36.0,0.3584905660377358,287.2413314733008,-0.10237083914593495,316.11810302734375,-0.012130928039550782,1.0,0.5521463460785467,0.41250000000000003,1779451234272632264
53.0,0.17272773385047913,0.5740713477134705,0.46286559104919434,108.8060073852539,305.1966552734375,15.0,38.0,0.4339622641509434,291.1838285519126,-0.09005053577527314,308.38330078125,-0.03630218505859375,1.0,0.4726576382500183,0.75,1779451234339955797
56.0,0.10663419216871262,0.542499840259552,0.39930519461631775,101.320556640625,315.08251953125,18.0,38.0,0.35714285714285715,279.19257254710055,-0.12752321079031076,291.94378662109375,-0.08767566680908204,1.0,0.46798758508798033,0.41250000000000003,1779451234373198659
51.0,0.16278675198554993,0.5895628333091736,0.48184895515441895,116.92250061035156,291.7430419921875,16.0,35.0,0.37254901960784315,278.39796648061514,-0.1300063547480777,315.96514892578125,-0.012608909606933593,1.0,0.5221913096197465,0.75,1779451234472221217
47.0,0.0828491672873497,0.573692798614502,0.4371615946292877,116.00837707519531,310.8456115722656,17.0,30.0,0.2765957446808511,279.6805593358737,-0.12599825207539475,308.5466613769531,-0.03579168319702149,1.0,0.5244661179639032,0.41250000000000003,1779451234506491061
53.0,0.153701514005661,0.613149881362915,0.49982088804244995,112.88742065429688,290.3308410644531,16.0,37.0,0.39622641509433965,289.9529186843428,-0.0938971291114287,308.98919677734375,-0.03440876007080078,1.0,0.5026464508547157,0.55,1779451234539294192
47.0,0.11491689085960388,0.6354085206985474,0.5020642280578613,126.10104370117188,318.6502685546875,15.0,32.0,0.3617021276595745,271.7778719912819,-0.15069415002724398,305.3322448730469,-0.04583673477172852,1.0,0.48476575099479235,0.55,1779451234572117827
51.0,0.177592933177948,0.571312665939331,0.4631059765815735,118.69696044921875,313.6701965332031,13.0,38.0,0.49019607843137253,296.49636969168216,-0.07344884471349325,309.77557373046875,-0.03195133209228516,1.0,0.514183517641918,0.75,1779451234639290089
55.0,0.18248622119426727,0.5797892808914185,0.4711168110370636,113.2435531616211,254.33245849609375,17.0,38.0,0.38181818181818183,298.9617281924547,-0.06574459939857906,326.19805908203125,0.019368934631347656,1.0,0.4220531397457483,0.75,1779451234705540108
72.0,0.11974593251943588,0.5013185143470764,0.3518311381340027,89.45832824707031,257.1089172363281,23.0,49.0,0.3611111111111111,297.8251960085531,-0.0692962624732715,354.0328674316406,0.10635271072387695,1.0,0.4433175059656709,0.75,1779451234742610894
62.0,0.2333957403898239,0.5263863801956177,0.4451821744441986,107.64163208007812,277.584228515625,13.0,49.0,0.5806451612903226,300.33373378906373,-0.06145708190917585,359.562255859375,0.12363204956054688,1.0,0.441819792498224,0.5,1779451234839246318
53.0,0.16420987248420715,0.5834553837776184,0.4634372889995575,111.25537872314453,278.2894287109375,14.0,39.0,0.4716981132075472,301.22959858644435,-0.058657504417361395,284.82781982421875,-0.1099130630493164,1.0,0.4129782369305923,0.41250000000000003,1779451234873265239
56.0,0.1507231742143631,0.5744391679763794,0.45667940378189087,120.50929260253906,280.4014892578125,15.0,41.0,0.4642857142857143,304.0550491039927,-0.04982797155002281,300.3733215332031,-0.06133337020874023,1.0,0.4651748937737717,0.41250000000000003,1779451234906320084
56.0,0.13081760704517365,0.5718491077423096,0.4546518921852112,115.05781555175781,309.7821960449219,20.0,36.0,0.2857142857142857,282.6060006091989,-0.11685624809625353,309.4930114746094,-0.032834339141845706,1.0,0.44050589860019607,0.41250000000000003,1779451234939535303
58.0,0.16141128540039062,0.5241087675094604,0.41534870862960815,106.8308334350586,298.39739990234375,17.0,41.0,0.41379310344827586,286.32420091324195,-0.1052368721461189,312.25372314453125,-0.024207115173339844,1.0,0.4132120930889927,0.5,1779451235006251306
59.0,0.08991044759750366,0.5310078859329224,0.3876752257347107,107.1237564086914,270.4163513183594,15.0,44.0,0.4915254237288136,299.154289261058,-0.06514284605919371,326.83782958984375,0.02136821746826172,1.0,0.3744207974653402,0.41250000000000003,1779451235072804971
64.0,0.13116931915283203,0.5304266810417175,0.39148011803627014,97.22933959960938,259.4532775878906,15.0,49.0,0.53125,309.18590233545643,-0.03379405520169865,330.0712890625,0.0314727783203125,1.0,0.43404941180667245,0.41250000000000003,1779451235139590333
73.0,0.11241477727890015,0.5085489153862,0.35180366039276123,95.63141632080078,301.21917724609375,21.0,52.0,0.4246575342465753,290.83744585530303,-0.09113298170217803,425.6524658203125,0.33016395568847656,1.0,0.33725409093755465,0.41250000000000003,1779451235172203631
62.0,0.16158370673656464,0.5457454919815063,0.4206690490245819,103.11306762695312,262.274658203125,16.0,46.0,0.4838709677419355,311.4200979258231,-0.026812193981802856,297.1984558105469,-0.07125482559204102,1.0,0.3394640849331803,0.41250000000000003,1779451235238917197
60.0,0.14148633182048798,0.5251202583312988,0.389489084482193,100.521484375,285.7008972167969,14.0,46.0,0.5333333333333333,312.12520773344306,-0.02460872583299043,274.32281494140625,-0.14274120330810547,1.0,0.43406835841753405,0.75,1779451235272058097
72.0,0.09349706768989563,0.5244191884994507,0.36204561591148376,92.95700073242188,287.1114807128906,17.0,55.0,0.5277777777777778,313.50965845464725,-0.02028231732922734,265.64593505859375,-0.16985645294189453,1.0,0.3978089494881551,0.55,1779451235305521375
73.0,0.03854668140411377,0.5078869462013245,0.33018389344215393,95.83888244628906,286.3564147949219,22.0,51.0,0.3972602739726027,313.80347328206204,-0.019364145993556115,225.24752807617188,-0.2961014747619629,1.0,0.359424991068873,0.55,1779451235372538690
71.0,0.07564886659383774,0.5031856298446655,0.33410340547561646,95.9878158569336,286.3564147949219,21.0,50.0,0.4084507042253521,302.56527090358156,-0.05448352842630762,410.5809631347656,0.2830655097961426,1.0,0.3179604382914675,0.41250000000000003,1779451235405616610
77.0,0.07289893925189972,0.47485536336898804,0.3047384023666382,92.25215911865234,284.94561767578125,23.0,54.0,0.4025974025974026,302.5610766856069,-0.054496635357478417,181.73641967773438,-0.43207368850708006,1.0,0.3152941012575294,0.41250000000000003,1779451235443220867
68.0,0.10750125348567963,0.48353198170661926,0.3351118266582489,98.31105041503906,292.4380187988281,18.0,50.0,0.47058823529411764,293.5739861563153,-0.08258129326151468,394.75445556640625,0.23360767364501953,1.0,0.35873898974781027,0.5,1779451235475895828
77.0,0.06082915514707565,0.4703046679496765,0.3032960891723633,88.43871307373047,290.263671875,27.0,50.0,0.2987012987012987,314.8082971849281,-0.016224071297099664,180.40155029296875,-0.43624515533447267,1.0,0.3981330135144097,0.41250000000000003,1779451235538893271
74.0,0.06636735796928406,0.446312814950943,0.28574007749557495,90.48348999023438,288.21173095703125,23.0,51.0,0.3783783783783784,305.73939453557284,-0.04456439207633487,417.24322509765625,0.30388507843017576,1.0,0.34477328149434405,0.5,1779451235573724184
71.0,0.07355721294879913,0.5063757300376892,0.34372568130493164,99.26339721679688,282.5260925292969,23.0,48.0,0.352112676056338,318.983774093777,-0.0031757059569468282,265.25762939453125,-0.17106990814208983,1.0,0.3548484694394532,0.41250000000000003,1779451235639253794
66.0,0.07232020795345306,0.4884392321109772,0.31194040179252625,94.89971923828125,303.8321838378906,19.0,47.0,0.42424242424242425,319.55538432472076,-0.0013894239852476175,205.54660034179688,-0.3576668739318848,1.0,0.33787320879768196,0.75,1779451235672713450
71.0,0.06707742810249329,0.46097710728645325,0.27600425481796265,95.86429595947266,297.4306640625,21.0,50.0,0.4084507042253521,319.6538545908474,-0.0010817044036018687,148.62448120117188,-0.5355484962463379,1.0,0.28284920575023886,0.41250000000000003,1779451235739276696
73.0,0.06506053358316422,0.4536680281162262,0.2953301668167114,94.92332458496094,292.4380187988281,23.0,50.0,0.3698630136986301,319.4235707043694,-0.001801341548845592,171.10098266601562,-0.46530942916870116,1.0,0.3260735841786824,0.5,1779451235772592400
75.0,0.06416583061218262,0.4340304732322693,0.267762690782547,89.7322769165039,289.6204528808594,24.0,51.0,0.36,278.84427726059033,-0.12861163356065522,405.98828125,0.26871337890625,1.0,0.32545127408331864,0.5,1779451235805752206
73.0,0.049481380730867386,0.5045945644378662,0.3280259370803833,100.25386810302734,288.17529296875,26.0,47.0,0.2876712328767123,297.58449229191615,-0.07004846158776204,237.97671508789062,-0.2563227653503418,1.0,0.27574769379144803,0.41250000000000003,1779451235838741672
80.0,0.09536175429821014,0.47233980894088745,0.325714647769928,89.97178649902344,267.66021728515625,25.0,55.0,0.375,298.9196408033265,-0.06587612248960469,408.5473937988281,0.27671060562133787,1.0,0.3035771417225711,0.5,1779451235950524795
81.0,0.08252350986003876,0.4917948842048645,0.3318783938884735,83.0815200805664,268.4026794433594,27.0,54.0,0.3333333333333333,299.48625792811845,-0.06410544397462985,177.97061157226562,-0.44384183883666994,1.0,0.33931308661241977,0.41250000000000003,1779451236105537716
79.0,0.08700155466794968,0.48214051127433777,0.33375442028045654,92.2427749633789,287.98785400390625,23.0,56.0,0.4177215189873418,313.4201286446782,-0.020562097985380667,219.8070831298828,-0.31310286521911623,1.0,0.29163583834701995,0.5,1779451236138321844
74.0,0.12452446669340134,0.47599658370018005,0.3301936388015747,93.32014465332031,285.1613464355469,24.0,50.0,0.35135135135135137,300.0597032324679,-0.06231342739853787,376.9106750488281,0.17784585952758789,1.0,0.28373255474750914,0.5,1779451236245710437
73.0,0.11151837557554245,0.4702170193195343,0.3263367712497711,100.14395141601562,293.6136779785156,22.0,51.0,0.3972602739726027,304.4443789308176,-0.04861131584119498,220.04942321777344,-0.312345552444458,1.0,0.2697877917997843,0.5,1779451236280338604
80.0,0.14601989090442657,0.4557643234729767,0.3233349323272705,85.8896255493164,291.49615478515625,22.0,58.0,0.45,306.1001772806375,-0.04343694599800774,217.49429321289062,-0.3203303337097168,1.0,0.26967347688566534,0.5,1779451236316193919
81.0,0.05461089313030243,0.41471561789512634,0.25058436393737793,91.8212661743164,296.42706298828125,26.0,55.0,0.35802469135802467,305.30620785863755,-0.04591810044175766,153.7836456298828,-0.5194261074066162,1.0,0.26666653980192084,0.5,1779451236347275514
81.0,0.05206611379981041,0.44331198930740356,0.27664223313331604,89.61813354492188,292.9095458984375,26.0,55.0,0.35802469135802467,264.85,-0.17234374999999993,212.66152954101562,-0.3354327201843262,1.0,0.2450553365708657,0.5,1779451236381110296
89.0,0.06101822480559349,0.4443216025829315,0.28770583868026733,87.99024200439453,291.49615478515625,27.0,62.0,0.39325842696629215,307.2381083047422,-0.03988091154768068,397.1520690917969,0.24110021591186523,1.0,0.2640554042268618,0.5,1779451236417280278
76.0,0.11356810480356216,0.48341500759124756,0.34064599871635437,96.7833480834961,294.32293701171875,23.0,53.0,0.39473684210526316,306.7521447048886,-0.04139954779722306,237.05575561523438,-0.2592007637023926,1.0,0.2398977603885918,0.5,1779451236448006586
86.0,0.08645393699407578,0.4680911898612976,0.31731662154197693,84.70430755615234,290.0827331542969,28.0,58.0,0.3488372093023256,305.5131332082551,-0.045271458724202775,495.5803527832031,0.5486886024475097,1.0,0.2543409385895929,0.5,1779451236480576991
85.0,0.04446544125676155,0.4633089005947113,0.3024371564388275,90.51438903808594,292.2276611328125,27.0,58.0,0.36470588235294116,304.47283732041205,-0.04852238337371233,472.73406982421875,0.4772939682006836,1.0,0.2424666229269592,0.5,1779451236514334627
82.0,0.1007695198059082,0.48153969645500183,0.32649722695350647,87.46924591064453,265.04718017578125,25.0,57.0,0.3902439024390244,307.3029393173199,-0.039678314633375324,206.83551025390625,-0.353639030456543,1.0,0.26672534724215213,0.5,1779451236579379301
86.0,0.0875686534239727,0.5066853550824616,0.34271756808826337,85.75950622558594,258.37957763671875,31.0,55.0,0.27906976744186046,333.4708890637293,0.042096528324154114,204.8670654296875,-0.35979042053222654,1.0,0.21834590958769856,0.75,1779451236676293093
79.0,0.09886156767606735,0.49134907126426697,0.34360918402671814,92.41190338134766,285.00701904296875,24.0,55.0,0.3924050632911392,318.8484794440921,-0.0035985017372121677,303.052490234375,-0.052960968017578124,1.0,0.24367329781975816,0.5,1779451236709745351
89.0,0.14134719967842102,0.4862425625324249,0.33880341053009033,85.6290512084961,296.319091796875,26.0,63.0,0.4157303370786517,276.36493629070316,-0.13635957409155264,304.40380859375,-0.04873809814453125,1.0,0.2346826639787796,0.5,1779451236739282128
81.0,0.1253078579902649,0.47754889726638794,0.33998769521713257,91.52379608154297,297.73309326171875,23.0,58.0,0.43209876543209874,311.9011976047904,-0.025308757485029965,227.96975708007812,-0.28759450912475587,1.0,0.22279211195719492,0.5,1779451236774245127
88.0,0.17133261263370514,0.47870269417762756,0.35460165143013,85.71283721923828,292.0770568847656,28.0,60.0,0.36363636363636365,307.7238095238095,-0.03836309523809529,210.62249755859375,-0.34180469512939454,1.0,0.20424637818184394,0.5,1779451236805909759
86.0,0.18490743331839118,0.4833261373709891,0.3642873168655531,81.38091278076172,292.0770568847656,25.0,61.0,0.4186046511627907,276.19492356278954,-0.13689086386628269,304.5811767578125,-0.04818382263183594,1.0,0.19373760281346397,0.5,1779451236873058903
87.0,0.11159631769558763,0.4331367967008405,0.2831846904772891,76.6761703491211,259.7883605957031,30.0,57.0,0.3103448275862069,307.3839336763865,-0.03942520726129217,284.1014404296875,-0.11218299865722656,0.9584521293640137,0.17789068781777986,0.5,1779451236906216355
86.0,0.1613276272181606,0.4617838638245125,0.3232245817036574,80.42826080322266,271.59161376953125,27.0,59.0,0.37209302325581395,275.36848675997106,-0.13947347887509043,212.81182861328125,-0.3349630355834961,1.0,0.1964266614672875,0.5,1779451236939247649
83.0,0.17368975281715393,0.46491411328315735,0.3655037581920624,88.90225219726562,301.16607666015625,25.0,58.0,0.39759036144578314,280.721506849315,-0.12274529109589061,303.7002868652344,-0.05093660354614258,1.0,-1.3302101470268486,1.0,1779451237039239705
88.0,0.119357630610466,0.42742618918418884,0.3107219636440277,79.33354949951172,257.37908935546875,28.0,60.0,0.36363636363636365,297.3163216740953,-0.07088649476845213,283.7696533203125,-0.11321983337402344,0.9916693687438964,-1.2730314974269776,1.0,1779451237072800539
75.0,0.1339542716741562,0.46492379903793335,0.35294950008392334,91.21890258789062,347.2074279785156,25.0,50.0,0.3333333333333333,312.6012214018777,-0.023121183119132204,227.91455078125,-0.28776702880859373,1.0,-1.2931043061546974,1.0,1779451237105286621
81.0,0.13088007271289825,0.4500929117202759,0.3299044668674469,88.23566436767578,288.1735534667969,27.0,54.0,0.3333333333333333,307.8043135912359,-0.038111520027387866,216.1080780029297,-0.3246622562408447,1.0,-1.3238918015779566,1.0,1779451237139206756
77.0,0.13169854879379272,0.39979228377342224,0.2760857939720154,84.1257553100586,288.49957275390625,26.0,51.0,0.3246753246753247,276.8397392175586,-0.1348758149451294,215.09622192382812,-0.3278243064880371,1.0,-1.2996190231696325,1.0,1779451237173384051
70.0,0.15037883818149567,0.4499187469482422,0.34017854928970337,97.09114837646484,304.055908203125,23.0,47.0,0.34285714285714286,286.59729833057224,-0.10438344271696173,206.8458251953125,-0.3536067962646484,1.0,-1.346716180086348,1.0,1779451237204517310
69.0,0.11265554279088974,0.4235992729663849,0.2861382067203522,85.35846710205078,302.6416931152344,26.0,43.0,0.2463768115942029,277.25,-0.13359375,215.78048706054688,-0.325685977935791,1.0,-1.3403177761491094,0.55,1779451237240532597
65.0,0.10143201798200607,0.45068037509918213,0.31720250844955444,91.8962173461914,304.055908203125,20.0,45.0,0.38461538461538464,291.6060606060606,-0.08873106060606055,240.02587890625,-0.24991912841796876,1.0,-1.3460659038746527,1.0,1779451237272644331
58.0,0.08055136352777481,0.4582982361316681,0.32206991314888,103.12702178955078,306.1976623535156,20.0,38.0,0.3103448275862069,278.0868122457718,-0.13097871173196313,224.50936889648438,-0.29840822219848634,1.0,-1.3046117139858815,1.0,1779451237306007398
56.0,0.1130128726363182,0.43646883964538574,0.30635255575180054,95.21650695800781,304.055908203125,16.0,40.0,0.42857142857142855,300.8388157894737,-0.05987870065789469,225.8509521484375,-0.2942157745361328,1.0,-1.328025561819036,1.0,1779451237338039979
65.0,0.06949225813150406,0.4651912450790405,0.32532641291618347,87.738037109375,304.055908203125,28.0,37.0,0.13846153846153847,291.9243888464477,-0.08773628485485094,220.4207763671875,-0.3111850738525391,1.0,-1.3074905397673382,0.5,1779451237371773291
65.0,0.09551601111888885,0.47219792008399963,0.33161595463752747,96.95580291748047,304.055908203125,24.0,41.0,0.26153846153846155,291.7542613636364,-0.08826793323863633,375.7916259765625,0.1743488311767578,1.0,-1.3310768014338705,1.0,1779451237405196145
66.0,0.0781291201710701,0.4935493469238281,0.34108319878578186,91.65576171875,302.6416931152344,21.0,45.0,0.36363636363636365,303.5,-0.0515625,469.36871337890625,0.46677722930908205,1.0,-1.3334506666242676,1.0,1779451237438463377
70.0,0.056738853454589844,0.4560440480709076,0.3123825788497925,89.32199096679688,270.4163513183594,23.0,47.0,0.34285714285714286,304.1388888888889,-0.04956597222222214,268.7611083984375,-0.16012153625488282,1.0,-1.3276461944344875,1.0,1779451237472406802
72.0,0.11086791008710861,0.44442370533943176,0.3080240488052368,87.29964447021484,270.4163513183594,22.0,50.0,0.3888888888888889,305.0,-0.046875,180.1739501953125,-0.43695640563964844,1.0,-1.3538398991963316,1.0,1779451237504569559
72.0,0.08183222264051437,0.4643186330795288,0.3336600065231323,88.10134887695312,270.7397155761719,23.0,49.0,0.3611111111111111,284.1468023255814,-0.11204124273255811,285.39837646484375,-0.10813007354736329,1.0,-1.3270979449101405,1.0,1779451237540824903
71.0,0.10803832113742828,0.44517645239830017,0.3189834952354431,85.0641098022461,255.87692260742188,23.0,48.0,0.352112676056338,345.2122448979592,0.07878826530612244,380.31353759765625,0.18847980499267578,1.0,-1.3339293230784612,1.0,1779451237572406651
70.0,0.09298516064882278,0.49171674251556396,0.3594740331172943,92.02001190185547,272.9047546386719,26.0,44.0,0.2571428571428571,292.05352011494256,-0.08733274964080451,372.4622802734375,0.16394462585449218,1.0,-1.3425756033973189,1.0,1779451237640399454
58.0,0.06147119402885437,0.488162100315094,0.35241755843162537,105.49065399169922,289.2490234375,21.0,37.0,0.27586206896551724,331.36258865248226,0.03550808953900706,216.7576141357422,-0.3226324558258057,1.0,-1.3848998955604555,1.0,1779451237706194340
61.0,0.07743009924888611,0.4640423357486725,0.33336761593818665,93.67866516113281,281.4284973144531,18.0,43.0,0.4098360655737705,333.14139784946235,0.041066868279569846,183.86056518554688,-0.425435733795166,1.0,-1.3987785182220427,1.0,1779451237738932000
61.0,0.10499386489391327,0.42439666390419006,0.31525346636772156,93.66865539550781,293.4910583496094,18.0,43.0,0.4098360655737705,326.124474789916,0.019138983718487525,226.97006225585938,-0.29071855545043945,1.0,-1.3895640063872525,0.55,1779451237772200408
57.0,0.15376082062721252,0.46263328194618225,0.3547021150588989,94.3137435913086,290.66302490234375,16.0,41.0,0.43859649122807015,288.60303123086345,-0.09811552740355171,225.7338409423828,-0.2945817470550537,1.0,-1.3681418622997363,1.0,1779451237805642685
58.0,0.1527210772037506,0.4331609010696411,0.32602670788764954,89.41169738769531,293.4910583496094,17.0,41.0,0.41379310344827586,352.15813492063495,0.10049417162698422,313.69232177734375,-0.01971149444580078,1.0,-1.3895199714387625,1.0,1779451237872957860
54.0,0.10759939253330231,0.43646740913391113,0.31966325640678406,101.44659423828125,291.3280029296875,17.0,37.0,0.37037037037037035,335.1815134099617,0.04744222940613039,218.53399658203125,-0.31708126068115233,1.0,-1.40765529159238,1.0,1779451237905955224
57.0,0.10870781540870667,0.4310130178928375,0.30788955092430115,91.46528625488281,275.4650573730469,20.0,37.0,0.2982456140350877,288.2196557971014,-0.09931357563405818,209.36395263671875,-0.3457376480102539,1.0,-1.335571044102883,1.0,1779451237939060491
59.0,0.0864599272608757,0.4649631679058075,0.3456212282180786,88.13744354248047,276.134033203125,17.0,42.0,0.423728813559322,334.1783783783784,0.04430743243243249,220.38851928710938,-0.3112858772277832,1.0,1.3714388167666858,0.5,1779451237971990216
60.0,0.11468233913183212,0.4445987343788147,0.3269883990287781,87.16128540039062,274.05291748046875,19.0,41.0,0.36666666666666664,291.8024475524476,-0.08811735139860133,208.38360595703125,-0.3488012313842773,1.0,-1.3067001733222117,0.75,1779451238041570183
60.0,0.130681112408638,0.4347147047519684,0.32067760825157166,85.52993774414062,273.3093566894531,16.0,44.0,0.4666666666666667,268.36994816141396,-0.16134391199558137,219.11859130859375,-0.31525440216064454,1.0,-1.3388779315163668,0.55,1779451238071410595
60.0,0.14084355533123016,0.42600420117378235,0.3126969337463379,84.66079711914062,271.89703369140625,16.0,44.0,0.4666666666666667,333.7065934065934,0.042833104395604414,422.27581787109375,0.319611930847168,1.0,-1.3559786091288097,0.75,1779451238208683087
69.0,0.10462526977062225,0.4063878357410431,0.2877056896686554,86.89990997314453,289.2490234375,20.0,49.0,0.42028985507246375,338.2646857923497,0.05707714310109289,211.240478515625,-0.3398735046386719,1.0,-1.3551139438795543,0.5,1779451238271754468
55.0,0.1116785928606987,0.4244479238986969,0.3088582456111908,94.0905990600586,266.7377014160156,13.0,42.0,0.5272727272727272,339.85526315789474,0.06204769736842106,290.8846130371094,-0.0909855842590332,1.0,-1.358401538070252,0.5,1779451238438769665
64.0,0.14842842519283295,0.4154016971588135,0.3094932436943054,86.52459716796875,268.73406982421875,19.0,45.0,0.40625,339.6472868217054,0.06139777131782935,210.59683227539062,-0.3418848991394043,1.0,-1.3347094848481293,0.75,1779451238505303546
56.0,0.07259112596511841,0.4369984269142151,0.3052394688129425,101.14740753173828,291.49615478515625,18.0,38.0,0.35714285714285715,343.2131797235023,0.07254118663594475,290.11175537109375,-0.09340076446533203,1.0,-1.3680667058034035,1.0,1779451238571736355
59.0,0.062105994671583176,0.41337132453918457,0.27419379353523254,94.32850646972656,256.84429931640625,21.0,38.0,0.288135593220339,341.40013607474424,0.06687542523357574,186.86441040039062,-0.4160487174987793,1.0,-1.3906321628532212,0.5,1779451238671480945
69.0,0.060594089329242706,0.40872517228126526,0.2742435038089752,90.5828628540039,274.3902282714844,22.0,47.0,0.36231884057971014,300.8842905405405,-0.059736592060810875,181.8656005859375,-0.4316699981689453,1.0,-1.3183912121001788,0.5,1779451238705371402
67.0,0.057417694479227066,0.41449275612831116,0.27295204997062683,85.78262329101562,251.191162109375,25.0,42.0,0.2537313432835821,272.61724150701167,-0.14807112029058853,181.6878662109375,-0.4322254180908203,1.0,-1.3319172856559478,0.5,1779451238771838572
57.0,0.0857955813407898,0.40904706716537476,0.27698928117752075,98.18002319335938,274.0456237792969,18.0,39.0,0.3684210526315789,321.31046600458365,0.0040952062643238914,391.2213134765625,0.2225666046142578,1.0,-1.3625868829288452,0.41250000000000003,1779451238804543799
57.0,0.13769961893558502,0.4496515691280365,0.34502869844436646,91.07796478271484,249.7779083251953,16.0,41.0,0.43859649122807015,309.0,-0.034375,224.47894287109375,-0.29850330352783205,1.0,-1.4184280224015495,0.55,1779451238871453313
66.0,0.03344395011663437,0.40651237964630127,0.26866021752357483,88.79859924316406,268.15106201171875,24.0,42.0,0.2727272727272727,247.35263737777163,-0.22702300819446367,191.24795532226562,-0.40235013961791993,1.0,-1.390020278269191,0.55,1779451238904376020
64.0,0.016792334616184235,0.40069779753685,0.25327467918395996,94.1624755859375,273.1830749511719,25.0,39.0,0.21875,347.9123265691364,0.08722602052855119,196.416015625,-0.386199951171875,1.0,-1.408152841705593,0.5,1779451239012205228
62.0,0.03434596583247185,0.40276873111724854,0.270161509513855,95.53407287597656,271.1494140625,26.0,36.0,0.16129032258064516,324.4848433626324,0.014015135508226173,197.51953125,-0.38275146484375,1.0,-1.411577898430816,0.41250000000000003,1779451239076486920
76.0,0.0502309687435627,0.39725011587142944,0.2666170001029968,74.81475830078125,231.5361785888672,29.0,47.0,0.23684210526315788,278.15729985976463,-0.13075843793823552,302.25,-0.05546875,0.9351844787597656,-1.4172732107145762,0.41250000000000003,1779451239205179058
77.0,0.029237128794193268,0.4080164432525635,0.2641561031341553,78.86874389648438,222.27235412597656,28.0,49.0,0.2727272727272727,314.1676829268293,-0.01822599085365848,210.4146728515625,-0.3424541473388672,0.9858592987060547,-1.425543187872125,1.0,1779451239340140583
77.0,0.01602642610669136,0.37713608145713806,0.23127560317516327,74.93025970458984,213.28384399414062,29.0,48.0,0.24675324675324675,277.5291547869148,-0.13272139129089133,297.625,-0.069921875,0.9366282463073731,-1.4346639222980948,0.41250000000000003,1779451239410572895
79.0,-0.030667269602417946,0.415574312210083,0.27203652262687683,72.4594955444336,263.1539611816406,33.0,46.0,0.16455696202531644,288.71070707070703,-0.09777904040404053,195.06063842773438,-0.39043550491333007,0.9057436943054199,-1.4711844496625546,0.41250000000000003,1779451239503997574
77.0,0.038580041378736496,0.37510618567466736,0.24438370764255524,75.47576904296875,221.27359008789062,29.0,48.0,0.24675324675324675,306.830120020429,-0.041155874936159444,325.6148376464844,0.017546367645263673,0.9434471130371094,-1.4852801820403452,0.41250000000000003,1779451239538143228
77.0,0.005082683637738228,0.4004385769367218,0.2529962658882141,76.05348205566406,261.0306396484375,31.0,46.0,0.19480519480519481,315.77777777777777,-0.013194444444444463,285.911376953125,-0.10652694702148438,0.9506685256958007,-1.47094155199324,0.75,1779451239571428918
81.0,0.015488489530980587,0.3816511034965515,0.24597740173339844,73.96207427978516,206.9589385986328,33.0,48.0,0.18518518518518517,285.6628570059421,-0.10730357185643094,166.4296875,-0.4799072265625,0.9245259284973144,-1.4753731964035963,0.41250000000000003,1779451239604746917
77.0,0.06222061067819595,0.39799416065216064,0.2699296772480011,76.95967864990234,206.9589385986328,29.0,48.0,0.24675324675324675,319.862505018065,-0.00042967181854685065,214.42010498046875,-0.32993717193603517,0.9619959831237793,-1.453147585743251,0.41250000000000003,1779451239638633559
83.0,0.011493634432554245,0.3468772768974304,0.2084275484085083,72.48600006103516,259.0308837890625,30.0,53.0,0.27710843373493976,265.04321428571427,-0.1717399553571429,305.5,-0.0453125,0.9060750007629395,-1.46775459762837,0.55,1779451239672029428
84.0,-0.03318529948592186,0.37100160121917725,0.2335742563009262,71.08209228515625,212.28518676757812,35.0,49.0,0.16666666666666666,290.25095029239765,-0.09296578033625735,180.91677856445312,-0.434635066986084,0.8885261535644531,1.4149351059825994,0.75,1779451239738602634
92.0,-0.020084479823708534,0.3543020486831665,0.21229887008666992,64.5911636352539,193.50711059570312,32.0,60.0,0.30434782608695654,335.3874856486797,0.04808589265212397,122.98245239257812,-0.6156798362731933,0.8073895454406739,1.4359422194055556,0.75,1779451239805468144
92.0,0.009182940237224102,0.3690563142299652,0.2252928763628006,64.99288940429688,202.62527465820312,34.0,58.0,0.2608695652173913,293.1931818181818,-0.08377130681818183,233.5075225830078,-0.2702889919281006,0.812411117553711,-1.5,0.55,1779451239872557625
84.0,-0.051001355051994324,0.37732529640197754,0.2422754466533661,72.56373596191406,217.50631713867188,38.0,46.0,0.09523809523809523,320.7091185988959,0.002215995621549638,182.95938110351562,-0.4282519340515137,0.9070466995239258,1.3920488921500374,0.41250000000000003,1779451239938865892
94.0,-0.007501952815800905,0.3898078203201294,0.24376575648784637,63.87030029296875,230.53199768066406,39.0,55.0,0.1702127659574468,294.825,-0.07867187500000003,197.0,-0.384375,0.7983787536621094,-1.4248326999130216,0.55,1779451240038409504
90.0,-0.033671990036964417,0.41878262162208557,0.2780453562736511,67.24995422363281,210.28790283203125,38.0,52.0,0.15555555555555556,360.9924247297993,0.1281013272806229,238.42388916015625,-0.2549253463745117,0.8406244277954101,0.9761533430909137,0.5,1779451240072159364
94.0,-0.021976279094815254,0.43857282400131226,0.28206321597099304,64.35072326660156,232.3101348876953,38.0,56.0,0.19148936170212766,310.23118279569894,-0.030527553763440806,218.83804321289062,-0.3161311149597168,0.8043840408325196,0.9700100638698255,0.5,1779451240138712128
98.0,-0.02490335889160633,0.4300108551979065,0.2728232741355896,65.42841339111328,246.34326171875,45.0,53.0,0.08163265306122448,288.55357142857144,-0.09827008928571423,290.57891845703125,-0.09194087982177734,0.8178551673889161,-1.4165712724239237,0.55,1779451240171863914
82.0,-0.07372841238975525,0.421230286359787,0.27443355321884155,65.66898345947266,255.38401794433594,38.0,44.0,0.07317073170731707,325.5,0.0171875,240.5851287841797,-0.24817147254943847,0.8208622932434082,1.1752422809172747,0.75,1779451240239021283
83.0,0.008311301469802856,0.4361375570297241,0.28219109773635864,63.76407241821289,192.26023864746094,34.0,49.0,0.18072289156626506,309.03207990599293,-0.0342747502937721,328.278564453125,0.025870513916015626,0.7970509052276611,-1.0847769113446761,0.5,1779451240337514718
75.0,0.016118718311190605,0.4272489845752716,0.29162120819091797,68.03582000732422,220.2748260498047,30.0,45.0,0.2,310.0201149425287,-0.031187140804597745,191.51553344726562,-0.40151395797729494,0.8504477500915527,-1.084060617902394,0.5,1779451240372337886
71.0,0.017546450719237328,0.47368818521499634,0.3416445255279541,68.70833587646484,233.30880737304688,29.0,42.0,0.18309859154929578,313.5437643194582,-0.02017573650169311,359.6838073730469,0.12401189804077148,0.8588541984558106,-1.06819202487966,0.5,1779451240405479149
68.0,-0.04073408246040344,0.4538496434688568,0.31567835807800293,66.92132568359375,245.3446502685547,31.0,37.0,0.08823529411764706,302.3779992911572,-0.05506875221513372,196.31008911132812,-0.3865309715270996,0.8365165710449218,-1.0653497608657108,0.5,1779451240438510773
65.0,-0.05543053150177002,0.44579482078552246,0.3225584626197815,68.49471282958984,247.3418731689453,28.0,37.0,0.13846153846153847,317.50078678206137,-0.007810041306058224,138.0,-0.56875,0.8561839103698731,1.4167735296953556,0.75,1779451240473964382
75.0,-0.06791938841342926,0.39713501930236816,0.276144415140152,59.36297607421875,166.19265747070312,32.0,43.0,0.14666666666666667,305.7358974358974,-0.04457532051282058,105.69850158691406,-0.6696921825408936,0.7420372009277344,1.472317582444408,0.55,1779451240505231964
72.0,-0.031403638422489166,0.43562570214271545,0.30935585498809814,64.06634521484375,221.27359008789062,30.0,42.0,0.16666666666666666,328.7018572825025,0.027193304007820274,95.04867553710938,-0.7029728889465332,0.8008293151855469,1.5,0.55,1779451240538469988
74.0,-0.0531151182949543,0.41008713841438293,0.29587888717651367,65.16545104980469,246.34326171875,32.0,42.0,0.13513513513513514,330.9181818181818,0.034119318181818056,66.87254333496094,-0.7910233020782471,0.8145681381225586,1.4399325324304302,0.5,1779451240604565252
74.0,-0.0879325196146965,0.43037474155426025,0.31346726417541504,62.39702606201172,211.28652954101562,35.0,39.0,0.05405405405405406,310.560665474728,-0.029497920391474964,289.17822265625,-0.09631805419921875,0.7799628257751465,1.0818140338809454,0.5,1779451240670524654
72.0,-0.05194123461842537,0.41092783212661743,0.2937566936016083,61.55891799926758,226.26754760742188,33.0,39.0,0.08333333333333333,299.23725038402455,-0.06488359254992329,76.73130798339844,-0.7602146625518799,0.7694864749908448,1.0612511370736812,0.5,1779451240704544535
72.0,-0.07550361752510071,0.45119017362594604,0.32207390666007996,60.80315399169922,213.28384399414062,32.0,40.0,0.1111111111111111,322.0672727272728,0.006460227272727437,378.8416748046875,0.18388023376464843,0.7600394248962402,0.6748222197611615,0.75,1779451240738132957
76.0,-0.07040933519601822,0.46518346667289734,0.32672572135925293,58.839271545410156,211.28652954101562,37.0,39.0,0.02631578947368421,311.5352822580645,-0.0264522429435484,320.5008544921875,0.0015651702880859375,0.7354908943176269,0.47206701342033613,0.5,1779451240804579186
75.0,-0.023253552615642548,0.41907063126564026,0.28686031699180603,59.61553955078125,185.2187957763672,30.0,45.0,0.2,304.1523109243698,-0.049524028361344466,72.19318389892578,-0.7743963003158569,0.7451942443847657,1.5,0.55,1779451240915755008
71.0,-0.06958534568548203,0.4209916889667511,0.29726916551589966,58.748046875,172.1046142578125,28.0,43.0,0.2112676056338028,322.92239467849225,0.009132483370288292,54.263160705566406,-0.830427622795105,0.7343505859375,1.0089821636704825,0.5,1779451240948377782
78.0,-0.019817691296339035,0.43190428614616394,0.30057692527770996,56.40019607543945,190.21304321289062,26.0,52.0,0.3333333333333333,305.0466266866567,-0.04672929160419788,117.66666412353516,-0.6322916746139526,0.7050024509429932,1.1040012140016724,0.5,1779451240981458779
76.0,-0.04460642859339714,0.3944753408432007,0.2699686884880066,58.972808837890625,217.1474151611328,29.0,47.0,0.23684210526315788,293.0595238095238,-0.08418898809523814,343.3477783203125,0.07296180725097656,0.7371601104736328,1.1166640525979186,0.5,1779451241046203965
67.0,-0.06910795718431473,0.39564284682273865,0.268059104681015,65.08257293701172,244.13111877441406,27.0,40.0,0.19402985074626866,313.9169884169884,-0.01900941119691133,332.6013488769531,0.039379215240478514,0.8135321617126465,1.1552440942178674,0.5,1779451241111458296
84.0,-0.03637542203068733,0.4011327922344208,0.27308130264282227,58.33732223510742,178.02528381347656,28.0,56.0,0.3333333333333333,326.2469772403983,0.019521803876244626,342.86553955078125,0.07145481109619141,0.7292165279388427,1.1509939677487158,0.5,1779451241280212612
74.0,-0.02105739340186119,0.43631887435913086,0.31960558891296387,67.9769287109375,170.0117645263672,30.0,44.0,0.1891891891891892,293.4331797235023,-0.08302131336405534,392.993408203125,0.22810440063476561,0.8497116088867187,1.13486192271527,0.5,1779451241313923058
82.0,-0.02313428744673729,0.4082787334918976,0.2826148569583893,61.104217529296875,145.0137939453125,32.0,50.0,0.21951219512195122,323.94072419345054,0.012314763104532922,392.70025634765625,0.2271883010864258,0.7638027191162109,1.0909642210210302,0.75,1779451241345843214
76.0,-0.018835807219147682,0.4212989807128906,0.27807435393333435,62.30119705200195,164.0,30.0,46.0,0.21052631578947367,307.8470588235294,-0.037977941176470686,427.0014953613281,0.3343796730041504,0.7787649631500244,1.1534324366534447,0.5,1779451241379130567
69.0,-0.0412980318069458,0.45198938250541687,0.3157986104488373,73.27027893066406,269.02972412109375,29.0,40.0,0.15942028985507245,258.11154524089307,-0.19340142112220918,353.47393798828125,0.1046060562133789,0.9158784866333007,0.4598450662650817,0.5,1779451241412184915
83.0,0.035182464867830276,0.41580525040626526,0.2985256612300873,65.69914245605469,176.0,26.0,57.0,0.37349397590361444,255.1245614035088,-0.20273574561403498,494.14434814453125,0.5442010879516601,0.8212392807006836,1.1979011095403809,0.5,1779451241545666127
85.0,-0.00801787618547678,0.4020703136920929,0.287449449300766,67.57947540283203,242.0,33.0,52.0,0.2235294117647059,275.2506313131313,-0.1398417771464647,474.5963134765625,0.4831134796142578,0.8447434425354003,1.142006841826939,0.5,1779451241612289259
69.0,0.0896575003862381,0.45906415581703186,0.37686556577682495,75.44317626953125,294.0,26.0,43.0,0.2463768115942029,285.11443394176445,-0.1090173939319861,338.1363525390625,0.05667610168457031,0.9430397033691407,1.147025870746578,0.5,1779451241714810961
73.0,0.07103230804204941,0.5041043162345886,0.4027060866355896,75.39254760742188,295.0423583984375,26.0,47.0,0.2876712328767123,356.68531468531467,0.11464160839160834,384.39422607421875,0.2012319564819336,0.9424068450927734,0.574462242649298,0.5,1779451241904552193
87.0,0.03883328288793564,0.5052091479301453,0.38948413729667664,65.93811798095703,259.0308837890625,31.0,56.0,0.28735632183908044,395.7052606177606,0.23657893943050184,345.6043701171875,0.08001365661621093,0.8242264747619629,0.7718737050310761,1.0,1779451241937991222
81.0,-0.02479022555053234,0.5336036682128906,0.40634602308273315,69.20706176757812,269.0464782714844,29.0,52.0,0.2839506172839506,387.0540740740741,0.20954398148148154,346.51666259765625,0.08286457061767578,0.8650882720947266,0.7131536203469293,1.0,1779451241970653448
75.0,0.08425405445360273,0.557396448433711,0.46508407302362853,73.62198638916016,310.05804443359375,26.0,49.0,0.30666666666666664,352.17857142857144,0.10055803571428576,330.3387756347656,0.03230867385864258,0.9202748298645019,0.9273805595194486,1.0,1779451242038666251
71.0,0.02142305113375187,0.5148116946220398,0.40097615122795105,72.72636413574219,290.0430908203125,24.0,47.0,0.323943661971831,280.25952813067147,-0.12418897459165165,318.58477783203125,-0.004422569274902343,0.9090795516967773,0.7106465217005897,0.75,1779451242077359693
68.0,0.03915860503911972,0.5077655911445618,0.39821743965148926,71.9327392578125,304.0592041015625,26.0,42.0,0.23529411764705882,267.6077348312206,-0.16372582865243554,335.75830078125,0.04924468994140625,0.8991592407226563,0.7967559134276758,0.55,1779451242177610785
72.0,0.03220854699611664,0.538318932056427,0.42620721459388733,68.49666595458984,248.34048461914062,25.0,47.0,0.3055555555555556,296.7631578947369,-0.07261513157894725,360.02691650390625,0.12508411407470704,0.856208324432373,0.6889492988485448,1.0,1779451242204848743
60.0,-0.07540187984704971,0.46850377321243286,0.3433453142642975,72.8976058959961,265.36956787109375,23.0,37.0,0.23333333333333334,303.29188829787233,-0.052212849069148956,355.7060241699219,0.11158132553100586,0.9112200736999512,0.9296301389845626,0.55,1779451242238450149
73.0,-0.029909636825323105,0.488541841506958,0.3829062879085541,66.17969512939453,262.373779296875,29.0,44.0,0.2054794520547945,331.45093795093794,0.035784181096681064,351.1987609863281,0.0974961280822754,0.8272461891174316,0.883799768433347,0.55,1779451242270239413
64.0,-0.022281130775809288,0.4709457755088806,0.3507741093635559,70.55946350097656,232.3101348876953,22.0,42.0,0.3125,274.6762216843259,-0.14163680723648148,356.65521240234375,0.11454753875732422,0.881993293762207,0.9396327885531837,0.55,1779451242305217553
56.0,-0.0077490233816206455,0.4892474114894867,0.38103124499320984,68.63236999511719,301.16607666015625,20.0,36.0,0.2857142857142857,273.0,-0.146875,357.94970703125,0.11859283447265626,0.8579046249389648,0.9963164303487326,0.55,1779451242504486235
50.0,-0.04817461967468262,0.4947548508644104,0.3968248665332794,71.33596801757812,302.16552734375,19.0,31.0,0.24,333.025,0.04070312499999993,359.0790100097656,0.12212190628051758,0.8916996002197266,1.0080929883508392,0.55,1779451242703970604
42.0,-0.09861148148775101,0.4558474123477936,0.3565736413002014,87.02066802978516,301.16607666015625,16.0,26.0,0.23809523809523808,337.989898989899,0.05621843434343443,360.21270751953125,0.12566471099853516,1.0,1.0130113604991324,0.41250000000000003,1779451242803550889
45.0,-0.1383194774389267,0.43739116191864014,0.3548159599304199,78.37805938720703,304.1989440917969,22.0,23.0,0.022222222222222223,262.7884656423389,-0.17878604486769092,327.0711669921875,0.022097396850585937,0.9797257423400879,1.0906799309061257,0.5,1779451242870893591
53.0,-0.13576552271842957,0.43517208099365234,0.3470964729785919,73.99878692626953,280.17852783203125,22.0,31.0,0.16981132075471697,286.3874739418109,-0.10503914393184086,363.4198303222656,0.13568696975708008,0.9249848365783692,1.050852928411975,0.41250000000000003,1779451242904122834
46.0,-0.12719878554344177,0.4440893530845642,0.365490585565567,80.36074829101562,297.1683044433594,21.0,25.0,0.08695652173913043,265.15833333333336,-0.17138020833333326,337.44757080078125,0.054523658752441403,1.0,1.1255817571300861,0.55,1779451242936905327
54.0,-0.11146564036607742,0.43115001916885376,0.3490225076675415,72.41312408447266,279.1791687011719,23.0,31.0,0.14814814814814814,272.5581300813008,-0.14825584349593496,333.10577392578125,0.040955543518066406,0.9051640510559082,1.0848867057397074,0.41250000000000003,1779451242970423482
47.0,-0.07347933948040009,0.46376824378967285,0.369568407535553,80.24615478515625,228.87551879882812,18.0,29.0,0.23404255319148937,289.32969377510045,-0.09584470695281108,369.746337890625,0.15545730590820311,1.0,1.07260948453877,0.41250000000000003,1779451243005606908
47.0,-0.11286570131778717,0.44354957342147827,0.34956592321395874,76.23319244384766,226.8832244873047,20.0,27.0,0.14893617021276595,271.3203846153846,-0.15212379807692306,333.6849670410156,0.04276552200317383,0.9529149055480957,1.1137261026036414,0.55,1779451243037704886
45.0,-0.1450272500514984,0.43950143456459045,0.36619293689727783,80.107421875,230.31283569335938,22.0,23.0,0.022222222222222223,274.52000000000004,-0.1421249999999999,351.22491455078125,0.09757785797119141,1.0,1.1124168062302147,0.41250000000000003,1779451243070296689
44.0,-0.13227199018001556,0.4566168189048767,0.38114023208618164,78.74905395507812,292.385009765625,20.0,24.0,0.09090909090909091,312.79468362687544,-0.022516613666014252,373.2457275390625,0.16639289855957032,0.9843631744384765,1.1322812298496006,0.55,1779451243103612841
52.0,-0.08867131918668747,0.45209842920303345,0.36118391156196594,74.16991424560547,289.3890075683594,21.0,31.0,0.19230769230769232,275.20409836065573,-0.13998719262295084,352.102783203125,0.10032119750976562,0.9271239280700684,1.1427766088963967,0.55,1779451243137884022
52.0,-0.060816939920186996,0.45018550753593445,0.35458898544311523,75.07341766357422,297.4306640625,22.0,30.0,0.15384615384615385,277.00854854136776,-0.13434828580822575,363.98834228515625,0.13746356964111328,0.9384177207946778,1.1234755814882706,0.41250000000000003,1779451243170447805
50.0,-0.09607109427452087,0.4501928687095642,0.3700426518917084,74.2224349975586,284.3958435058594,22.0,28.0,0.12,276.434350132626,-0.1361426558355438,362.8638916015625,0.1339496612548828,0.9277804374694825,1.1688175598828396,0.41250000000000003,1779451243238015435
35.0,-0.28036418557167053,0.4875020980834961,0.5197060704231262,112.10160827636719,397.0201416015625,20.0,15.0,-0.14285714285714285,224.64627855563742,-0.29798037951363304,714.5091552734375,1.2328411102294923,1.0,-1.0925533071262479,0.5,1779451246737224874
55.0,-0.15025538206100464,0.44520145654678345,0.41652634739875793,93.0298080444336,417.16302490234375,33.0,22.0,-0.2,270.7055817610063,-0.1540450569968554,710.3275146484375,1.2197734832763671,1.0,-1.080226781386495,0.55,1779451246804891873
51.0,-0.15201789140701294,0.43451645970344543,0.38452857732772827,104.02509307861328,275.0509033203125,27.0,24.0,-0.058823529411764705,287.06365720201126,-0.10292607124371482,667.9285888671875,1.0872768402099608,1.0,-1.0766784950961725,0.55,1779451246836039739
54.0,-0.21004308760166168,0.42888113856315613,0.3925979733467102,97.56401824951172,424.7787780761719,27.0,27.0,0.0,215.25,-0.32734375,704.982421875,1.203070068359375,1.0,-1.0701825111158407,0.55,1779451246872632356
56.0,-0.19771640002727509,0.4081611931324005,0.3738304674625397,102.30958557128906,419.3948059082031,30.0,26.0,-0.07142857142857142,230.875,-0.278515625,643.7828369140625,1.0118213653564454,1.0,-1.0651026761864748,0.55,1779451246904219167
57.0,-0.21434766054153442,0.4650619328022003,0.429630845785141,98.66394805908203,414.0108642578125,30.0,27.0,-0.05263157894736842,253.91911685101775,-0.20650275984056954,700.8900756835938,1.1902814865112306,1.0,-1.06640022671352,0.55,1779451246936688436
56.0,-0.1322939246892929,0.4526524841785431,0.40341857075691223,97.31392669677734,409.54730224609375,27.0,29.0,0.03571428571428571,269.772633552015,-0.1569605201499531,635.4642333984375,0.9858257293701171,1.0,-1.0748814020729167,0.55,1779451246969964874
54.0,-0.14048248529434204,0.477912575006485,0.43591219186782837,96.71649932861328,394.31585693359375,28.0,26.0,-0.037037037037037035,267.2604166666667,-0.1648111979166666,703.8565063476562,1.1995515823364258,1.0,-1.0503355788618702,0.41250000000000003,1779451247004535772
49.0,-0.10911824554204941,0.44916319847106934,0.3904866576194763,107.89505004882812,396.547607421875,26.0,23.0,-0.061224489795918366,287.01666666666665,-0.10307291666666671,281.1929626464844,-0.12127199172973632,1.0,-1.0501912871522472,0.55,1779451247037339374
48.0,-0.16595794260501862,0.5112791657447815,0.4591336250305176,99.4132308959961,398.1808776855469,24.0,24.0,0.0,221.2244815044111,-0.3086734952987153,635.13232421875,0.9847885131835937,1.0,-1.0654995888461722,0.75,1779451247103467782
57.0,-0.1801055371761322,0.48520252108573914,0.4522872269153595,90.2074966430664,234.4376220703125,31.0,26.0,-0.08771929824561403,242.77564102564105,-0.24132612179487173,678.0775146484375,1.118992233276367,1.0,-1.0456733249391041,0.41250000000000003,1779451247205219531
49.0,-0.16156093776226044,0.5230498909950256,0.48817178606987,101.14984130859375,400.7193603515625,25.0,24.0,-0.02040816326530612,215.8568181818182,-0.3254474431818181,604.1358642578125,0.8879245758056641,1.0,0.7181500154221101,0.55,1779451247704226649
56.0,-0.09725102037191391,0.48317980766296387,0.4201045036315918,82.24214172363281,358.11309814453125,29.0,27.0,-0.03571428571428571,267.8549810844893,-0.16295318411097098,426.04034423828125,0.3313760757446289,1.0,0.6963286021602744,0.55,1779451247836639088
51.0,-0.14216943085193634,0.48779961466789246,0.43926531076431274,92.83887481689453,295.16943359375,28.0,23.0,-0.09803921568627451,288.17622950819674,-0.09944928278688518,441.7138671875,0.3803558349609375,1.0,0.751641952600974,0.55,1779451247870038313
56.0,-0.15536774694919586,0.5178120136260986,0.45400217175483704,91.83577728271484,409.65960693359375,24.0,32.0,0.14285714285714285,248.47453653217013,-0.22351707333696832,435.51666259765625,0.3609895706176758,1.0,0.6917211889823449,0.55,1779451247937139895
52.0,-0.11350489407777786,0.5466456413269043,0.48361366987228394,88.93999481201172,310.8215026855469,27.0,25.0,-0.038461538461538464,228.3900022391402,-0.2862812430026869,535.131103515625,0.6722846984863281,1.0,0.7158138532060688,0.55,1779451247970442918
49.0,-0.10155744105577469,0.5466302037239075,0.4668278992176056,89.78684997558594,381.4826354980469,27.0,22.0,-0.10204081632653061,223.06225409836065,-0.30293045594262297,410.7047424316406,0.28345232009887694,1.0,0.7302103760431453,0.55,1779451248003250062
44.0,-0.10382547974586487,0.5481116771697998,0.4901123344898224,101.52393341064453,393.1170349121094,27.0,17.0,-0.22727272727272727,230.46022727272728,-0.27981178977272725,536.2335815429688,0.6757299423217773,1.0,0.7725204706836091,0.55,1779451248036914918
48.0,-0.1384524554014206,0.6004355549812317,0.5605840682983398,97.42317962646484,401.3190612792969,27.0,21.0,-0.125,191.48379351740698,-0.4016131452581032,559.978515625,0.749932861328125,1.0,0.7415266828106766,0.55,1779451248069707923
45.0,-0.08822178840637207,0.5322384834289551,0.4918343722820282,93.45458984375,378.48248291015625,28.0,17.0,-0.24444444444444444,234.71405052681993,-0.2665185921036877,431.70111083984375,0.34906597137451173,1.0,0.8289210996738142,0.55,1779451248102539752
57.0,-0.1453201025724411,0.5773071050643921,0.5146623849868774,92.07405853271484,348.5182800292969,31.0,26.0,-0.08771929824561403,187.3152402052239,-0.41463987435867533,545.8912353515625,0.7059101104736328,1.0,0.7222240320368333,0.55,1779451248136020059
52.0,-0.13189679384231567,0.5381137728691101,0.47245529294013977,88.17418670654297,299.282470703125,28.0,24.0,-0.07692307692307693,221.75995004300935,-0.3070001561155958,427.814453125,0.336920166015625,1.0,0.750945064036616,0.55,1779451248172234922
57.0,-0.14957629144191742,0.5757398009300232,0.5065582990646362,100.41968536376953,377.1180114746094,30.0,27.0,-0.05263157894736842,255.5220588235294,-0.20149356617647066,547.0645751953125,0.7095767974853515,1.0,0.7524633497664572,0.55,1779451248203760885
48.0,0.03899569436907768,0.5900197625160217,0.5252746939659119,97.26013946533203,328.35345458984375,28.0,20.0,-0.16666666666666666,263.2985466914039,-0.17719204158936286,542.078125,0.693994140625,1.0,0.7678580465610052,0.55,1779451248237228091
56.0,-0.28945979475975037,0.627420961856842,0.6019531488418579,92.671875,396.3533630371094,29.0,27.0,-0.03571428571428571,178.50363217894773,-0.44217614944078837,524.673095703125,0.6396034240722657,1.0,0.7337809047345965,0.55,1779451248270316011
48.0,-0.23144479095935822,0.6664524078369141,0.6225757002830505,97.65853118896484,399.9412536621094,22.0,26.0,0.08333333333333333,169.80413546076198,-0.4693620766851188,534.1146240234375,0.6691082000732422,1.0,0.7146424619613747,0.55,1779451248303692518
48.0,-0.23136575520038605,0.6664970517158508,0.5991889834403992,102.72066497802734,412.4706115722656,22.0,26.0,0.08333333333333333,190.8938610731374,-0.40345668414644564,513.84033203125,0.6057510375976562,1.0,0.6913450523735718,0.55,1779451248337301765
43.0,-0.05793518200516701,0.5433531403541565,0.48405390977859497,94.46492767333984,406.08990478515625,23.0,20.0,-0.06976744186046512,230.89356681569797,-0.27845760370094386,429.032958984375,0.3407279968261719,1.0,0.8487432845463712,0.55,1779451248370167985
45.0,-0.03282495215535164,0.5883718132972717,0.519100546836853,102.66874694824219,392.6741638183594,27.0,18.0,-0.2,249.39419584101077,-0.22064313799684135,423.74017333984375,0.3241880416870117,1.0,0.7527593452833802,0.55,1779451248403267030
40.0,-0.008764684200286865,0.6481210589408875,0.5679179430007935,103.50361633300781,376.1236572265625,22.0,18.0,-0.1,280.9728053435114,-0.1219599833015268,520.7783203125,0.6274322509765625,1.0,0.8134093586457807,0.55,1779451248436598875
38.0,-0.06754821538925171,0.6079935431480408,0.5403545498847961,103.38006591796875,311.9775695800781,25.0,13.0,-0.3157894736842105,334.38552259887007,0.044954758121468964,518.880859375,0.621502685546875,1.0,0.8506942501295398,0.55,1779451248469632227
40.0,-0.04744165763258934,0.6253100633621216,0.5585460662841797,101.16565704345703,287.1236572265625,24.0,16.0,-0.2,309.19001182033094,-0.03378121306146582,512.10888671875,0.6003402709960938,1.0,0.8450651745987029,0.55,1779451248503509900
40.0,-0.08065377175807953,0.6339489817619324,0.5692590475082397,111.12196350097656,353.1600341796875,25.0,15.0,-0.25,303.7762330354187,-0.050699271764316475,511.388916015625,0.5980903625488281,1.0,0.8199329086573761,0.55,1779451248537788670
39.0,0.006552986800670624,0.622817873954773,0.5547357797622681,108.63455200195312,412.69964599609375,24.0,15.0,-0.23076923076923078,329.6875,0.0302734375,507.02593994140625,0.5844560623168945,1.0,0.8730342490982176,0.55,1779451248570372531
44.0,-0.09175599366426468,0.6812359094619751,0.6103066802024841,110.59866333007812,418.5271911621094,23.0,21.0,-0.045454545454545456,210.50044782803403,-0.3421861005373937,502.2283630371094,0.5694636344909668,1.0,0.7456481405343621,0.55,1779451248602768730
28.0,-0.22952616214752197,0.5071391463279724,0.49261611700057983,108.12430572509766,412.69964599609375,19.0,9.0,-0.35714285714285715,205.31571646190565,-0.3583883860565448,497.23223876953125,0.5538507461547851,1.0,0.7601002541570778,0.5,1779451248636391131
34.0,-0.006258681416511536,0.7011146545410156,0.6151762008666992,121.28590393066406,383.7186584472656,18.0,16.0,-0.058823529411764705,286.1606136338327,-0.10574808239427273,490.25628662109375,0.532050895690918,1.0,0.8371092033789652,0.55,1779451248669667667
32.0,-0.20647987723350525,0.6743686199188232,0.6064291596412659,128.0410614013672,404.10888671875,14.0,18.0,0.125,239.23762376237624,-0.25238242574257425,480.85589599609375,0.502674674987793,1.0,0.777400837316724,0.55,1779451248736560611
31.0,-0.18577133119106293,0.6770302653312683,0.6036268472671509,126.67689514160156,378.0013122558594,13.0,18.0,0.16129032258064516,263.7166666666667,-0.17588541666666657,478.5758056640625,0.4955493927001953,1.0,0.7338951265125417,0.55,1779451248769684801
29.0,-0.11926540732383728,0.66658616065979,0.6056352853775024,140.21592712402344,351.1766052246094,15.0,14.0,-0.034482758620689655,316.53409536410857,-0.01083095198716073,476.5495910644531,0.489217472076416,1.0,0.7708453047298552,0.55,1779451248802497870
31.0,-0.02167288400232792,0.693870484828949,0.6028919219970703,124.2605209350586,403.70782470703125,14.0,17.0,0.0967741935483871,271.93321428571426,-0.15020870535714295,476.71527099609375,0.48973522186279295,1.0,0.7399712603629867,0.55,1779451248836172799
27.0,0.008485765196383,0.6907637715339661,0.6102392673492432,145.684814453125,403.70782470703125,11.0,16.0,0.18518518518518517,299.31901865530597,-0.06462806670216885,476.136474609375,0.4879264831542969,1.0,0.7565784025513927,0.41250000000000003,1779451248872378770
34.0,-0.1013055145740509,0.708050549030304,0.6262669563293457,122.81847381591797,382.6878662109375,14.0,20.0,0.17647058823529413,302.2757260365956,-0.05538835613563879,476.14691162109375,0.487959098815918,1.0,0.7193136504415727,0.55,1779451248903295974
29.0,-0.14592726528644562,0.6858667731285095,0.6165843605995178,132.47784423828125,385.4062805175781,13.0,16.0,0.10344827586206896,294.3198553401503,-0.08025045206203033,477.12969970703125,0.49103031158447263,1.0,0.6932022659089108,0.55,1779451248936837647
28.0,-0.052835218608379364,0.6728703379631042,0.5811845660209656,131.4651336669922,406.509521484375,12.0,16.0,0.14285714285714285,308.4030238679939,-0.036240550412519036,476.25848388671875,0.4883077621459961,1.0,0.6406446627033219,0.41250000000000003,1779451248970034162
24.0,-0.1547785848379135,0.7072498798370361,0.6458573937416077,145.63172912597656,405.66119384765625,11.0,13.0,0.08333333333333333,293.07252971681794,-0.08414834463494394,475.90118408203125,0.48719120025634766,1.0,0.6147028022690312,0.55,1779451249002933752
27.0,-0.06598538160324097,0.6887606382369995,0.6079811453819275,111.48654174804688,330.18328857421875,12.0,15.0,0.1111111111111111,316.44671052631577,-0.011104029605263221,475.78961181640625,0.48684253692626955,1.0,0.6368200866875068,0.41250000000000003,1779451249036655042
24.0,-0.143851637840271,0.69655442237854,0.6250826716423035,145.46591186523438,392.44873046875,10.0,14.0,0.16666666666666666,323.2268597761685,0.010083936800526595,475.4638671875,0.4858245849609375,1.0,0.6313691725152162,0.55,1779451249069927706
27.0,-0.0709526464343071,0.7205774188041687,0.6185135245323181,133.93038940429688,394.6973571777344,8.0,19.0,0.4074074074074074,303.83907568247025,-0.05050288849228046,474.9207763671875,0.48412742614746096,1.0,0.562039894316733,0.55,1779451249103324671
27.0,-0.2697802186012268,0.6858924627304077,0.6361244320869446,124.36898040771484,350.59521484375,10.0,17.0,0.25925925925925924,309.72375840204245,-0.03211325499361735,474.66412353515625,0.4833253860473633,1.0,0.5549675834416246,0.55,1779451249136318370
27.0,-0.22927157580852509,0.6591885685920715,0.608004093170166,128.43182373046875,276.2842712402344,12.0,15.0,0.1111111111111111,314.8374125874126,-0.016133085664335668,474.91796875,0.48411865234375,1.0,0.5264230923422808,0.55,1779451249171376036
27.0,-0.1529030203819275,0.6258735060691833,0.5456390380859375,131.2682342529297,398.7342529296875,12.0,15.0,0.1111111111111111,314.5688038031608,-0.01697248811512253,473.65447998046875,0.48017024993896484,1.0,0.4991504995173608,0.41250000000000003,1779451249203538551
24.0,-0.3348151743412018,0.7208670377731323,0.7071375846862793,161.2504425048828,403.70782470703125,11.0,13.0,0.08333333333333333,181.92153578127505,-0.43149520068351543,474.51031494140625,0.48284473419189455,1.0,0.44429680828854995,0.55,1779451249235836916
26.0,-0.2564946115016937,0.6140928268432617,0.5705133080482483,134.11155700683594,383.86065673828125,12.0,14.0,0.07692307692307693,189.18586387434556,-0.40879417539267016,476.1766357421875,0.4880519866943359,1.0,0.4759745364633324,0.55,1779451249270217525
25.0,-0.2564575672149658,0.6449275016784668,0.6199613809585571,133.57440185546875,314.396240234375,14.0,11.0,-0.12,332.5522547332186,0.03922579604130814,473.5766906738281,0.47992715835571287,1.0,0.5060186163457493,0.41250000000000003,1779451249302920867
25.0,-0.2531586289405823,0.6279422640800476,0.5755322575569153,132.4247589111328,406.509521484375,11.0,14.0,0.12,198.89870689655172,-0.37844154094827587,475.64501953125,0.48639068603515623,1.0,0.4327935530754526,0.55,1779451249336455855
25.0,-0.2520778179168701,0.6708943843841553,0.6248114109039307,148.0941162109375,405.66119384765625,12.0,13.0,0.04,267.0521656134808,-0.16546198245787255,475.22784423828125,0.4850870132446289,1.0,0.4000683489534782,0.55,1779451249369600243
31.0,-0.15311554074287415,0.6766790747642517,0.5732566714286804,106.9032211303711,367.07763671875,9.0,22.0,0.41935483870967744,258.5810810810811,-0.19193412162162157,462.1076354980469,0.4440863609313965,1.0,0.18845844961398436,0.55,1779451249402437114
35.0,-0.08153422921895981,0.6554557681083679,0.5572577118873596,113.6662368774414,369.30340576171875,13.0,22.0,0.2571428571428571,229.99236641221376,-0.281273854961832,475.1844482421875,0.48495140075683596,1.0,-0.10399214081522978,0.55,1779451249437430334
44.0,-0.028134990483522415,0.7070223689079285,0.5918810367584229,96.96188354492188,354.8872985839844,11.0,33.0,0.5,238.88322050290137,-0.2534899359284332,379.6153869628906,0.18629808425903321,1.0,-0.14366477804286548,0.55,1779451249471717515
53.0,-0.1655483990907669,0.661919891834259,0.5597914457321167,91.16203308105469,350.4354553222656,16.0,37.0,0.39622641509433965,230.66027980535281,-0.27918662560827245,369.2821044921875,0.15400657653808594,1.0,0.01368693548271907,0.55,1779451249503959112
51.0,-0.11765684932470322,0.6427886486053467,0.5509793758392334,102.8182144165039,346.83135986328125,14.0,37.0,0.45098039215686275,240.01896551724138,-0.24994073275862067,371.5433349609375,0.1610729217529297,1.0,0.2831099809088001,0.55,1779451249536876832
47.0,0.037297092378139496,0.67212975025177,0.5690913200378418,100.9207763671875,358.49127197265625,13.0,34.0,0.44680851063829785,242.57034358047017,-0.24196767631103072,474.56121826171875,0.4830038070678711,1.0,-0.17946718678957715,0.55,1779451249571222104
52.0,-0.17042891681194305,0.6662951707839966,0.5815802812576294,98.42362976074219,314.9253845214844,15.0,37.0,0.4230769230769231,226.48182665424045,-0.2922442917054986,427.2622985839844,0.33519468307495115,1.0,0.04792038277796434,0.55,1779451249603406031
48.0,-0.0837351605296135,0.7241551876068115,0.6213527321815491,102.37725830078125,351.8138732910156,14.0,34.0,0.4166666666666667,219.74513645583625,-0.31329644857551175,423.4547119140625,0.32329597473144533,1.0,-0.002288487341053913,0.55,1779451249636899521
52.0,-0.2607658803462982,0.7077825665473938,0.6259782314300537,98.96556854248047,317.9449768066406,11.0,41.0,0.5769230769230769,205.23616910941894,-0.35863697153306584,472.05706787109375,0.47517833709716795,1.0,0.23723470306788635,0.55,1779451249670454067
39.0,-0.04102015867829323,0.6192237734794617,0.5271438956260681,109.12611389160156,301.03985595703125,12.0,27.0,0.38461538461538464,239.86371527777777,-0.25042588975694446,431.0924072265625,0.3471637725830078,1.0,0.2786518319399801,0.55,1779451249702198351
42.0,-0.09581030905246735,0.6772728562355042,0.5694561004638672,106.49751281738281,285.776123046875,13.0,29.0,0.38095238095238093,224.47250268528464,-0.2985234291084855,413.2334899902344,0.2913546562194824,1.0,-0.05781479675566467,0.55,1779451249736542683
42.0,-0.12188448011875153,0.6233820915222168,0.5188546180725098,104.77648162841797,278.5677795410156,17.0,25.0,0.19047619047619047,282.3092209856916,-0.1177836844197138,420.09661865234375,0.3128019332885742,1.0,0.38215792590184927,0.55,1779451249769827782
44.0,-0.05043230205774307,0.6042730808258057,0.48145392537117004,91.57467651367188,266.9082336425781,12.0,32.0,0.45454545454545453,300.38490183525397,-0.06129718176483134,463.09454345703125,0.44717044830322267,1.0,0.15370089904067102,0.55,1779451249802192215
40.0,-0.114388108253479,0.6186307668685913,0.5040757060050964,99.38958740234375,290.0430908203125,11.0,29.0,0.45,279.15333969465644,-0.12764581345419862,458.5423583984375,0.43294486999511717,1.0,0.3654860797792823,0.55,1779451249836697550
36.0,-0.08968181163072586,0.676602840423584,0.566270649433136,118.39688873291016,309.55450439453125,10.0,26.0,0.4444444444444444,272.6821428571429,-0.1478683035714285,455.23480224609375,0.422608757019043,1.0,0.3933970430954461,0.55,1779451249870927477
38.0,0.007328196428716183,0.7006027102470398,0.5845916867256165,107.77025604248047,363.0495910644531,12.0,26.0,0.3684210526315789,267.0641363207776,-0.16542457399757,446.9355163574219,0.39667348861694335,1.0,0.06833095123939095,0.55,1779451249902944206
44.0,-0.0010535913752391934,0.5228934288024902,0.41473713517189026,94.3477554321289,322.2452392578125,12.0,32.0,0.45454545454545453,314.43670597378025,-0.01738529383193672,349.90533447265625,0.09345417022705078,1.0,0.4579748547623916,0.41250000000000003,1779451249936312877
41.0,-0.013707373291254044,0.6004135012626648,0.481094628572464,107.79257202148438,381.115478515625,13.0,28.0,0.36585365853658536,311.71807628524044,-0.025881011608623616,380.89593505859375,0.19029979705810546,1.0,0.3134399078864136,0.55,1779451249970610419
34.0,-0.1332363486289978,0.6649362444877625,0.5667325854301453,131.70120239257812,380.2762145996094,13.0,21.0,0.23529411764705882,333.4723594777087,0.042101123367839756,445.09149169921875,0.3909109115600586,1.0,0.4719620199006436,0.55,1779451250003523775
40.0,0.008138641715049744,0.6262596249580383,0.5138205289840698,110.1659927368164,365.85516357421875,12.0,28.0,0.4,300.196752995748,-0.0618851468882875,438.6484375,0.3707763671875,1.0,0.4371711315084597,0.55,1779451250036025792
32.0,0.0232805535197258,0.6443057656288147,0.5380969047546387,119.27859497070312,371.6826477050781,9.0,23.0,0.4375,322.3662789786441,0.007394621808262869,438.16058349609375,0.36925182342529295,1.0,0.46137842912276433,0.41250000000000003,1779451250069643261
39.0,0.011259647086262703,0.6734270453453064,0.5606847405433655,127.43437957763672,369.4604187011719,12.0,27.0,0.38461538461538464,309.7774264271861,-0.03194554241504335,435.5660400390625,0.3611438751220703,1.0,0.4557040040596232,0.55,1779451250102634661
39.0,-0.011503677815198898,0.6572796106338501,0.5278185606002808,113.20780944824219,366.6524353027344,11.0,28.0,0.4358974358974359,326.0376300903424,0.018867594032320058,432.01824951171875,0.3500570297241211,1.0,0.4744845518618227,0.55,1779451250137174645
37.0,0.03652993217110634,0.6270683407783508,0.499568372964859,111.90581512451172,365.8428649902344,10.0,27.0,0.4594594594594595,326.19453350652486,0.019357917207890197,417.55010986328125,0.3048440933227539,1.0,0.46102192244439644,1.0,1779451250170237304
49.0,0.07288981229066849,0.6074923276901245,0.4911766052246094,104.67758178710938,365.8428649902344,8.0,41.0,0.673469387755102,338.92879746835445,0.05915249208860764,377.77789306640625,0.18055591583251954,1.0,0.4945545695905983,1.0,1779451250203437566
57.0,0.08073306828737259,0.44369107484817505,0.33155557513237,75.70529174804688,365.8428649902344,12.0,45.0,0.5789473684210527,327.1058735756918,0.022205854924036927,280.28240966796875,-0.12411746978759766,0.946316146850586,0.5029870290611108,0.41250000000000003,1779451250236510399
44.0,0.1254371702671051,0.6083593964576721,0.5036256909370422,105.7394027709961,365.8428649902344,11.0,33.0,0.5,310.69016873278235,-0.029093222710055145,400.4378662109375,0.2513683319091797,1.0,0.5291536054165293,0.41250000000000003,1779451250269669836
55.0,0.16352368891239166,0.5803540945053101,0.4881088137626648,95.24090576171875,365.8428649902344,13.0,42.0,0.5272727272727272,324.146017699115,0.012956305309734439,372.76458740234375,0.16488933563232422,1.0,0.5380483811740174,0.55,1779451250303346200
75.0,0.017988145351409912,0.6378162503242493,0.488772988319397,83.52000427246094,342.5463562011719,15.0,60.0,0.6,339.25,0.06015625,411.35125732421875,0.2854726791381836,1.0,0.5849933183238002,0.55,1779451250337155208
62.0,0.09473516792058945,0.6036784648895264,0.47357094287872314,90.83155059814453,344.7680358886719,15.0,47.0,0.5161290322580645,324.15936883629195,0.012998027613412334,370.25213623046875,0.15703792572021485,1.0,0.38663814757761467,1.0,1779451250370029778
53.0,0.1677117496728897,0.5640179514884949,0.4809563457965851,95.56437683105469,329.50872802734375,13.0,40.0,0.5094339622641509,305.79411764705884,-0.04439338235294112,391.724365234375,0.22413864135742187,1.0,0.5593647359677398,0.75,1779451250437465886
65.0,0.11688053607940674,0.556159496307373,0.4448826014995575,84.71597290039062,293.42462158203125,15.0,50.0,0.5384615384615384,303.8880994965554,-0.050349689073264335,426.0011901855469,0.331253719329834,1.0,0.5503656216480597,0.55,1779451250469298211
61.0,0.07880175858736038,0.5328341722488403,0.41194942593574524,91.3947982788086,312.025634765625,15.0,46.0,0.5081967213114754,340.2164473684211,0.06317639802631589,356.1583251953125,0.11299476623535157,1.0,0.575507778791514,1.0,1779451250502435887
59.0,0.071344755589962,0.5361440777778625,0.4170331358909607,92.20902252197266,296.222900390625,15.0,44.0,0.4915254237288136,333.8550724637681,0.043297101449275385,396.46771240234375,0.2389616012573242,1.0,0.5604544215228707,0.55,1779451250535200485
60.0,0.04053255543112755,0.621258020401001,0.48540517687797546,93.44287872314453,296.222900390625,16.0,44.0,0.4666666666666667,326.390854978355,0.019971421807359314,378.1878356933594,0.18183698654174804,1.0,0.539212564808189,0.55,1779451250571578615
74.0,0.051584113389253616,0.48955678939819336,0.36731407046318054,81.79753112792969,260.51678466796875,20.0,54.0,0.4594594594594595,339.3650427913101,0.060515758722844024,259.8421325683594,-0.18799333572387694,1.0,0.561295560084996,0.55,1779451250603916533
70.0,0.05552685633301735,0.5440831184387207,0.41297295689582825,81.09806060791016,261.33502197265625,20.0,50.0,0.42857142857142855,330.9847048625674,0.03432720269552316,369.36798095703125,0.15427494049072266,1.0,0.5124511967189829,0.55,1779451250636495069
71.0,0.0007477595936506987,0.5363156795501709,0.39697539806365967,84.21223449707031,262.7279968261719,21.0,50.0,0.4084507042253521,312.55879612934245,-0.02325376209580483,328.64154052734375,0.027004814147949217,1.0,0.6683345229052584,0.55,1779451250669241632
61.0,0.1485648900270462,0.5765091776847839,0.4631880819797516,86.45503997802734,254.82542419433594,17.0,44.0,0.4426229508196721,305.37599206349205,-0.045700024801587344,392.6246643066406,0.22695207595825195,1.0,0.6254433674255013,0.55,1779451250703727491
68.0,0.1065581813454628,0.5658257603645325,0.44791388511657715,85.29690551757812,271.2213134765625,20.0,48.0,0.4117647058823529,327.2889705882353,0.02277803308823536,391.91168212890625,0.22472400665283204,1.0,0.62566575475365,0.55,1779451250738296588
65.0,0.016654204577207565,0.5232633948326111,0.3856721818447113,82.75831604003906,249.01806640625,20.0,45.0,0.38461538461538464,351.349605353466,0.0979675167295813,317.5034484863281,-0.007801723480224609,1.0,0.5847999919458478,0.55,1779451250770460557
58.0,0.05674387142062187,0.5650511980056763,0.42420998215675354,90.712890625,249.33912658691406,20.0,38.0,0.3103448275862069,329.1347926267281,0.028546226958525267,329.7493896484375,0.030466842651367187,1.0,0.6911129699269953,1.0,1779451250836094954
59.0,0.06425592303276062,0.5472016334533691,0.4231732487678528,81.53962707519531,249.33912658691406,25.0,34.0,0.15254237288135594,308.7907986111111,-0.03502875434027786,361.777587890625,0.13055496215820311,1.0,0.7082070619686893,0.75,1779451250868019485
59.0,0.10198657959699631,0.5079803466796875,0.388759970664978,87.01072692871094,267.3667907714844,22.0,37.0,0.2542372881355932,344.43939393939394,0.07637310606060606,403.4427185058594,0.2607584953308105,1.0,0.633909954822788,0.5,1779451250904543444
65.0,0.044184744358062744,0.542361855506897,0.39914485812187195,83.42707061767578,248.50955200195312,22.0,43.0,0.3230769230769231,318.0457792207792,-0.006106939935065015,320.0933532714844,0.00029172897338867185,1.0,0.6446565754096354,1.0,1779451250939799399
54.0,0.1482139676809311,0.5994594097137451,0.47340548038482666,92.74447631835938,278.1833801269531,19.0,35.0,0.2962962962962963,304.7082088726629,-0.04778684727292841,331.7550354003906,0.036734485626220705,1.0,0.5991199775230471,0.41250000000000003,1779451250969546198
65.0,0.19089509546756744,0.5578471422195435,0.4463501274585724,85.71949005126953,257.1089172363281,22.0,43.0,0.3230769230769231,304.72826086956525,-0.047724184782608606,334.568603515625,0.045526885986328126,1.0,0.6844534146544178,0.41250000000000003,1779451251002965601
61.0,0.07888883352279663,0.5537819266319275,0.41792210936546326,86.87242126464844,267.3667907714844,21.0,40.0,0.3114754098360656,333.5184210526316,0.042245065789473735,350.3597412109375,0.09487419128417969,1.0,0.6578272114364315,1.0,1779451251036325530
62.0,0.11598493903875351,0.5526921153068542,0.4087085425853729,81.0738754272461,252.9446563720703,23.0,39.0,0.25806451612903225,297.46875,-0.07041015625,289.10516357421875,-0.0965463638305664,1.0,0.6730322456525653,1.0,1779451251069317637
78.0,0.13662514090538025,0.5290931463241577,0.4089452922344208,79.04893493652344,260.1557312011719,26.0,52.0,0.3333333333333333,352.0,0.1,306.0089111328125,-0.04372215270996094,0.9881116867065429,0.6710174155201882,0.55,1779451251104220246
66.0,0.20355848968029022,0.6245744824409485,0.5333074927330017,90.31021881103516,249.35316467285156,23.0,43.0,0.30303030303030304,271.0145631067961,-0.15307949029126214,335.97955322265625,0.049936103820800784,1.0,0.699984860343442,0.55,1779451251137520936
77.0,0.20560812950134277,0.5457136631011963,0.44382303953170776,84.70995330810547,256.5502014160156,22.0,55.0,0.42857142857142855,285.68470790378007,-0.10723528780068729,413.02606201171875,0.2907064437866211,1.0,0.6992486680341404,0.55,1779451251169470305
63.0,0.1432863026857376,0.5037322640419006,0.37848323583602905,82.61582946777344,244.36448669433594,22.0,41.0,0.30158730158730157,281.58333333333337,-0.12005208333333321,318.5638427734375,-0.0044879913330078125,1.0,0.7503641128703771,0.75,1779451251235878852
70.0,0.21042028069496155,0.5374376177787781,0.4481546878814697,79.87295532226562,242.14251708984375,22.0,48.0,0.37142857142857144,273.7921100917431,-0.14439965596330281,260.426025390625,-0.18616867065429688,0.9984119415283204,0.7220273144304092,0.75,1779451251303349963
47.0,0.24868248403072357,0.6225070357322693,0.5722761750221252,107.26921081542969,259.824951171875,14.0,33.0,0.40425531914893614,253.90257352941174,-0.2065544577205883,308.2652282714844,-0.03667116165161133,1.0,0.7607512716639084,0.41250000000000003,1779451251337298982
35.0,0.11416687071323395,0.6490461826324463,0.511353075504303,95.29948425292969,244.4360809326172,13.0,22.0,0.2571428571428571,244.20752023938468,-0.2368514992519229,326.82720947265625,0.021335029602050783,1.0,0.7554640870036751,0.75,1779451251370441591
36.0,0.12575644254684448,0.6779465675354004,0.5622068047523499,106.61805725097656,241.05186462402344,13.0,23.0,0.2777777777777778,259.7074748168498,-0.18841414119734434,319.525634765625,-0.001482391357421875,1.0,0.6825236877382932,0.75,1779451251403672381
38.0,0.11472580581903458,0.7073309421539307,0.5797954797744751,107.2646713256836,246.58670043945312,14.0,24.0,0.2631578947368421,322.6359994172494,0.008237498178904446,322.4315185546875,0.007598495483398438,1.0,0.7323188739792416,1.0,1779451251437507857
36.0,0.1927770972251892,0.6287409663200378,0.5197198390960693,102.09268188476562,250.19192504882812,12.0,24.0,0.3333333333333333,241.57830658550085,-0.24506779192030984,315.71978759765625,-0.013375663757324218,1.0,0.7651366512823932,0.75,1779451251469205291
45.0,0.1297282576560974,0.6153469085693359,0.47764429450035095,91.15625762939453,255.0,18.0,27.0,0.2,262.2652207001522,-0.18042118531202433,281.2794189453125,-0.12100181579589844,1.0,0.7330663228112559,0.75,1779451251504880595
43.0,0.13796135783195496,0.64252108335495,0.5025389194488525,95.35717010498047,256.40008544921875,17.0,26.0,0.20930232558139536,242.97599573257466,-0.24070001333570418,266.440673828125,-0.16737289428710939,1.0,0.7167524999648576,0.55,1779451251536235575
40.0,0.062283553183078766,0.6419439911842346,0.4592207968235016,95.51201629638672,256.40008544921875,16.0,24.0,0.2,346.1522277227723,0.08172571163366342,320.36083984375,0.00112762451171875,1.0,0.7160624689303364,1.0,1779451251572123415
41.0,0.11682993918657303,0.6266220808029175,0.4769831895828247,105.11019897460938,256.40008544921875,15.0,26.0,0.2682926829268293,246.56802881027022,-0.22947490996790557,318.228515625,-0.005535888671875,1.0,0.6797862170603796,0.75,1779451251603598181
41.0,0.17016249895095825,0.6144900321960449,0.48991939425468445,97.01667022705078,259.3260498046875,17.0,24.0,0.17073170731707318,255.98649703010167,-0.20004219678093227,305.84783935546875,-0.04422550201416016,1.0,0.7322193728925112,0.75,1779451251636832677
35.0,0.08210648596286774,0.7150351405143738,0.5916604995727539,109.2530288696289,257.8003234863281,13.0,22.0,0.2571428571428571,329.8715473790323,0.030848585559475873,317.45208740234375,-0.007962226867675781,1.0,0.7178208668426358,1.0,1779451251669817444
47.0,0.13756556808948517,0.6485779881477356,0.5241076946258545,93.81981658935547,255.60125732421875,18.0,29.0,0.23404255319148937,265.0528069813784,-0.17170997818319247,316.4395751953125,-0.011126327514648437,1.0,0.6875476962075291,1.0,1779451251703689853
42.0,-0.04587811976671219,0.6396768689155579,0.4827624261379242,96.5877685546875,257.001953125,20.0,22.0,0.047619047619047616,267.2138849929874,-0.16495660939691437,290.80975341796875,-0.09121952056884766,1.0,0.689153265220569,1.0,1779451251736881137
48.0,0.10654386132955551,0.5873489379882812,0.4359622895717621,91.57238006591797,257.001953125,20.0,28.0,0.16666666666666666,234.18040514856034,-0.2681862339107489,351.28509521484375,0.09776592254638672,1.0,0.711719243431133,0.75,1779451251768436944
52.0,0.07113165408372879,0.6127610206604004,0.4568883180618286,94.58757781982422,236.21177673339844,22.0,30.0,0.15384615384615385,257.972202020202,-0.1938368686868687,316.8081359863281,-0.00997457504272461,1.0,0.686258500647611,0.55,1779451251837354952
50.0,0.044011011719703674,0.646727442741394,0.48195865750312805,96.64157104492188,240.7841339111328,22.0,28.0,0.12,226.88357612781954,-0.29098882460056397,294.511962890625,-0.07965011596679687,1.0,0.695634185538956,0.55,1779451251868987301
52.0,0.07165025919675827,0.5300048589706421,0.3573877513408661,85.66685485839844,260.7623291015625,21.0,31.0,0.19230769230769232,249.33925306688923,-0.22081483416597117,272.3851318359375,-0.1487964630126953,1.0,0.6900941482031004,0.41250000000000003,1779451251903357629
45.0,0.003009933978319168,0.597565233707428,0.43218955397605896,92.58796691894531,261.33502197265625,18.0,27.0,0.2,236.89935064935065,-0.2596895292207792,346.7388000488281,0.08355875015258789,1.0,0.6689974532054613,0.55,1779451251936668061
47.0,0.0744146853685379,0.5554266571998596,0.39286166429519653,89.02593994140625,252.241943359375,19.0,28.0,0.19148936170212766,233.09213464803446,-0.27158707922489234,253.0145263671875,-0.20932960510253906,1.0,0.6109290203410707,0.75,1779451251969667989
54.0,0.014106069691479206,0.5322345495223999,0.3501896262168884,89.15347290039062,257.73046875,24.0,30.0,0.1111111111111111,225.89470927187008,-0.294079033525406,242.56622314453125,-0.24198055267333984,1.0,0.6831078334207408,0.55,1779451252002513809
50.0,0.09113499522209167,0.5503960251808167,0.36638104915618896,92.33746337890625,258.5498046875,22.0,28.0,0.12,226.1300372075424,-0.29334363372643,310.39776611328125,-0.030006980895996092,1.0,0.6797884536194522,0.41250000000000003,1779451252069335823
51.0,0.031469471752643585,0.6289723515510559,0.4442059397697449,86.17386627197266,259.824951171875,22.0,29.0,0.13725490196078433,229.45871518418687,-0.282941515049416,314.7210998535156,-0.016496562957763673,1.0,0.6220967684229763,0.55,1779451252102839881
31.0,0.08371967077255249,0.6898797750473022,0.5583680868148804,110.21842956542969,252.241943359375,12.0,19.0,0.22580645161290322,223.0911880409127,-0.3028400373721478,309.49334716796875,-0.032833290100097653,1.0,0.6227977703048104,0.41250000000000003,1779451252168667462
47.0,-0.02910601533949375,0.6226348876953125,0.430338054895401,97.24776458740234,250.04998779296875,20.0,27.0,0.14893617021276595,223.1007932150261,-0.30281002120304346,242.69021606445312,-0.241593074798584,1.0,0.6027990793844453,0.55,1779451252202365045
54.0,-0.05861827731132507,0.6755388379096985,0.4739011526107788,93.3216323852539,250.83859252929688,27.0,27.0,0.0,367.3171669560903,0.14786614673778226,306.76837158203125,-0.041348838806152345,1.0,0.5994513979658566,0.55,1779451252236405652
59.0,-0.06716392934322357,0.6679415106773376,0.4522989094257355,89.61228942871094,251.3404083251953,33.0,26.0,-0.11864406779661017,348.247572815534,0.08827366504854375,242.29104614257812,-0.24284048080444337,1.0,0.5332290318064342,0.55,1779451252269939532
60.0,-0.08428207784891129,0.6424031257629395,0.42871174216270447,88.65679168701172,250.83859252929688,32.0,28.0,-0.06666666666666667,284.7074025974026,-0.11028936688311682,284.0039367675781,-0.11248769760131835,1.0,0.5745310114813392,0.55,1779451252303416941
45.0,-0.08298171311616898,0.6394256949424744,0.44217246770858765,104.58539581298828,250.52145385742188,24.0,21.0,-0.06666666666666667,221.4108946831701,-0.3080909541150934,279.28167724609375,-0.12724475860595702,1.0,0.6411969966716801,0.55,1779451252336488742
50.0,-0.026398729532957077,0.533157229423523,0.33025482296943665,92.91822052001953,259.12353515625,25.0,25.0,0.0,219.5337086092715,-0.3139571605960265,239.23831176757812,-0.2523802757263184,1.0,0.6713364739701698,0.55,1779451252369340518
43.0,0.02392147295176983,0.5952786207199097,0.4149954915046692,98.94747924804688,257.15753173828125,20.0,23.0,0.06976744186046512,216.94514713474445,-0.32204641520392363,336.7958984375,0.0524871826171875,1.0,0.7074368846510977,0.55,1779451252402573199
43.0,-0.029319114983081818,0.5930905342102051,0.42780059576034546,98.66829681396484,256.3376770019531,22.0,21.0,-0.023255813953488372,206.41641201264488,-0.35494871246048476,301.18353271484375,-0.058801460266113284,1.0,0.6837385926809796,0.55,1779451252437057093
53.0,0.036802954971790314,0.6081404089927673,0.4083135724067688,87.83051300048828,256.9124450683594,23.0,30.0,0.1320754716981132,335.09816986496094,0.04718178082800293,346.4754943847656,0.08273591995239257,1.0,-0.9829068916843214,0.55,1779451252469737869
47.0,0.009079588577151299,0.5523030757904053,0.3527543544769287,94.48828887939453,255.51907348632812,21.0,26.0,0.10638297872340426,207.65618342471976,-0.35107442679775075,336.879638671875,0.05274887084960937,1.0,-0.9872960429445155,1.0,1779451252503271997
48.0,-0.10044684261083603,0.6616618037223816,0.46549496054649353,98.41925048828125,254.12594604492188,26.0,22.0,-0.08333333333333333,269.4657353495013,-0.15791957703280843,234.96678161621094,-0.2657288074493408,1.0,-1.0016922538353432,0.55,1779451252539846012
48.0,-0.05447341501712799,0.5544313192367554,0.3576304614543915,88.83341217041016,246.9169921875,24.0,24.0,0.0,204.97847610848044,-0.3594422621609986,294.6593017578125,-0.07918968200683593,1.0,-1.0047239802771473,0.55,1779451252570930706
53.0,-0.011140006594359875,0.561475932598114,0.3555986285209656,88.05458068847656,245.52392578125,30.0,23.0,-0.1320754716981132,265.7480810234541,-0.16953724680170587,295.20367431640625,-0.07748851776123047,1.0,-0.9980089005370467,0.55,1779451252603564903
47.0,0.016581911593675613,0.48902779817581177,0.299831360578537,86.79124450683594,261.33502197265625,21.0,26.0,0.10638297872340426,201.9224464763604,-0.36899235476137376,291.629150390625,-0.08865890502929688,1.0,-1.0144880184837128,0.55,1779451252636703069
51.0,0.010422423481941223,0.5653057098388672,0.38188448548316956,90.10808563232422,262.7279968261719,25.0,26.0,0.0196078431372549,199.22799999999998,-0.37741250000000004,289.78924560546875,-0.09440860748291016,1.0,-0.9693724707643399,0.55,1779451252669227842
46.0,0.04862647131085396,0.4928373396396637,0.30137741565704346,87.251220703125,254.12594604492188,21.0,25.0,0.08695652173913043,192.00360576923077,-0.3999887319711538,361.69854736328125,0.1303079605102539,1.0,-0.958682402511616,1.0,1779451252736463690
50.0,0.002424886217340827,0.5552038550376892,0.36082908511161804,84.51603698730469,261.33502197265625,25.0,25.0,0.0,191.63464979177596,-0.40114171940070015,280.855224609375,-0.12232742309570313,1.0,-1.0133251705276058,0.55,1779451252802229810
49.0,8.062348933890462e-05,0.5044857263565063,0.3111751079559326,90.47445678710938,243.35365295410156,24.0,25.0,0.02040816326530612,181.8358113162502,-0.43176308963671817,206.79547119140625,-0.35376415252685545,1.0,-0.9562569673064552,0.55,1779451252836457418
46.0,0.02422124333679676,0.5051381587982178,0.3338383734226227,87.51744079589844,241.11822509765625,21.0,25.0,0.08695652173913043,159.47727272727272,-0.5016335227272728,337.7480773925781,0.05546274185180664,1.0,-0.9378279314057736,0.55,1779451252868681520
46.0,0.09666522592306137,0.5544336438179016,0.3785967528820038,91.24652862548828,242.47061157226562,21.0,25.0,0.08695652173913043,301.2570093457944,-0.05857184579439245,270.231689453125,-0.15552597045898436,1.0,-0.9643621066618423,0.55,1779451252902486981
46.0,0.014401102438569069,0.4831221401691437,0.2995772361755371,80.66264343261719,239.08157348632812,22.0,24.0,0.043478260869565216,212.01672240802677,-0.3374477424749164,195.1046142578125,-0.39029808044433595,1.0,-1.010592380915327,0.55,1779451252935538540
44.0,-0.014188461937010288,0.4681652784347534,0.27803295850753784,90.86756896972656,257.93798828125,20.0,24.0,0.09090909090909091,279.67946025412164,-0.1260016867058699,265.3331298828125,-0.17083396911621093,1.0,-0.9456003558510963,0.41250000000000003,1779451252968878823
48.0,0.03885088488459587,0.5614956021308899,0.3693089485168457,90.09793853759766,257.93798828125,21.0,27.0,0.125,290.27681510257196,-0.09288495280446263,261.72198486328125,-0.1821187973022461,1.0,-0.9448452634664527,0.55,1779451253006958166
46.0,0.0536477155983448,0.5736072659492493,0.3863344192504883,88.05680847167969,255.72055053710938,19.0,27.0,0.17391304347826086,287.5650641025641,-0.10135917467948712,258.5605773925781,-0.19199819564819337,1.0,-0.8765149429378973,1.0,1779451253037278438
44.0,0.08785896003246307,0.5696303248405457,0.38651779294013977,80.99408721923828,255.72055053710938,20.0,24.0,0.09090909090909091,283.4004652217089,-0.11437354618215974,258.05084228515625,-0.19359111785888672,1.0,-0.9238487410120797,0.55,1779451253069559212
55.0,0.04185820370912552,0.5541459918022156,0.37161949276924133,81.59266662597656,255.72055053710938,26.0,29.0,0.05454545454545454,281.1498445299075,-0.12140673584403902,255.54721069335938,-0.20141496658325195,1.0,-0.9514606691185173,0.55,1779451253102272927
52.0,0.021205324679613113,0.6336326599121094,0.4218903183937073,79.16865539550781,246.29251098632812,22.0,30.0,0.15384615384615385,288.21383647798746,-0.0993317610062892,309.9637756347656,-0.03136320114135742,0.9896081924438477,-0.9502656743861311,0.55,1779451253136622317
49.0,0.06557018309831619,0.5136664509773254,0.3387647867202759,90.25608825683594,257.93798828125,21.0,28.0,0.14285714285714285,276.46617343800875,-0.13604320800622266,250.93251037597656,-0.21583590507507325,1.0,-0.9133366770920179,0.55,1779451253169410644
48.0,0.0813150480389595,0.47829678654670715,0.30546900629997253,81.79136657714844,252.11505126953125,21.0,27.0,0.125,322.72463768115944,0.008514492753623237,247.3453826904297,-0.22704567909240722,1.0,-0.9242700422587593,0.55,1779451253202825719
42.0,0.008214990608394146,0.4749775826931,0.30020490288734436,74.75357818603516,190.11837768554688,18.0,24.0,0.14285714285714285,308.7906364468864,-0.035029261103479925,239.66107177734375,-0.25105915069580076,0.9344197273254394,-1.0937289698850772,0.55,1779451253269509737
43.0,0.03437276557087898,0.550576388835907,0.3705340623855591,88.63456726074219,241.11822509765625,16.0,27.0,0.2558139534883721,278.9125766871166,-0.12839819785276063,205.75778198242188,-0.35700693130493166,1.0,-0.9032445488326654,0.55,1779451253302029051
49.0,0.07958988100290298,0.5181105732917786,0.3613593876361847,83.47786712646484,241.11822509765625,19.0,30.0,0.22448979591836735,129.59422348484847,-0.5950180516098486,231.55508422851562,-0.27639036178588866,1.0,-0.9371733078244197,0.55,1779451253335472701
53.0,0.13162751495838165,0.5061023235321045,0.34637296199798584,77.32695770263672,243.35365295410156,21.0,32.0,0.20754716981132076,123.62053378141557,-0.6136858319330762,228.09140014648438,-0.2872143745422363,0.966586971282959,-0.8874590751017282,0.55,1779451253369225797
49.0,0.05121983215212822,0.5344774127006531,0.36013489961624146,85.16844940185547,251.57504272460938,20.0,29.0,0.1836734693877551,272.1979484941074,-0.14938141095591445,197.00469970703125,-0.38436031341552734,1.0,-0.882830355568695,0.55,1779451253402593203
54.0,0.028883066028356552,0.49234122037887573,0.3212698698043823,76.23535919189453,244.91018676757812,25.0,29.0,0.07407407407407407,235.34375,-0.26455078125,278.09405517578125,-0.1309560775756836,0.9529419898986816,-0.9341402425525188,0.55,1779451253435845367
51.0,0.06659772992134094,0.482484370470047,0.31688666343688965,79.9627685546875,252.95849609375,23.0,28.0,0.09803921568627451,231.96951401311867,-0.27509526870900414,224.03125,-0.29990234375,0.9995346069335938,-0.8532651751958843,0.55,1779451253469824718
48.0,0.12113315612077713,0.5080106854438782,0.35962989926338196,86.66854095458984,237.03375244140625,19.0,29.0,0.20833333333333334,290.7867647058824,-0.09129136029411758,226.08200073242188,-0.29349374771118164,1.0,-0.9128799352570707,0.55,1779451253502622505
50.0,0.043084777891635895,0.49752694368362427,0.32260414958000183,82.28985595703125,244.3767547607422,20.0,30.0,0.2,240.2345792211256,-0.24926693993398247,223.6753692626953,-0.30101447105407714,1.0,-0.8733274345455904,0.55,1779451253535998583
48.0,0.09165805578231812,0.5672215223312378,0.39800024032592773,84.95230102539062,244.86119079589844,25.0,23.0,-0.041666666666666664,237.6561442297194,-0.2573245492821269,227.15643310546875,-0.29013614654541015,1.0,-0.8890517276183836,0.55,1779451253568396892
51.0,0.07050589472055435,0.4747890532016754,0.3139810860157013,78.46524810791016,246.66171264648438,21.0,30.0,0.17647058823529413,157.2145489251373,-0.5087045346089459,220.61741638183594,-0.3105705738067627,0.9808156013488769,-0.9267650368728612,0.55,1779451253608949053
53.0,0.0876426175236702,0.4947509467601776,0.32796427607536316,77.09266662597656,246.66171264648438,24.0,29.0,0.09433962264150944,171.84547206165703,-0.46298289980732177,226.83636474609375,-0.291136360168457,0.963658332824707,-0.9276567861668249,0.55,1779451253641859680
49.0,-0.00019733060616999865,0.5472711324691772,0.36816102266311646,89.42242431640625,248.8875274658203,22.0,27.0,0.10204081632653061,259.53516940756884,-0.18895259560134736,270.415771484375,-0.15495071411132813,1.0,-0.8825912151985029,0.55,1779451253671382966
55.0,-0.03204425424337387,0.55553138256073,0.3690732717514038,88.14863586425781,251.113525390625,28.0,27.0,-0.01818181818181818,257.9211457298908,-0.1939964195940913,276.38067626953125,-0.13631038665771483,1.0,-0.8562929904929886,0.55,1779451253702966303
57.0,0.08193901181221008,0.49776628613471985,0.3234046399593353,72.7628402709961,244.59762573242188,28.0,29.0,0.017543859649122806,113.30392156862743,-0.6459252450980393,201.70361328125,-0.36967620849609373,0.9095355033874511,-0.8560320324832339,0.55,1779451253736282144
50.0,0.046464234590530396,0.5804412961006165,0.41178762912750244,89.67937469482422,249.73585510253906,22.0,28.0,0.12,256.1856430275428,-0.19941986553892868,224.29556274414062,-0.29907636642456054,1.0,-0.906702517649976,0.55,1779451253769377330
50.0,0.07563349604606628,0.5451205372810364,0.3743361234664917,82.61620330810547,248.1954803466797,23.0,27.0,0.08,231.44245040133274,-0.2767423424958352,189.70472717285156,-0.40717272758483886,1.0,-0.9161130731783197,0.55,1779451253802038423
49.0,0.07995513081550598,0.5385892987251282,0.373168021440506,88.29374694824219,247.32974243164062,22.0,27.0,0.10204081632653061,236.5344565877353,-0.2608298231633272,186.2725830078125,-0.41789817810058594,1.0,-0.9440496055956629,0.55,1779451253836625290
47.0,0.07665466517210007,0.5159434676170349,0.35304397344589233,87.03815460205078,236.83961486816406,21.0,26.0,0.10638297872340426,170.465728962818,-0.4672945969911938,225.38623046875,-0.29566802978515627,1.0,-0.8786739372810471,0.55,1779451253869650908
50.0,0.04746711254119873,0.5831526517868042,0.4232751131057739,92.26910400390625,236.83961486816406,23.0,27.0,0.08,199.036541005291,-0.3780108093584656,225.03335571289062,-0.2967707633972168,1.0,-0.935812145852706,0.55,1779451253902468440
46.0,0.05052731931209564,0.541741132736206,0.38182640075683594,91.14537048339844,249.3591766357422,21.0,25.0,0.08695652173913043,267.3709677419355,-0.1644657258064516,226.20811462402344,-0.29309964179992676,1.0,-0.9068031574221186,0.55,1779451253935817436
48.0,0.04497285187244415,0.5460070967674255,0.3897666037082672,91.276123046875,249.3591766357422,22.0,26.0,0.08333333333333333,151.20650584795322,-0.5274796692251462,298.5818786621094,-0.0669316291809082,1.0,-0.9258165764560596,0.55,1779451253970242603
51.0,0.18025514483451843,0.5647889971733093,0.4375962018966675,85.99871826171875,249.3591766357422,22.0,29.0,0.13725490196078433,113.48589285714286,-0.6453565848214285,224.10220336914062,-0.29968061447143557,1.0,-0.9011398969534962,0.55,1779451254003286269
49.0,0.12240689992904663,0.5817692279815674,0.42593052983283997,94.2104721069336,250.73092651367188,21.0,28.0,0.14285714285714285,135.62860310421286,-0.5761606152993348,190.53875732421875,-0.4045663833618164,1.0,-0.9249908948794928,0.55,1779451254036240411
52.0,0.11577662825584412,0.5456281304359436,0.39358311891555786,90.35956573486328,251.24688720703125,23.0,29.0,0.11538461538461539,128.28536585365853,-0.5991082317073171,210.94606018066406,-0.3407935619354248,1.0,-0.9207739510446674,0.55,1779451254071129960
48.0,0.0830608680844307,0.5805933475494385,0.42903217673301697,92.77581787109375,245.96340942382812,23.0,25.0,0.041666666666666664,222.3220588235294,-0.30524356617647064,224.2423095703125,-0.2992427825927734,1.0,-0.9110577684238588,0.55,1779451254105304819
52.0,0.10853726416826248,0.5159127712249756,0.36169540882110596,77.77881622314453,239.06903076171875,22.0,30.0,0.15384615384615385,154.49559686888455,-0.5172012597847357,188.36373901367188,-0.4113633155822754,0.9722352027893066,-0.9730600393124631,0.55,1779451254138484957
62.0,0.0723453238606453,0.537034273147583,0.38182204961776733,83.75498962402344,250.73092651367188,31.0,31.0,0.0,184.25,-0.42421875,195.10568237304688,-0.3902947425842285,1.0,-0.942854578528669,0.55,1779451254171929243
63.0,0.10035497695207596,0.5238440036773682,0.36634960770606995,86.97845458984375,250.73092651367188,27.0,36.0,0.14285714285714285,219.0258865248227,-0.31554410460992904,193.63900756835938,-0.39487810134887696,1.0,-0.7274588864011783,1.0,1779451254205247475
77.0,0.16909773647785187,0.5103892087936401,0.37163808941841125,78.40636444091797,250.73092651367188,31.0,46.0,0.19480519480519481,285.6739583333333,-0.10726888020833343,196.09889221191406,-0.3871909618377686,0.9800795555114746,-1.0675048324804344,1.0,1779451254237805298
79.0,0.11722638458013535,0.621698260307312,0.45258259773254395,82.35892486572266,249.87396240234375,37.0,42.0,0.06329113924050633,217.8060344827586,-0.31935614224137937,201.5233154296875,-0.3702396392822266,1.0,-1.023212945806033,1.0,1779451254273432627
72.0,0.12763375043869019,0.5391998887062073,0.39205753803253174,80.95712280273438,249.87396240234375,31.0,41.0,0.1388888888888889,258.09619347535846,-0.1934493953895048,285.5062255859375,-0.10779304504394531,1.0,-1.0153993343163064,1.0,1779451254305225181
69.0,0.13133364915847778,0.485818088054657,0.34894993901252747,78.149658203125,249.3591766357422,31.0,38.0,0.10144927536231885,171.42982456140348,-0.4642817982456141,287.8262939453125,-0.10054283142089844,0.9768707275390625,-0.9799143023045263,0.55,1779451254337664677
73.0,0.08568090200424194,0.5250585079193115,0.34109580516815186,76.43982696533203,250.73092651367188,34.0,39.0,0.0684931506849315,238.17016129032257,-0.25571824596774195,185.81005859375,-0.41934356689453123,0.9554978370666504,-0.994461239156216,1.0,1779451254372442404
64.0,0.09028883278369904,0.5300790071487427,0.3798249363899231,79.40922546386719,249.3591766357422,27.0,37.0,0.15625,276.88235294117646,-0.13474264705882355,325.25140380859375,0.016410636901855468,0.9926153182983398,-0.9751689415911886,0.55,1779451254404536334
64.0,0.07232167571783066,0.5064639449119568,0.3340320289134979,75.10089874267578,249.3591766357422,31.0,33.0,0.03125,259.43507211120266,-0.1892653996524917,198.500244140625,-0.3796867370605469,0.9387612342834473,-0.7649486107045642,1.0,1779451254437649348
63.0,0.10488826036453247,0.5374969244003296,0.37779128551483154,82.0138931274414,246.27220153808594,31.0,32.0,0.015873015873015872,168.46153846153845,-0.47355769230769235,264.3184814453125,-0.17400474548339845,1.0,-0.9977576001464098,0.55,1779451254471224459
57.0,0.050077103078365326,0.5228766202926636,0.34461870789527893,87.67012786865234,241.29856872558594,26.0,31.0,0.08771929824561403,189.41666666666666,-0.4080729166666667,247.5111541748047,-0.22652764320373536,1.0,-0.9767222287713514,0.55,1779451254504215392
61.0,0.05895058065652847,0.5275362133979797,0.36659011244773865,85.46129608154297,247.32974243164062,27.0,34.0,0.11475409836065574,171.61903681617835,-0.46369050994944266,240.33132934570312,-0.24896459579467772,1.0,-0.997785677566228,0.55,1779451254536350730
73.0,0.12909340858459473,0.5266661047935486,0.3579399287700653,76.98976135253906,245.0979461669922,27.0,46.0,0.2602739726027397,212.05649533723704,-0.33732345207113423,287.2227478027344,-0.10242891311645508,0.9623720169067382,-0.9734701969822454,1.0,1779451254570259234
58.0,0.07585389167070389,0.4811799228191376,0.31950613856315613,86.53584289550781,250.73092651367188,23.0,35.0,0.20689655172413793,155.54347304164108,-0.5139266467448717,245.53076171875,-0.23271636962890624,1.0,-0.9454423126159242,0.55,1779451254602534988
62.0,0.084747314453125,0.5594500303268433,0.37769249081611633,86.1286392211914,247.32974243164062,27.0,35.0,0.12903225806451613,282.7102794633413,-0.11653037667705846,279.8279113769531,-0.12553777694702148,1.0,-1.0063598724704113,0.55,1779451254635505353
57.0,0.053992755711078644,0.5168464779853821,0.33194002509117126,88.97073364257812,248.5015106201172,25.0,32.0,0.12280701754385964,201.45967741935485,-0.3704385080645161,273.4990539550781,-0.14531545639038085,1.0,-0.9758956566807092,0.55,1779451254668353410
62.0,0.05097771808505058,0.504987895488739,0.3224148452281952,81.06991577148438,244.8999786376953,25.0,37.0,0.1935483870967742,314.6446280991736,-0.016735537190082538,225.68853759765625,-0.2947233200073242,1.0,-1.033112859504871,0.55,1779451254702276192
58.0,0.06831154972314835,0.573364794254303,0.4078773260116577,90.22004699707031,246.27220153808594,21.0,37.0,0.27586206896551724,256.6148133279807,-0.1980787083500603,300.17352294921875,-0.06195774078369141,1.0,-1.0447776965439937,0.55,1779451254735811320
60.0,0.08872702717781067,0.525111973285675,0.3425982594490051,88.72005462646484,244.8999786376953,25.0,35.0,0.16666666666666666,210.3769230769231,-0.3425721153846153,262.39239501953125,-0.18002376556396485,1.0,-0.8223410416059872,1.0,1779451254768882143
55.0,0.11512353271245956,0.5477907061576843,0.3689643144607544,89.16930389404297,244.8999786376953,22.0,33.0,0.2,281.2948826181592,-0.12095349181825252,265.39874267578125,-0.1706289291381836,1.0,-1.0169050748601285,0.55,1779451254802348807
65.0,0.17341348528862,0.5224002003669739,0.3705770969390869,81.6290283203125,244.8999786376953,25.0,40.0,0.23076923076923078,185.60302354912835,-0.4199905514089739,244.85211181640625,-0.23483715057373047,1.0,-0.8174282419492477,1.0,1779451254836339753
63.0,0.12422922253608704,0.5287889242172241,0.3566768765449524,82.15000915527344,244.86119079589844,23.0,40.0,0.2698412698412698,271.03449066573023,-0.15301721666959303,233.48001098632812,-0.2703749656677246,1.0,-1.0694166996352599,0.55,1779451254869405041
50.0,0.14247947931289673,0.5542347431182861,0.38557201623916626,90.41278076171875,246.27220153808594,18.0,32.0,0.28,329.75150234741784,0.030473444835680753,230.53912353515625,-0.27956523895263674,1.0,-1.156253036433989,0.55,1779451254902005793
48.0,0.13604794442653656,0.5506696701049805,0.3822952210903168,96.3458480834961,243.5015411376953,18.0,30.0,0.25,209.95423728813557,-0.3438930084745763,282.1543884277344,-0.11826753616333008,1.0,-1.1088598277102077,0.55,1779451254935343738
53.0,0.09961385279893875,0.48122233152389526,0.3075582683086395,83.17906951904297,245.28350830078125,20.0,33.0,0.24528301886792453,279.9333106198264,-0.12520840431304253,276.61712646484375,-0.13557147979736328,1.0,-1.1387513432300977,0.55,1779451254968817770
52.0,0.1112387627363205,0.5692421793937683,0.4073845148086548,84.341552734375,229.17242431640625,24.0,28.0,0.07692307692307693,179.84523809523813,-0.43798363095238085,258.0166015625,-0.1936981201171875,1.0,0.8683528642925892,0.55,1779451255002710759
51.0,0.10283379256725311,0.49302735924720764,0.33154189586639404,90.38511657714844,251.113525390625,18.0,33.0,0.29411764705882354,228.33528193651284,-0.28645224394839736,269.54510498046875,-0.15767154693603516,1.0,-0.8863238722910195,1.0,1779451255036309897
59.0,0.15770243108272552,0.5767366886138916,0.424564003944397,92.08989715576172,240.2353057861328,21.0,38.0,0.288135593220339,226.05882352941177,-0.29356617647058825,248.1103515625,-0.2246551513671875,1.0,0.8483705853719494,0.55,1779451255068012992
59.0,0.1095062643289566,0.5431523323059082,0.3781803548336029,85.32510375976562,251.113525390625,24.0,35.0,0.1864406779661017,233.46946564885496,-0.27040791984732826,288.31396484375,-0.09901885986328125,1.0,-0.8911149642921568,1.0,1779451255101914115
57.0,0.1111682876944542,0.5068687796592712,0.34042122960090637,89.22132873535156,246.66171264648438,25.0,32.0,0.12280701754385964,205.58042012247108,-0.35756118711727786,292.13372802734375,-0.08708209991455078,1.0,0.8481251927549511,0.41250000000000003,1779451255136006535
49.0,0.08270230889320374,0.5726048350334167,0.4046492278575897,96.00300598144531,236.6474151611328,20.0,29.0,0.1836734693877551,193.17749731471534,-0.3963203208915146,285.4679260253906,-0.1079127311706543,1.0,0.8135027288914265,0.55,1779451255167709659
59.0,0.19204899668693542,0.5590270161628723,0.4355117380619049,92.87757110595703,246.132080078125,21.0,38.0,0.288135593220339,241.0381263616558,-0.24675585511982562,287.4267578125,-0.1017913818359375,1.0,0.8312843176538869,0.41250000000000003,1779451255204158014
51.0,0.10802827030420303,0.5478755831718445,0.3862355947494507,89.79960632324219,246.132080078125,20.0,31.0,0.21568627450980393,306.25580444165973,-0.04295061111981333,366.39166259765625,0.1449739456176758,1.0,-0.9265814855498615,1.0,1779451255236494742
57.0,0.08791972696781158,0.5541675090789795,0.38410818576812744,84.3790054321289,244.75497436523438,24.0,33.0,0.15789473684210525,316.4402054368127,-0.01112435800996039,274.42010498046875,-0.14243717193603517,1.0,0.7851818049296589,0.55,1779451255269165598
48.0,0.14927826821804047,0.5525059103965759,0.4023078382015228,89.3479232788086,243.9057159423828,17.0,31.0,0.2916666666666667,253.7228243021346,-0.20711617405582938,376.31768798828125,0.1759927749633789,1.0,0.7673121440358459,0.41250000000000003,1779451255301834269
50.0,0.1270977109670639,0.6085252165794373,0.46648940443992615,97.63866424560547,247.96975708007812,20.0,30.0,0.2,257.94736842105266,-0.19391447368421044,315.8223571777344,-0.013055133819580077,1.0,0.7677306300493961,1.0,1779451255338912647
48.0,0.13072822988033295,0.5118569731712341,0.36792120337486267,91.8130874633789,241.5056915283203,18.0,30.0,0.25,257.92793814432986,-0.1939751932989692,294.65032958984375,-0.07921772003173828,1.0,0.7390029378002756,0.5,1779451255370487889
51.0,0.12914609909057617,0.5238842964172363,0.38728585839271545,92.61563873291016,240.75921630859375,21.0,30.0,0.17647058823529413,263.85564365671644,-0.17545111357276114,320.95343017578125,0.002979469299316406,1.0,0.7631540962835706,0.75,1779451255402689308
49.0,0.07169869542121887,0.5909358263015747,0.4350990653038025,92.3069076538086,242.98147583007812,23.0,26.0,0.061224489795918366,244.02750393028504,-0.23741405021785927,322.61651611328125,0.008176612854003906,1.0,0.7296548022971673,1.0,1779451255436444896
56.0,0.1278533786535263,0.5520964860916138,0.41275009512901306,86.27693939208984,260.0,21.0,35.0,0.25,269.1666666666667,-0.1588541666666666,266.0862121582031,-0.16848058700561525,1.0,0.7263031218978844,0.55,1779451255469778501
53.0,0.29044654965400696,0.5630530714988708,0.49098333716392517,91.01356506347656,255.0,14.0,39.0,0.4716981132075472,297.1925287356322,-0.07127334770114935,287.6324768066406,-0.10114850997924804,1.0,0.7447043160073259,0.41250000000000003,1779451255501308369
52.0,0.22255085408687592,0.5793746709823608,0.4796711802482605,90.95902252197266,262.80029296875,14.0,38.0,0.46153846153846156,395.0869565217391,0.23464673913043477,305.9714660644531,-0.04383916854858398,1.0,0.6985832976780758,0.55,1779451255538722796
66.0,0.16981226205825806,0.5280238389968872,0.39443227648735046,80.9539794921875,262.80029296875,23.0,43.0,0.30303030303030304,340.1416483214089,0.06294265100440288,347.44921875,0.08577880859375,1.0,0.6855519765946272,0.55,1779451255605953800
64.0,0.08677564561367035,0.5752475261688232,0.4115792512893677,81.47138977050781,264.20068359375,25.0,39.0,0.21875,411.88266871165644,0.28713333972392635,249.40985107421875,-0.2205942153930664,1.0,0.6726980353734358,1.0,1779451255638458775
66.0,0.21519702672958374,0.576685905456543,0.45682716369628906,90.74842071533203,265.6011962890625,21.0,45.0,0.36363636363636365,402.7374050098508,0.2585543906557838,310.725830078125,-0.028981781005859374,1.0,0.6623608800246724,0.55,1779451255676145755
54.0,0.20876769721508026,0.5792616605758667,0.4613018333911896,88.632568359375,265.6011962890625,17.0,37.0,0.37037037037037035,404.0,0.2625,301.2901611328125,-0.05846824645996094,1.0,0.621822186290985,1.0,1779451255703730147
60.0,0.08865426480770111,0.5543500781059265,0.3869103193283081,88.5018539428711,265.0,23.0,37.0,0.23333333333333334,423.8333333333333,0.3244791666666666,261.54925537109375,-0.18265857696533203,1.0,0.5948594192585315,1.0,1779451255734772637
53.0,0.15433195233345032,0.5418627262115479,0.4105533957481384,91.19304656982422,265.6011962890625,20.0,33.0,0.24528301886792453,277.87740384615387,-0.13163311298076916,275.185546875,-0.140045166015625,1.0,0.6506458625600527,0.41250000000000003,1779451255768910947
50.0,0.12910398840904236,0.5983686447143555,0.46308785676956177,87.82428741455078,250.52145385742188,21.0,29.0,0.16,292.2368361836183,-0.08675988692619274,297.8813171386719,-0.06912088394165039,1.0,0.6438420237094802,1.0,1779451255802575921
54.0,0.14899203181266785,0.6474722623825073,0.5201932191848755,92.40162658691406,254.20071411132812,21.0,33.0,0.2222222222222222,296.875,-0.072265625,322.20147705078125,0.006879615783691406,1.0,0.6090585348844524,1.0,1779451255834938410
65.0,0.19257314503192902,0.620825469493866,0.5033054351806641,77.30783081054688,239.08157348632812,26.0,39.0,0.2,307.3164136622391,-0.03963620730550286,326.5061950683594,0.020331859588623047,0.9663478851318359,0.6423858584804475,1.0,1779451255868236144
57.0,0.10807649791240692,0.6368787884712219,0.5186934471130371,83.08633422851562,250.52145385742188,25.0,32.0,0.12280701754385964,251.60037593984964,-0.21374882518796987,323.97161865234375,0.01241130828857422,1.0,0.6187878191249854,1.0,1779451255904128553
55.0,0.0335809662938118,0.69792640209198,0.558922529220581,85.8524398803711,233.2252197265625,25.0,30.0,0.09090909090909091,426.782155356056,0.3336942354876751,317.2211608886719,-0.008683872222900391,1.0,0.6203191161701781,1.0,1779451255935578253
61.0,-0.010582157410681248,0.7020455002784729,0.5435813665390015,83.73237609863281,263.6437072753906,28.0,33.0,0.08196721311475409,402.375,0.257421875,319.6401672363281,-0.0011244773864746093,1.0,0.6152897479287084,0.55,1779451255968894328
76.0,-0.042417969554662704,0.7944986820220947,0.6408215761184692,74.2437515258789,263.6437072753906,32.0,44.0,0.15789473684210525,389.35,0.21671875000000007,322.3916931152344,0.007474040985107422,0.9280468940734863,0.5443025801506568,1.0,1779451256002727512
59.0,-0.021007167175412178,0.7891148924827576,0.652942419052124,85.93439483642578,268.64288330078125,24.0,35.0,0.1864406779661017,382.0686046511628,0.1939643895348837,323.60235595703125,0.011257362365722657,1.0,0.5326898672112749,1.0,1779451256036999756
65.0,0.022002609446644783,0.8124765157699585,0.6958832740783691,82.77838897705078,268.64288330078125,27.0,38.0,0.16923076923076924,378.1229234380643,0.18163413574395088,322.9294128417969,0.009154415130615235,1.0,0.577669447892826,1.0,1779451256069870475
46.0,0.07521931082010269,0.7407950758934021,0.6303707361221313,91.98090362548828,273.64208984375,17.0,29.0,0.2608695652173913,308.74006085192696,-0.03518730983772826,325.6043701171875,0.01751365661621094,1.0,0.5879827664207365,1.0,1779451256101806269
50.0,0.018368592485785484,0.7378232479095459,0.6136077642440796,87.77497100830078,272.85345458984375,18.0,32.0,0.28,406.5718181818182,0.2705369318181818,323.3307189941406,0.010408496856689453,1.0,0.6050056443283667,1.0,1779451256135010793
65.0,-0.08060568571090698,0.8414404988288879,0.7344627976417542,84.71539306640625,275.0454406738281,28.0,37.0,0.13846153846153847,387.96089150546675,0.2123777859545836,322.94024658203125,0.009188270568847657,1.0,0.5916921487143547,1.0,1779451256168321329
59.0,-0.04241487383842468,0.8410490155220032,0.7439354062080383,90.90550231933594,275.6610107421875,26.0,33.0,0.11864406779661017,382.35715652506696,0.19486611414083424,322.566162109375,0.008019256591796874,1.0,0.6088121005324023,1.0,1779451256201470158
67.0,0.009968195110559464,0.8393617868423462,0.7341287732124329,82.69132995605469,269.25823974609375,29.0,38.0,0.13432835820895522,392.82738095238096,0.22758556547619052,324.36993408203125,0.013656044006347656,1.0,0.574402760806893,1.0,1779451256234935149
68.0,-0.09610116481781006,0.7766032218933105,0.6254072785377502,79.03340148925781,269.25823974609375,30.0,38.0,0.11764705882352941,426.48,0.33275000000000005,321.41119384765625,0.004409980773925781,0.9879175186157226,0.570180409790549,1.0,1779451256268509110
60.0,-0.0012787457089871168,0.7454387545585632,0.5946542620658875,86.16143035888672,267.0018615722656,25.0,35.0,0.16666666666666666,387.5,0.2109375,326.2441101074219,0.01951284408569336,1.0,0.5758906178423661,1.0,1779451256306908831
57.0,-0.07444798946380615,0.826971709728241,0.7202125191688538,91.45062255859375,269.20068359375,24.0,33.0,0.15789473684210525,388.6418918918919,0.2145059121621621,322.06805419921875,0.006462669372558594,1.0,0.5585399847211028,0.55,1779451256336630421
54.0,0.027944378554821014,0.7572221159934998,0.6393164992332458,91.39102172851562,247.73574829101562,20.0,34.0,0.25925925925925924,385.19072164948454,0.2037210051546392,322.9383544921875,0.009182357788085937,1.0,0.5402932271299642,0.55,1779451256369852638
59.0,-0.150990292429924,0.8005702495574951,0.6726346611976624,87.55722045898438,267.3724060058594,27.0,32.0,0.0847457627118644,439.5769230769231,0.37367788461538465,328.596435546875,0.026863861083984374,1.0,0.5352782327412399,1.0,1779451256442770015
59.0,-0.22743183374404907,0.8207829594612122,0.7007911801338196,87.11187744140625,278.7723083496094,32.0,27.0,-0.0847457627118644,443.8581730769231,0.3870567908653847,323.74993896484375,0.011718559265136718,1.0,0.4794661094362219,0.55,1779451256472956514
54.0,-0.2686474025249481,0.866458535194397,0.7755277156829834,88.91373443603516,280.17852783203125,27.0,27.0,0.0,407.25,0.27265625,323.94415283203125,0.012325477600097657,1.0,0.4869343276095532,1.0,1779451256502618649
59.0,-0.271036297082901,0.8588338494300842,0.7826826572418213,88.4627914428711,263.7821044921875,31.0,28.0,-0.05084745762711865,442.1427083333333,0.38169596354166657,325.3504943847656,0.016720294952392578,1.0,0.5000334142854921,0.55,1779451256538845769
58.0,-0.2181294858455658,0.8785635232925415,0.7786133885383606,87.0599594116211,280.8077697753906,26.0,32.0,0.10344827586206896,446.1086956521739,0.3940896739130434,323.013427734375,0.009416961669921875,1.0,0.4874789758073791,1.0,1779451256576883551
51.0,-0.1925458163022995,0.8408094048500061,0.7419375777244568,100.13802337646484,281.5848083496094,23.0,28.0,0.09803921568627451,441.3076923076923,0.3790865384615385,322.97064208984375,0.00928325653076172,1.0,0.522163903876786,0.55,1779451256608641834
52.0,-0.17536036670207977,0.8539986610412598,0.7345301508903503,93.82303619384766,281.5848083496094,23.0,29.0,0.11538461538461539,442.9677419354839,0.3842741935483872,324.11859130859375,0.012870597839355468,1.0,0.47670706102762717,0.55,1779451256639887237
55.0,-0.2152969241142273,0.8488778471946716,0.7580779790878296,95.0282974243164,265.1885986328125,28.0,27.0,-0.01818181818181818,441.4057002111189,0.37939281315974666,322.89617919921875,0.009050559997558594,1.0,0.4726678336715715,1.0,1779451256672468827
54.0,-0.15194857120513916,0.8195075392723083,0.709414541721344,94.3404769897461,255.63450622558594,26.0,28.0,0.037037037037037035,436.98414634146343,0.3655754573170732,323.7872009277344,0.011835002899169922,1.0,0.5170580549428507,0.55,1779451256705647855
52.0,-0.15835395455360413,0.7991142868995667,0.6663423180580139,93.1435546875,257.0311279296875,24.0,28.0,0.07692307692307693,444.02687041187914,0.3875839700371223,323.9591064453125,0.012372207641601563,1.0,0.47854064940467617,1.0,1779451256738607081
59.0,-0.24952496588230133,0.8123161196708679,0.6982933282852173,86.31161499023438,275.1817626953125,30.0,29.0,-0.01694915254237288,442.73560517038777,0.3835487661574618,322.364501953125,0.007389068603515625,1.0,0.4237392453520664,0.55,1779451256769440229
52.0,-0.06427587568759918,0.808479368686676,0.6829102635383606,96.54863739013672,272.9981689453125,22.0,30.0,0.15384615384615385,437.7,0.3678125,322.95684814453125,0.009240150451660156,1.0,0.46324594497484717,1.0,1779451256801851907
43.0,0.08516843616962433,0.6404165625572205,0.5276763439178467,104.10702514648438,275.8115234375,15.0,28.0,0.3023255813953488,286.17377228334175,-0.10570696161455703,322.34979248046875,0.007343101501464844,1.0,0.4079420084003258,0.75,1779451256835556974
57.0,-0.18096189200878143,0.8318336606025696,0.7028526663780212,92.38449096679688,276.588134765625,30.0,27.0,-0.05263157894736842,451.21406481107977,0.4100439525346243,321.8719482421875,0.0058498382568359375,1.0,0.411620811804918,0.55,1779451256868891137
61.0,-0.2690475285053253,0.8654992580413818,0.7721352577209473,85.38404846191406,289.6204528808594,31.0,30.0,-0.01639344262295082,447.02256944444446,0.39694552951388895,324.90301513671875,0.015321922302246094,1.0,0.43579628868932163,0.55,1779451256901233715
61.0,-0.16984212398529053,0.8390271663665771,0.7154361605644226,88.26036834716797,256.9708251953125,26.0,35.0,0.14754098360655737,446.483318815331,0.3952603712979094,322.19329833984375,0.006854057312011719,1.0,0.37779478937866107,0.55,1779451256938250785
60.0,-0.11532232165336609,0.873043954372406,0.7511776685714722,83.98966217041016,289.6204528808594,25.0,35.0,0.16666666666666666,451.28454047474133,0.41026418898356665,323.1881103515625,0.009962844848632812,1.0,0.4251893991410334,1.0,1779451256969575212
55.0,-0.043424639850854874,0.8201228976249695,0.6877297163009644,90.18577575683594,271.8253173828125,22.0,33.0,0.2,338.41183581240364,0.05753698691376137,324.4231872558594,0.013822460174560547,1.0,0.35288090743400735,0.55,1779451257005194069
62.0,-0.040169261395931244,0.8128499388694763,0.6760213375091553,84.56687927246094,292.4380187988281,24.0,38.0,0.22580645161290322,442.3652548725637,0.38239142147676153,323.4168701171875,0.010677719116210937,1.0,0.3749006754855201,0.55,1779451257037574064
59.0,-0.015904800966382027,0.7421555519104004,0.5944687724113464,88.9378890991211,286.0367126464844,21.0,38.0,0.288135593220339,383.627147766323,0.19883483676975935,323.938720703125,0.012308502197265625,1.0,0.39067061393236624,0.55,1779451257069413874
57.0,0.09800233691930771,0.7021243572235107,0.5640917420387268,86.8294448852539,278.9928283691406,17.0,40.0,0.40350877192982454,312.39813486370156,-0.023755828550932633,323.02191162109375,0.00944347381591797,1.0,0.353257702172939,0.55,1779451257104859874
45.0,0.13418880105018616,0.7312204241752625,0.6367574334144592,101.56182861328125,278.9928283691406,13.0,32.0,0.4222222222222222,317.32184195448514,-0.008369243892233947,323.80596923828125,0.011893653869628906,1.0,0.3921169269686212,1.0,1779451257143934658
57.0,0.15497319400310516,0.6386613249778748,0.5206683874130249,91.69232940673828,275.4087829589844,14.0,43.0,0.5087719298245614,313.6537136214556,-0.019832144932951223,322.89599609375,0.00904998779296875,1.0,0.3450172215155852,0.55,1779451257173858838
54.0,0.22273997962474823,0.6696786284446716,0.5964787006378174,98.78874969482422,255.60125732421875,14.0,40.0,0.48148148148148145,313.4684343434344,-0.02041114267676747,322.48199462890625,0.007756233215332031,1.0,0.40341582415321575,0.55,1779451257202400368
52.0,0.10645241290330887,0.6226117610931396,0.4994003176689148,98.96243286132812,262.80029296875,13.0,39.0,0.5,324.1269137860642,0.012896605581450693,309.15802001953125,-0.033881187438964844,1.0,0.37305352772151734,1.0,1779451257236495482
54.0,0.18275034427642822,0.68478924036026,0.5864975452423096,101.84210205078125,294.1649169921875,13.0,41.0,0.5185185185185185,324.4307426597582,0.013846070811744405,323.23529052734375,0.010110282897949218,1.0,0.36047969998502777,1.0,1779451257269177300
54.0,0.10932611674070358,0.6135239601135254,0.46380919218063354,89.86821746826172,300.56280517578125,15.0,39.0,0.4444444444444444,320.0110935451408,3.466732856498567e-05,321.4664306640625,0.004582595825195312,1.0,0.33481000508029773,0.55,1779451257335999682
49.0,0.0947575569152832,0.5698642134666443,0.4274190068244934,103.80598449707031,301.9735107421875,16.0,33.0,0.3469387755102041,329.479442853246,0.029623258916393704,322.76605224609375,0.008643913269042968,1.0,0.3379717933253422,0.75,1779451257368336741
55.0,0.21493999660015106,0.5477982759475708,0.46999308466911316,92.03727722167969,303.3842468261719,10.0,45.0,0.6363636363636364,319.0863580668488,-0.0028551310410975363,323.81475830078125,0.011921119689941407,1.0,0.324436893782713,0.5,1779451257401589871
53.0,0.18521778285503387,0.5752834677696228,0.47647157311439514,95.70472717285156,303.3842468261719,14.0,39.0,0.4716981132075472,269.39166666666665,-0.15815104166666671,325.27581787109375,0.016486930847167968,1.0,0.3246918940385389,0.5,1779451257436377669
68.0,0.17577345669269562,0.5578051209449768,0.4365815222263336,90.80718231201172,304.7950134277344,18.0,50.0,0.47058823529411764,276.3921956111373,-0.1362743887151959,329.4501037597656,0.029531574249267577,1.0,0.3649175473170205,0.41250000000000003,1779451257469160296
52.0,0.09562743455171585,0.6641777753829956,0.5444926619529724,97.12232208251953,272.9047546386719,18.0,34.0,0.3076923076923077,305.08546218487396,-0.04660793067226887,326.7972717285156,0.021241474151611327,1.0,0.27734089509544363,0.55,1779451257501527521
59.0,0.1625678688287735,0.6080294251441956,0.4899989366531372,89.90416717529297,272.15069580078125,17.0,42.0,0.423728813559322,287.72160502619124,-0.10086998429315237,326.06121826171875,0.018941307067871095,1.0,0.26480049917241,0.41250000000000003,1779451257535584190
58.0,0.10246027261018753,0.5767837166786194,0.4399939775466919,94.62432861328125,288.17529296875,16.0,42.0,0.4482758620689655,325.18863636363636,0.016214488636363635,322.66754150390625,0.008336067199707031,1.0,0.33549685713874816,0.75,1779451257568661314
76.0,0.0423881821334362,0.5848343968391418,0.3992728888988495,79.7182846069336,272.85345458984375,25.0,51.0,0.34210526315789475,291.4200366214742,-0.08931238555789314,407.01763916015625,0.2719301223754883,0.9964785575866699,0.315954482697542,0.55,1779451257602428071
58.0,0.013587355613708496,0.68128901720047,0.50680011510849,102.08820343017578,286.0943908691406,18.0,40.0,0.3793103448275862,452.21796536796535,0.41318114177489174,323.6808166503906,0.011502552032470702,1.0,0.3176862418868723,1.0,1779451257636606668
62.0,0.0689353495836258,0.5527153015136719,0.38336458802223206,96.16593933105469,306.6088562011719,18.0,44.0,0.41935483870967744,358.3419926389665,0.11981872699677024,299.09173583984375,-0.06533832550048828,1.0,0.25676512952821273,1.0,1779451257669578846
53.0,0.1184108629822731,0.6091089844703674,0.4579206109046936,105.59940338134766,308.0211181640625,13.0,40.0,0.5094339622641509,295.58848190644306,-0.07628599404236543,323.41204833984375,0.010662651062011719,1.0,0.2950197124082926,1.0,1779451257701877031
62.0,0.12886416912078857,0.5239887237548828,0.3854118287563324,88.05376434326172,310.8456115722656,15.0,47.0,0.5161290322580645,316.5178715466828,-0.0108816514166163,320.34454345703125,0.0010766983032226562,1.0,0.2855725898179793,0.75,1779451257737329394
58.0,0.06836599111557007,0.5930840373039246,0.4307640790939331,102.26765441894531,310.10321044921875,18.0,40.0,0.3793103448275862,338.1908890290038,0.05684652821563692,312.56463623046875,-0.023235511779785157,1.0,0.28010028608618937,0.55,1779451257767903597
60.0,0.027298860251903534,0.5748193264007568,0.40142160654067993,94.54025268554688,310.10321044921875,20.0,40.0,0.3333333333333333,338.9990010366783,0.05937187823961967,321.6348571777344,0.005108928680419922,1.0,0.3004675309663817,1.0,1779451257801687765
70.0,-0.02140398696064949,0.6081705093383789,0.4376557469367981,93.37810516357422,285.35064697265625,24.0,46.0,0.3142857142857143,333.9045427987146,0.04345169624598313,314.05682373046875,-0.018572425842285155,1.0,0.25932327074702977,0.55,1779451257834848015
63.0,0.029844310134649277,0.5832403898239136,0.4066302180290222,96.43803405761719,285.35064697265625,21.0,42.0,0.3333333333333333,331.7612017966696,0.036753755614592445,320.103271484375,0.000322723388671875,1.0,0.2878877800094956,0.55,1779451257872635659
58.0,0.0547143779695034,0.5894572138786316,0.43985968828201294,97.01276397705078,277.9945983886719,17.0,41.0,0.41379310344827586,347.6024083817127,0.08625752619285212,321.6336669921875,0.005105209350585937,1.0,0.24286905452376228,1.0,1779451257903513980
57.0,0.021297451108694077,0.5828444361686707,0.41572651267051697,104.50753784179688,315.572509765625,22.0,35.0,0.22807017543859648,327.6013616175783,0.023754255054932116,321.9008483886719,0.005940151214599609,1.0,0.2577171036927595,0.55,1779451257935523451
51.0,0.08900962769985199,0.6251199841499329,0.469534307718277,109.90503692626953,312.0144348144531,15.0,36.0,0.4117647058823529,290.68729628422426,-0.09160219911179919,322.570068359375,0.008031463623046875,1.0,0.24649809497634173,0.55,1779451257967664953
65.0,0.11969981342554092,0.5464233160018921,0.39887484908103943,96.54779815673828,315.572509765625,20.0,45.0,0.38461538461538464,292.8374125874126,-0.08488308566433567,320.7320556640625,0.0022876739501953127,1.0,0.23199894888666578,0.41250000000000003,1779451258002328347
60.0,0.07896653562784195,0.576999843120575,0.42459866404533386,102.30977630615234,314.8412170410156,17.0,43.0,0.43333333333333335,302.9522058823529,-0.0532743566176471,315.89080810546875,-0.012841224670410156,1.0,0.23003821952716452,1.0,1779451258035281057
65.0,0.02270462084748574,0.6290207175197762,0.44496786257868925,96.73375701904297,314.8412170410156,23.0,42.0,0.2923076923076923,350.1059807332084,0.09408118979127629,318.12005615234375,-0.005874824523925781,1.0,0.27254147934187206,1.0,1779451258068304597
63.0,0.04405159503221512,0.5608465075492859,0.40983346104621887,103.44113159179688,313.4278259277344,21.0,42.0,0.3333333333333333,301.39942185007976,-0.05812680671850075,323.19091796875,0.00997161865234375,1.0,0.19908004163163837,0.75,1779451258101367169
66.0,0.12271050522005841,0.6085073742409358,0.4578126477039575,91.55054473876953,302.8035583496094,21.0,45.0,0.36363636363636365,306.17206592782037,-0.043212293975561346,328.2600402832031,0.025812625885009766,1.0,0.2355367796449736,0.55,1779451258134001449
73.0,-0.03220737299051328,0.6945072591157312,0.49359775143561974,85.45459747314453,294.32293701171875,30.0,43.0,0.1780821917808219,464.2112470862471,0.45066014714452224,330.6018981933594,0.03313093185424805,1.0,0.31191045356129987,0.55,1779451258169289632
62.0,-0.08426426621258341,0.6952892858462824,0.5174015580786228,91.86072540283203,294.32293701171875,28.0,34.0,0.0967741935483871,330.6498881800954,0.03328090056279809,327.64141845703125,0.023879432678222658,1.0,0.2587589437990713,0.55,1779451258200268518
69.0,-0.04696396365761757,0.6364704370498657,0.48894202709198,90.38143920898438,283.69879150390625,29.0,40.0,0.15942028985507245,340.87636363636364,0.06523863636363636,323.80810546875,0.01190032958984375,1.0,0.254743756997902,1.0,1779451258236272862
70.0,0.09841873246991487,0.580445928946726,0.42021892864072175,95.5322036743164,281.8102111816406,23.0,47.0,0.34285714285714286,293.04087374667483,-0.08424726954164115,319.3599548339844,-0.0020001411437988283,1.0,0.20483722624063946,1.0,1779451258269008115
67.0,0.09909096405050494,0.6207170023503572,0.46550146257172614,98.63914489746094,309.0453186035156,22.0,45.0,0.34328358208955223,325.21177071441446,0.016286783482545177,324.21337890625,0.01316680908203125,1.0,0.2047632203112968,0.55,1779451258303193486
69.0,0.09264100945150432,0.6445934990632506,0.48941076976301806,98.563720703125,308.3504638671875,23.0,46.0,0.3333333333333333,319.4534428794992,-0.0017079910015649347,322.0568542480469,0.006427669525146484,1.0,0.2552122629169947,0.55,1779451258334954345
66.0,0.03384220250360815,0.644480312900147,0.47951040225231206,96.25186920166016,307.63128662109375,27.0,39.0,0.18181818181818182,362.9455223880597,0.13420475746268662,324.26666259765625,0.013333320617675781,1.0,0.2874179704522017,1.0,1779451258368576340
66.0,0.13689047143683133,0.5837498513067167,0.43499130914073847,99.52107238769531,291.0292053222656,21.0,45.0,0.36363636363636365,289.02287458169815,-0.09680351693219329,321.99853515625,0.00624542236328125,1.0,0.18059583142859817,1.0,1779451258401937636
65.0,0.1483246595277954,0.5458731950464325,0.4071715195055909,97.52661895751953,304.80322265625,25.0,40.0,0.23076923076923078,290.7119565217391,-0.09152513586956523,314.85833740234375,-0.016067695617675782,1.0,0.12803871467565728,0.75,1779451258434854447
66.0,0.1547444760799408,0.5951428413391113,0.4308096766471863,100.83940887451172,299.1471252441406,25.0,41.0,0.24242424242424243,337.55371861222926,0.05485537066321644,320.272705078125,0.000852203369140625,1.0,0.14009007900342912,1.0,1779451258473306733
69.0,-0.01054745774878108,0.6870631813863687,0.5010481723857155,92.37629699707031,299.1471252441406,29.0,40.0,0.15942028985507245,316.73364485981307,-0.01020735981308416,327.9080810546875,0.024712753295898438,1.0,0.5145812225814443,1.0,1779451258502696063
65.0,0.08207250684873715,0.6034122835321308,0.44230755264170196,93.06597137451172,292.0770568847656,27.0,38.0,0.16923076923076924,291.3629036264282,-0.0894909261674119,326.11328125,0.01910400390625,1.0,0.12580679926933985,1.0,1779451258535432880
71.0,0.12261837720870972,0.589397668838501,0.4533955156803131,94.9758529663086,299.1471252441406,26.0,45.0,0.2676056338028169,297.2313725490196,-0.07115196078431367,312.5177001953125,-0.023382186889648438,1.0,0.12352030243981894,1.0,1779451258568628253
71.0,0.16707269847393036,0.5714664459228516,0.47018665075302124,95.88165283203125,304.055908203125,24.0,47.0,0.323943661971831,298.4146153846154,-0.06745432692307692,327.1070556640625,0.022209548950195314,1.0,0.09158877568810517,0.5,1779451258601451860
65.0,0.1438087821006775,0.5766468048095703,0.4499426484107971,97.45208740234375,304.055908203125,21.0,44.0,0.35384615384615387,301.9212697500366,-0.056496032031135714,483.990966796875,0.5124717712402344,1.0,0.10913201432318864,0.75,1779451258635505574
59.0,0.18055063486099243,0.5121378302574158,0.40464353561401367,99.41683959960938,304.055908203125,20.0,39.0,0.3220338983050847,295.68375464297293,-0.0759882667407096,322.8076171875,0.0087738037109375,1.0,0.0773197118962894,0.5,1779451258668286987
60.0,0.14425316452980042,0.5664985775947571,0.4381520450115204,103.71432495117188,302.6416931152344,20.0,40.0,0.3333333333333333,305.2751269035533,-0.046015228426395896,326.6546630859375,0.020795822143554688,1.0,0.11504284273490642,0.75,1779451258703663177
62.0,0.13991348445415497,0.5304570198059082,0.4133005440235138,100.57785034179688,300.56280517578125,18.0,44.0,0.41935483870967744,317.1179240091893,-0.009006487471283364,327.731689453125,0.024161529541015626,1.0,0.05936358113165459,0.5,1779451258738244838
74.0,0.06223031505942345,0.6057500839233398,0.4571514129638672,90.34956359863281,278.54803466796875,30.0,44.0,0.1891891891891892,305.94230769230774,-0.043930288461538326,325.6363525390625,0.017613601684570313,1.0,0.027028991563412447,1.0,1779451258768223162
61.0,0.10787620395421982,0.5610160231590271,0.430309921503067,96.6502456665039,287.76727294921875,23.0,38.0,0.2459016393442623,304.31481481481484,-0.04901620370370363,321.6087646484375,0.005027389526367188,1.0,0.043816495710732956,0.5,1779451258802326953
67.0,0.05725167319178581,0.5556643009185791,0.42349758744239807,89.9661636352539,289.9137878417969,26.0,41.0,0.22388059701492538,345.62458637366365,0.08007683241769889,333.454833984375,0.04204635620117188,1.0,0.04229211148794994,0.5,1779451258835205860
67.0,0.004987803753465414,0.5621545314788818,0.4120451509952545,90.76787567138672,304.055908203125,29.0,38.0,0.13432835820895522,347.1418803418803,0.08481837606837601,324.7437438964844,0.014824199676513671,1.0,0.034821392437530845,0.75,1779451258868267421
59.0,0.07512611150741577,0.5820556879043579,0.4377018213272095,103.31715393066406,304.055908203125,25.0,34.0,0.15254237288135594,345.7274697646192,0.08039834301443491,322.0576171875,0.0064300537109375,1.0,0.012929993316680478,0.75,1779451258901850215
61.0,0.07675336301326752,0.5248668789863586,0.3767617344856262,95.7895278930664,297.0387268066406,24.0,37.0,0.21311475409836064,349.64673261390885,0.09264603941846516,321.38909912109375,0.004340934753417969,1.0,0.01578036063148549,0.5,1779451258935310475
60.0,0.13267244398593903,0.547675609588623,0.40404847264289856,104.3978042602539,303.7844543457031,21.0,39.0,0.3,333.17086412151065,0.04115895037972077,324.25732421875,0.01330413818359375,1.0,-0.030168079019849817,0.75,1779451258968806804
67.0,0.17167750000953674,0.5602892637252808,0.4152272343635559,96.6176986694336,306.6088562011719,24.0,43.0,0.2835820895522388,310.80774075346386,-0.028725810145425433,330.63214111328125,0.03322544097900391,1.0,-0.03749682239460279,1.0,1779451259001901734
68.0,0.09937521070241928,0.6190404891967773,0.4547942280769348,91.8696060180664,308.0211181640625,28.0,40.0,0.17647058823529413,331.4141791044776,0.03566930970149258,321.1954345703125,0.0037357330322265623,1.0,0.020466517138079194,1.0,1779451259035599605
69.0,0.10770463198423386,0.6174002289772034,0.46663832664489746,90.55972290039062,310.8456115722656,27.0,42.0,0.21739130434782608,324.06852802571876,0.012714150080371134,305.3134765625,-0.0458953857421875,1.0,-0.023203505787804973,1.0,1779451259068935829
65.0,0.10809877514839172,0.5972461700439453,0.45171302556991577,95.14461517333984,303.041259765625,26.0,39.0,0.2,310.1188118811881,-0.030878712871287205,391.80322265625,0.22438507080078124,1.0,0.016966005568807792,0.75,1779451259101209230
57.0,0.1419392228126526,0.5659741759300232,0.435690701007843,101.51170349121094,305.8659973144531,21.0,36.0,0.2631578947368421,317.92738808926214,-0.006476912221055819,322.00048828125,0.00625152587890625,1.0,-0.019874317452558198,0.5,1779451259134592246
62.0,0.08733593672513962,0.6040478348731995,0.4520778954029083,99.92375946044922,309.0453186035156,24.0,38.0,0.22580645161290322,317.5366192665455,-0.007698064792045401,309.0337829589844,-0.03426942825317383,1.0,-0.007891815161494316,1.0,1779451259167238632
62.0,0.0945131704211235,0.6307570934295654,0.47542065382003784,100.37542724609375,300.5611267089844,26.0,36.0,0.16129032258064516,316.86592554910527,-0.00979398265904603,323.9255065917969,0.012267208099365235,1.0,-0.06702668459183758,1.0,1779451259202303010
57.0,0.056952621787786484,0.6246795058250427,0.4800540804862976,110.67990112304688,309.0453186035156,24.0,33.0,0.15789473684210525,313.60397553516816,-0.0199875764525995,325.01483154296875,0.015671348571777342,1.0,-0.09758330410280289,0.75,1779451259236378320
62.0,0.11066457629203796,0.56309574842453,0.4449092149734497,104.75199890136719,305.5224914550781,25.0,37.0,0.1935483870967742,320.3407775020678,0.001064929693961858,330.37982177734375,0.03243694305419922,1.0,-0.05564998134503507,0.5,1779451259268045281
67.0,0.1286860704421997,0.5995655655860901,0.46504366397857666,95.33387756347656,288.17529296875,26.0,41.0,0.22388059701492538,321.75471342383105,0.0054834794494720285,368.21875,0.15068359375,1.0,-0.09418385142615457,0.75,1779451259302522453
64.0,0.059724945574998856,0.5567917227745056,0.3930042088031769,93.7513656616211,309.1876525878906,27.0,37.0,0.15625,363.34557661927334,0.1354549269352292,318.3763427734375,-0.005073928833007812,1.0,-0.020424181041973192,0.75,1779451259335708076
59.0,0.1484432816505432,0.6390615701675415,0.49354514479637146,106.84266662597656,314.8412170410156,21.0,38.0,0.288135593220339,387.45,0.21078124999999998,321.8824157714844,0.005882549285888672,1.0,-0.08490136802926138,1.0,1779451259367284203
67.0,0.08343436568975449,0.5796661972999573,0.4219539761543274,92.5692367553711,312.0144348144531,28.0,39.0,0.16417910447761194,364.7654122193596,0.13989191318549868,315.8428955078125,-0.012990951538085938,1.0,-0.06526232941600764,1.0,1779451259401922083
65.0,0.06651652604341507,0.5854554772377014,0.42337146401405334,97.87870025634766,306.36090087890625,28.0,37.0,0.13846153846153847,332.3388218923933,0.03855881841372906,316.10693359375,-0.01216583251953125,1.0,-0.11842487052908829,1.0,1779451259435033309
59.0,0.11601002514362335,0.5152557492256165,0.3779212236404419,94.94227600097656,288.9186706542969,23.0,36.0,0.22033898305084745,320.28031145717466,0.0008759733036708184,271.023681640625,-0.15305099487304688,1.0,-0.08200721189628932,0.5,1779451259467969856
56.0,0.07920299470424652,0.577299952507019,0.4306229054927826,101.87616729736328,288.9186706542969,26.0,30.0,0.07142857142857142,297.0030869357535,-0.07186535332577026,257.3218078613281,-0.1958693504333496,1.0,-0.12957498057337072,0.75,1779451259501761954
50.0,0.03781287744641304,0.6240366697311401,0.44508853554725647,104.67079162597656,279.7016296386719,23.0,27.0,0.08,302.9807692307692,-0.053185096153846166,322.5615539550781,0.008004856109619141,1.0,-0.1304318124402509,1.0,1779451259535136804
46.0,0.07557056743267973,0.6285320082549695,0.48024601096794545,112.47355651855469,287.1410827636719,22.0,24.0,0.043478260869565216,305.7884873765593,-0.044410976948252134,316.5159912109375,-0.010887527465820312,1.0,-0.10608262106004221,0.75,1779451259567937821
46.0,0.0963042139142611,0.6207856074699412,0.4724014934745679,110.35901641845703,304.9475402832031,20.0,26.0,0.13043478260869565,327.8898820584846,0.02465588143276438,321.031982421875,0.003224945068359375,1.0,-0.11136425818189893,0.75,1779451259611302720
54.0,0.061110321432352066,0.6077396869659424,0.45090052485466003,91.09880828857422,283.593017578125,23.0,31.0,0.14814814814814814,325.0224358974359,0.015695112179487224,325.1304931640625,0.01603279113769531,1.0,-0.1521565999929636,0.75,1779451259641503224
41.0,0.1658200398601094,0.659992283321369,0.5175028137649389,114.15048217773438,309.7644348144531,17.0,24.0,0.17073170731707318,375.8869565217391,0.17464673913043463,321.3919677734375,0.004349899291992187,1.0,-0.10445104065891077,1.0,1779451259672683316
46.0,0.25144783837196394,0.6876249573958982,0.5933565916141457,106.42353820800781,306.2172546386719,18.0,28.0,0.21739130434782608,328.21245073903543,0.025663908559485728,319.248046875,-0.002349853515625,1.0,-0.1590581256367561,1.0,1779451259707552520
36.0,0.20825911908644626,0.6411085077234219,0.5368941489951298,132.98028564453125,307.63128662109375,13.0,23.0,0.2777777777777778,329.3692016899373,0.029278755281054104,321.6778564453125,0.0052433013916015625,1.0,-0.16833633163165887,0.75,1779451259737575835
35.0,0.20242868742055406,0.5981769218111941,0.49599974512336786,131.2790069580078,295.0542297363281,12.0,23.0,0.3142857142857143,349.4490338164251,0.09202823067632852,318.0,-0.00625,1.0,-0.13735424647167982,0.5,1779451259769122612
48.0,0.1646865410004783,0.703237035532496,0.5825679462919363,106.7740249633789,288.66937255859375,18.0,30.0,0.25,332.29213483146066,0.03841292134831455,320.2306213378906,0.0007206916809082032,1.0,-0.16469599783054673,1.0,1779451259801536296
41.0,0.15430334233703885,0.6917721519913069,0.5811774916551873,120.31101989746094,300.7074890136719,17.0,24.0,0.17073170731707318,369.28846153846155,0.15402644230769233,321.070556640625,0.003345489501953125,1.0,-0.13135768192718564,0.75,1779451259834730120
44.0,0.10970867810984669,0.6486565311380476,0.4964339155335701,101.78447723388672,261.08428955078125,19.0,25.0,0.13636363636363635,330.7556179775281,0.03361130617977537,326.5758056640625,0.02054939270019531,1.0,-0.14790120133288323,0.75,1779451259867892154
45.0,0.058580007404088974,0.702073872089386,0.5461615920066833,106.39110565185547,295.0542297363281,22.0,23.0,0.022222222222222223,331.0470513287222,0.03452203540225689,316.2069091796875,-0.011853408813476563,1.0,-0.1378744422381942,1.0,1779451259901639079
49.0,0.17933857175104367,0.7077247981038804,0.5566760322191489,101.89990997314453,271.8253173828125,16.0,33.0,0.3469387755102041,346.45825647566716,0.08268205148645986,318.56353759765625,-0.004488945007324219,1.0,-0.1882760222504553,1.0,1779451259934632879
50.0,0.19241860528031382,0.6400237700109973,0.5045365514282325,104.79607391357422,304.055908203125,18.0,32.0,0.28,334.2881347842688,0.04465042120083993,317.8372497558594,-0.006758594512939453,1.0,-0.1613431403267392,1.0,1779451259967889310
47.0,0.2159651615781849,0.5914914152941699,0.4566887521626964,108.7953872680664,304.055908203125,16.0,31.0,0.3191489361702128,347.13231221876083,0.0847884756836276,317.17767333984375,-0.008819770812988282,1.0,-0.18450891336599196,0.75,1779451260001377295
46.0,0.14428777992725372,0.6415111422538757,0.49568960070610046,118.68750762939453,315.767333984375,20.0,26.0,0.13043478260869565,326.2980807676929,0.01968150239904034,320.4271240234375,0.0013347625732421874,1.0,-0.2245878127091948,1.0,1779451260033987869
48.0,0.11977395415306091,0.5386006832122803,0.39519941806793213,103.34345245361328,298.8042907714844,18.0,30.0,0.25,339.1388888888889,0.05980902777777786,322.28167724609375,0.007130241394042969,1.0,-0.18741036443911124,0.5,1779451260068693127
50.0,0.014177581295371056,0.693951427936554,0.5355103611946106,107.06839752197266,328.805419921875,22.0,28.0,0.12,342.0414438502674,0.06887951203208562,325.4515686035156,0.01703615188598633,1.0,-0.24390031786475616,0.75,1779451260101389080
56.0,0.025324702262878418,0.6588971614837646,0.5131748914718628,96.47076416015625,287.50653076171875,21.0,35.0,0.25,361.13922736084186,0.12856008550263082,329.35894775390625,0.029246711730957033,1.0,-0.20706708167405077,0.5,1779451260134028774
56.0,0.03530820459127426,0.7098079919815063,0.5546402335166931,90.60208892822266,276.8772277832031,22.0,34.0,0.21428571428571427,343.80308942104716,0.07438465444077239,325.360595703125,0.016751861572265624,1.0,-0.2322430663372088,1.0,1779451260167406882
47.0,-0.004308213479816914,0.6621246933937073,0.5236356854438782,102.59354400634766,282.5260925292969,22.0,25.0,0.06382978723404255,389.0625,0.2158203125,309.0928649902344,-0.03408479690551758,1.0,-0.22469397028430738,0.5,1779451260200628293
51.0,0.19560866057872772,0.6688302159309387,0.525772750377655,102.88394927978516,287.83502197265625,16.0,35.0,0.37254901960784315,345.6347666984871,0.08010864593277223,320.6190490722656,0.0019345283508300781,1.0,-0.23021039214188857,1.0,1779451260234218177
56.0,0.08143620938062668,0.6572532057762146,0.5033277869224548,100.99398040771484,276.588134765625,22.0,34.0,0.21428571428571427,346.79058997337484,0.08372059366679636,320.6222229003906,0.0019444465637207032,1.0,-0.22871028487221176,1.0,1779451260267231737
46.0,0.24099916219711304,0.5656552314758301,0.4613385796546936,117.87797546386719,306.7197265625,12.0,34.0,0.4782608695652174,397.0777944539737,0.24086810766866779,319.49615478515625,-0.0015745162963867188,1.0,-0.208382644823329,0.75,1779451260300507159
51.0,0.12478853762149811,0.5991787910461426,0.47773730754852295,104.57286834716797,298.4526672363281,17.0,34.0,0.3333333333333333,350.4947580645161,0.09529611895161275,321.8819274902344,0.005881023406982422,1.0,-0.2616207938409348,0.5,1779451260339370619
52.0,0.12500697374343872,0.5541456341743469,0.40022337436676025,89.81291961669922,282.17901611328125,14.0,38.0,0.46153846153846156,349.5681795131846,0.09240056097870183,406.61553955078125,0.2706735610961914,1.0,-0.26071085345941597,0.5,1779451260369409976
52.0,0.12298362702131271,0.5796972513198853,0.44071584939956665,91.82447052001953,302.6416931152344,15.0,37.0,0.4230769230769231,373.8164995822891,0.16817656119465346,323.19671630859375,0.009989738464355469,1.0,-0.2823466467751505,0.75,1779451260401223643
49.0,0.11147744208574295,0.6070496439933777,0.4756750464439392,102.73695373535156,299.8132629394531,17.0,32.0,0.30612244897959184,354.56349206349205,0.10801091269841265,341.11944580078125,0.0659982681274414,1.0,-0.3138537271102589,0.75,1779451260436263470
36.0,0.2043830305337906,0.6935577392578125,0.577366292476654,108.96302032470703,291.3280029296875,12.0,24.0,0.3333333333333333,331.08578431372547,0.03464307598039209,324.8531494140625,0.015166091918945312,1.0,-0.2610146057922853,1.0,1779451260473982653
41.0,0.1458951234817505,0.6347703337669373,0.5132548809051514,114.79507446289062,287.0853576660156,14.0,27.0,0.3170731707317073,349.43265083265084,0.09197703385203386,321.82220458984375,0.005694389343261719,1.0,-0.2837373820447866,0.75,1779451260502380617
58.0,0.14069026708602905,0.5485895276069641,0.4029664099216461,93.01781463623047,299.8132629394531,16.0,42.0,0.4482758620689655,349.6225315452951,0.09257041107904715,325.20556640625,0.01626739501953125,1.0,-0.2728247973658319,0.75,1779451260535058177
66.0,0.11483762413263321,0.5430415868759155,0.3755635917186737,94.29857635498047,302.6416931152344,18.0,48.0,0.45454545454545453,350.3817204301075,0.094942876344086,418.7317810058594,0.30853681564331054,1.0,-0.2915965458411961,1.0,1779451260567863538
59.0,0.13735993206501007,0.5352426171302795,0.39177238941192627,95.98650360107422,302.6416931152344,15.0,44.0,0.4915254237288136,338.3696721311475,0.057405225409836017,382.64288330078125,0.19575901031494142,1.0,-0.26840122402720623,0.75,1779451260601793342
57.0,0.11951269209384918,0.5440101027488708,0.42036172747612,107.06781005859375,302.6416931152344,18.0,39.0,0.3684210526315789,342.5966386554622,0.07061449579831933,346.03570556640625,0.08136157989501953,1.0,-0.24211767093181596,0.5,1779451260635178745
58.0,0.16689930856227875,0.5049337148666382,0.3643014132976532,95.55091857910156,302.6416931152344,15.0,43.0,0.4827586206896552,346.3652159244264,0.08239129976383257,322.9057922363281,0.009080600738525391,1.0,-0.2166410549963461,0.75,1779451260668437931
45.0,0.17983761429786682,0.6301529407501221,0.48503243923187256,110.30473327636719,302.6416931152344,14.0,31.0,0.37777777777777777,343.7872446297563,0.07433513946798839,317.9900207519531,-0.0062811851501464845,1.0,-0.27021942521605136,1.0,1779451260701251342
53.0,0.14658623933792114,0.5052018761634827,0.3695777654647827,97.93033599853516,267.3724060058594,14.0,39.0,0.4716981132075472,322.7972709551657,0.008741471734892769,245.33248901367188,-0.2333359718322754,1.0,-0.23110290111171714,0.5,1779451260735792756
63.0,0.19452057778835297,0.5374785661697388,0.3936861455440521,91.70685577392578,287.83502197265625,15.0,48.0,0.5238095238095238,340.71067961165045,0.06472087378640765,317.505615234375,-0.007794952392578125,1.0,-0.25738521934437925,1.0,1779451260767310646
53.0,0.21513204276561737,0.5028031468391418,0.4026538133621216,102.7160873413086,292.0770568847656,13.0,40.0,0.5094339622641509,336.43217271234516,0.051350539726078635,309.21600341796875,-0.033699989318847656,1.0,-0.22384950998266176,0.5,1779451260801380408
51.0,0.15666162967681885,0.5342801809310913,0.4019606113433838,107.1885757446289,338.42724609375,18.0,33.0,0.29411764705882354,333.7373780837636,0.04292930651176121,308.56683349609375,-0.03572864532470703,1.0,-0.20892757939956014,0.5,1779451260834096246
49.0,0.152706578373909,0.5475492477416992,0.42574071884155273,112.95065307617188,294.2108154296875,18.0,31.0,0.2653061224489796,285.3269230769231,-0.10835336538461533,306.22113037109375,-0.04305896759033203,1.0,-0.19326543743739694,0.5,1779451260867645240
48.0,0.18985311686992645,0.560049831867218,0.42483749985694885,111.6437759399414,299.1471252441406,15.0,33.0,0.375,328.5494189718328,0.026716934286977433,301.52886962890625,-0.057722282409667966,1.0,-0.23196285824360732,0.75,1779451260901699123
49.0,0.2246195673942566,0.6026811003684998,0.4747242033481598,106.45806121826172,282.8745422363281,18.0,31.0,0.2653061224489796,324.2226418429926,0.01319575575935179,299.6883239746094,-0.0634739875793457,1.0,-0.21663974864565164,1.0,1779451260937897014
44.0,0.15458351373672485,0.5389451384544373,0.3977707028388977,114.42831420898438,281.1138610839844,14.0,30.0,0.36363636363636365,363.40053763440864,0.135626680107527,296.0596618652344,-0.07481355667114258,1.0,-0.19298949646985275,0.5,1779451260967780084
57.0,0.14896538853645325,0.5837628245353699,0.44296935200691223,97.67034912109375,308.0211181640625,20.0,37.0,0.2982456140350877,318.2432432432432,-0.005489864864864913,323.56280517578125,0.011133766174316407,1.0,-0.14172816905346505,0.75,1779451261001241046
57.0,0.15745985507965088,0.5372486710548401,0.4069233536720276,99.4515380859375,310.8456115722656,19.0,38.0,0.3333333333333333,314.8253745318352,-0.01617070458801493,284.4958190917969,-0.11095056533813477,1.0,-0.15993818490403905,0.5,1779451261035714729
55.0,0.11794141680002213,0.5805385708808899,0.4242996275424957,99.94017028808594,310.8456115722656,18.0,37.0,0.34545454545454546,334.13884714469725,0.04418389732717891,290.4655456542969,-0.09229516983032227,1.0,-0.1431892919110675,0.75,1779451261068649094
61.0,0.11459621042013168,0.5582881569862366,0.3987082242965698,93.33531188964844,312.2579040527344,22.0,39.0,0.2786885245901639,307.0274193548387,-0.04053931451612911,290.9154052734375,-0.09088935852050781,1.0,-0.17914891872021058,0.75,1779451261101692553
56.0,0.15465989708900452,0.5780200958251953,0.40416064858436584,96.09210205078125,313.0015869140625,20.0,36.0,0.2857142857142857,304.0,-0.05,377.0294189453125,0.17821693420410156,1.0,-0.1620667740560969,1.0,1779451261134871730
56.0,0.19411697984175838,0.6116943938374687,0.4566842086789632,99.51891326904297,314.4137268066406,23.0,33.0,0.17857142857142858,334.24169013376246,0.04450528166800769,280.0411682128906,-0.1248713493347168,1.0,-0.1277588690108096,1.0,1779451261166947926
57.0,0.17706515617359012,0.6017886964129342,0.43204135032943375,100.63027954101562,310.8456115722656,23.0,34.0,0.19298245614035087,296.13010597978666,-0.07459341881316668,274.1049499511719,-0.14342203140258789,1.0,-0.14513869303094173,1.0,1779451261200929240
48.0,0.21607528626918793,0.5258307456970215,0.379376083612442,100.6856460571289,308.0211181640625,16.0,32.0,0.3333333333333333,293.1117318435754,-0.08402583798882687,274.09759521484375,-0.14344501495361328,1.0,-0.1059021496351594,0.75,1779451261234440487
46.0,0.15319843590259552,0.5456558465957642,0.41806718707084656,121.23302459716797,305.1966552734375,18.0,28.0,0.21739130434782608,312.17069327731093,-0.02446658350840334,269.52667236328125,-0.1577291488647461,1.0,-0.09584579364929047,0.5,1779451261267623612
53.0,0.17922739684581757,0.5348134636878967,0.4071924090385437,102.92967987060547,305.1966552734375,18.0,35.0,0.32075471698113206,309.7125,-0.03214843750000007,358.5,0.1203125,1.0,-0.1018179620317396,0.5,1779451261300822949
52.0,0.14505968987941742,0.5328896641731262,0.4058273434638977,99.49042510986328,303.7844543457031,20.0,32.0,0.23076923076923078,333.6378205128205,0.042618189102564055,266.7476501464844,-0.16641359329223632,1.0,-0.08333718192712473,0.5,1779451261335342707
53.0,0.23256682653753263,0.6007707384986384,0.45152940657799906,113.05042266845703,312.2579040527344,17.0,36.0,0.3584905660377358,368.68415025194685,0.15213796953733388,263.4090576171875,-0.17684669494628907,1.0,-0.11746729283211796,1.0,1779451261367556712
44.0,0.28028092277788746,0.5910288207659173,0.4696301751698327,118.24439239501953,308.0211181640625,15.0,29.0,0.3181818181818182,348.2874301675978,0.0883982192737431,263.1548767089844,-0.17764101028442383,1.0,-0.02925041611018657,1.0,1779451261401422311
54.0,0.16810025519656915,0.6343005495303107,0.49973847141456634,104.23291778564453,312.2579040527344,19.0,35.0,0.2962962962962963,297.4058333333333,-0.07060677083333342,269.8868103027344,-0.15660371780395507,1.0,-0.083503860521356,1.0,1779451261435157860
52.0,0.09630329833742991,0.5538303853516372,0.39400332523385395,99.61825561523438,302.3722839355469,21.0,31.0,0.19230769230769232,340.4887387387388,0.06402730855855872,254.24111938476562,-0.20549650192260743,1.0,-0.053611746114062345,0.5,1779451261468049575
50.0,0.13686218537633316,0.5308272893267706,0.37843325495962993,103.53007507324219,298.8042907714844,19.0,31.0,0.24,380.3708133971292,0.1886587918660288,251.88442993164062,-0.21286115646362305,1.0,-0.02774715822886449,0.5,1779451261501458867
49.0,0.18505763770234115,0.5280228129962072,0.3965745324825926,114.93145751953125,297.3919982910156,15.0,34.0,0.3877551020408163,291.25104515641385,-0.08984048388620672,286.6934509277344,-0.10408296585083007,1.0,-0.04574002054496769,0.5,1779451261534432104
58.0,0.183052998279101,0.5138446215229429,0.3917972081811409,100.3750228881836,294.5674743652344,16.0,42.0,0.4482758620689655,293.61197214734955,-0.08246258703953266,254.2279815673828,-0.2055375576019287,1.0,-0.02287980774338544,0.5,1779451261567578466
55.0,0.28792464689539593,0.5624729908336167,0.4694763234776023,111.81000518798828,304.45361328125,17.0,38.0,0.38181818181818183,303.8194767204827,-0.05056413524849148,244.95436096191406,-0.23451762199401854,1.0,-0.061854482934437696,1.0,1779451261601312758
51.0,0.13101553657860046,0.6099672258886344,0.44758048244789433,105.75190734863281,297.73309326171875,19.0,32.0,0.2549019607843137,332.54325396825396,0.03919766865079364,246.8319091796875,-0.22865028381347657,1.0,-0.04540108943465415,1.0,1779451261633881444
47.0,0.09175769239664078,0.6382842659950256,0.4797383248806,111.59288024902344,316.494873046875,18.0,29.0,0.23404255319148937,296.7901708699581,-0.07253071603138092,239.25225830078125,-0.2523366928100586,1.0,-0.02442449612669921,1.0,1779451261667908034
55.0,0.15453939139842987,0.6007521152496338,0.4600732922554016,107.08268737792969,296.319091796875,21.0,34.0,0.23636363636363636,272.60362531439927,-0.1481136708925023,237.98306274414062,-0.2563029289245605,1.0,-0.0055212834090196256,1.0,1779451261701181013
50.0,0.27066781651714833,0.5493739139035646,0.4474673167292217,105.12471008300781,304.45361328125,16.0,34.0,0.36,269.8242771684945,-0.15679913384845462,307.6890869140625,-0.03847160339355469,1.0,-0.0005083738708490521,0.75,1779451261734300617
54.0,0.16725292801856995,0.5689126253128052,0.45578742027282715,104.57583618164062,288.9186706542969,15.0,39.0,0.4444444444444444,280.59609871619097,-0.12313719151190324,214.56521606445312,-0.329483699798584,1.0,-1.2906414936554278,1.0,1779451261867710229
47.0,0.27207186818122864,0.6041723489761353,0.5465779304504395,118.9409408569336,305.1966552734375,13.0,34.0,0.44680851063829785,239.88511806543386,-0.2503590060455192,209.2423095703125,-0.3461177825927734,1.0,0.06742705027555113,0.75,1779451261901010328
55.0,0.1754917949438095,0.577033519744873,0.46806395053863525,108.03498840332031,258.44342041015625,15.0,40.0,0.45454545454545453,265.2954074910597,-0.17095185159043852,223.23667907714844,-0.3023853778839111,1.0,0.13029536013494167,0.75,1779451261934825240
57.0,0.19404593110084534,0.5385363698005676,0.4146788418292999,97.88983154296875,252.05157470703125,20.0,37.0,0.2982456140350877,287.85805271013515,-0.10044358528082764,297.0352783203125,-0.07176475524902344,1.0,0.09898858794614826,0.75,1779451261967723561
52.0,0.22809699177742004,0.576332688331604,0.48257017135620117,112.67391204833984,293.64093017578125,17.0,35.0,0.34615384615384615,280.44847192608387,-0.12359852523098791,212.39956665039062,-0.3362513542175293,1.0,-1.2664028324921492,1.0,1779451262002226554
54.0,0.16029787063598633,0.5865939855575562,0.46458184719085693,117.12456512451172,292.2276611328125,19.0,35.0,0.2962962962962963,225.86988213399508,-0.2941566183312654,218.51458740234375,-0.3171419143676758,1.0,-1.2499273979728949,0.75,1779451262035686130
46.0,0.20106478035449982,0.5803983807563782,0.4598552882671356,123.0475845336914,304.9475402832031,16.0,30.0,0.30434782608695654,230.29960464541634,-0.2803137354830739,210.58871459960938,-0.3419102668762207,1.0,-1.2288057767586427,0.5,1779451262067915063
50.0,0.14494511485099792,0.5946624279022217,0.478860467672348,122.72027587890625,308.5060729980469,14.0,36.0,0.44,269.65985312562145,-0.15731295898243297,310.6116638183594,-0.029338550567626954,1.0,-1.2213895638129817,0.5,1779451262101473433
57.0,0.2679547071456909,0.5364471077919006,0.45869502425193787,99.65602111816406,297.1497802734375,18.0,39.0,0.3684210526315789,274.1731060606061,-0.14320904356060601,222.2779541015625,-0.30538139343261717,1.0,0.16650208572890152,0.75,1779451262135334036
55.0,0.1939770132303238,0.5420489311218262,0.42610105872154236,106.75187683105469,287.9461669921875,18.0,37.0,0.34545454545454546,226.26155821917808,-0.29293263056506846,225.26922607421875,-0.2960336685180664,1.0,-1.2606719192708509,0.75,1779451262167245192
55.0,0.16491913795471191,0.5551053285598755,0.4346335232257843,106.4398422241211,274.3883972167969,20.0,35.0,0.2727272727272727,250.85630252100842,-0.2160740546218487,214.42100524902344,-0.32993435859680176,1.0,-1.2190039321799506,0.5,1779451262207306245
53.0,0.1879691481590271,0.5260366797447205,0.42090365290641785,100.79220581054688,318.4729309082031,16.0,37.0,0.39622641509433965,262.69881465517244,-0.17906620420258612,214.59466552734375,-0.3293916702270508,1.0,-1.2384843923218134,0.5,1779451262242312889
50.0,0.2865499258041382,0.5786014199256897,0.5260229706764221,112.64212799072266,313.4996032714844,13.0,37.0,0.48,269.554068914956,-0.15764353464076244,211.4282989501953,-0.33928656578063965,1.0,-1.2637623047258644,1.0,1779451262275482844
55.0,0.18599890172481537,0.5200523734092712,0.41291898488998413,104.56355285644531,281.1138610839844,16.0,39.0,0.41818181818181815,268.5530303030303,-0.16077178030303027,227.07794189453125,-0.29038143157958984,1.0,-1.2017454020954508,0.5,1779451262307274900
66.0,0.15259326994419098,0.5057665109634399,0.39486831426620483,92.74604034423828,292.0770568847656,22.0,44.0,0.3333333333333333,250.93006756756756,-0.21584353885135138,248.14129638671875,-0.2245584487915039,1.0,-1.1864405911573268,1.0,1779451262338441464
64.0,0.1514417678117752,0.5641711354255676,0.42371219396591187,96.53793334960938,310.4126281738281,24.0,40.0,0.25,297.6764214046823,-0.06976118311036786,206.12310791015625,-0.3558652877807617,1.0,-1.2366816661096718,1.0,1779451262370514113
60.0,0.24503333866596222,0.5268623232841492,0.43745100498199463,103.18008422851562,279.88568115234375,20.0,40.0,0.3333333333333333,318.7897435897436,-0.003782051282051313,223.0740966796875,-0.30289344787597655,1.0,-1.1583107042502974,0.5,1779451262402132164
71.0,0.20264653861522675,0.5099323987960815,0.41870689392089844,96.23239135742188,287.9461669921875,24.0,47.0,0.323943661971831,265.1552419354839,-0.17138986895161282,227.6351318359375,-0.2886402130126953,1.0,-1.1777098145938611,1.0,1779451262435119361
71.0,0.1514151245355606,0.5148902535438538,0.3980215787887573,94.14463806152344,248.35861206054688,19.0,52.0,0.4647887323943662,386.0992063492063,0.20656001984126976,232.68231201171875,-0.2728677749633789,1.0,-1.1787676704210548,0.5,1779451262468791890
71.0,0.1626744419336319,0.5288099646568298,0.3990708291530609,90.3164291381836,282.84271240234375,21.0,50.0,0.4084507042253521,436.8888888888889,0.36527777777777787,319.810791015625,-0.000591278076171875,1.0,-1.2417905612805906,0.75,1779451262501852745
74.0,0.15532106810690513,0.48521451913676933,0.3457953177811641,87.34127044677734,284.94561767578125,22.0,52.0,0.40540540540540543,402.40270128507734,0.2575084415158667,322.83111572265625,0.008847236633300781,1.0,-1.1613388759837666,0.5,1779451262567493774
80.0,0.17505719580525775,0.5299266984906289,0.39907668864192686,89.51079559326172,322.9814147949219,29.0,51.0,0.275,210.93160127253446,-0.3408387460233298,394.14141845703125,0.23169193267822266,1.0,-1.2426336045345376,0.55,1779451262633662108
70.0,0.15698158392763842,0.5136732755488739,0.380840563963846,92.91385650634766,322.9814147949219,29.0,41.0,0.17142857142857143,256.44105691056905,-0.19862169715447173,290.499755859375,-0.09218826293945312,1.0,-1.242589610377127,1.0,1779451262667529336
83.0,0.19047714954007042,0.4664690677727416,0.35726114084349997,88.633544921875,327.4339599609375,24.0,59.0,0.42168674698795183,250.97950393685903,-0.21568905019731552,385.0906677246094,0.2034083366394043,1.0,-1.2276987860669204,0.55,1779451262700529112
76.0,0.23628333365508533,0.4632392577635221,0.37722210152430685,82.8174057006836,322.9814147949219,23.0,53.0,0.39473684210526316,253.2346461949266,-0.2086417306408544,322.39385986328125,0.007480812072753906,1.0,-1.1916097146468119,0.55,1779451262735244942
80.0,0.09177527576684952,0.4563991129398346,0.3116140365600586,84.53028869628906,324.359375,24.0,56.0,0.4,235.9627192982456,-0.26261650219298255,321.17498779296875,0.0036718368530273436,1.0,-1.232090603054989,0.55,1779451262769028155
75.0,0.13240236043930054,0.4940802752971649,0.3690820336341858,88.66352844238281,326.5853576660156,23.0,52.0,0.38666666666666666,234.97142857142853,-0.26571428571428585,319.98431396484375,-4.901885986328125e-05,1.0,-1.2113339499217242,0.55,1779451262800870672
72.0,0.14518029987812042,0.4939417243003845,0.3732093274593353,90.77114868164062,320.75537109375,22.0,50.0,0.3888888888888889,237.64399345822187,-0.25736252044305663,377.7059326171875,0.18033103942871093,1.0,-1.200594178809419,0.55,1779451262833885996
83.0,0.12882856007922908,0.4894327530943235,0.3462111348727303,86.19114685058594,320.75537109375,26.0,57.0,0.37349397590361444,250.641051682854,-0.21674671349108127,305.89337158203125,-0.04408321380615234,1.0,-1.1729259400622145,1.0,1779451262867223992
76.0,0.14081107093302503,0.5151163700832221,0.37742417615900237,91.50382232666016,332.4154052734375,23.0,53.0,0.39473684210526316,313.608504398827,-0.01997342375366564,398.0264892578125,0.24383277893066407,1.0,-1.2179846293848047,0.55,1779451262900317632
77.0,0.11138861626386642,0.5266045928001404,0.38941553235054016,94.65316772460938,308.22882080078125,27.0,50.0,0.2987012987012987,279.51883408343014,-0.12650364348928084,363.37994384765625,0.13556232452392578,1.0,-1.2000896700270984,0.55,1779451262933938060
83.0,0.12043705582618713,0.5155820250511169,0.36802205443382263,84.966064453125,309.095458984375,27.0,56.0,0.3493975903614458,278.47727272727275,-0.12975852272727267,350.12628173828125,0.09414463043212891,1.0,-1.207574581325113,0.55,1779451262967597137
74.0,0.08486027270555496,0.5032464265823364,0.3595198690891266,96.2609634399414,299.30084228515625,23.0,51.0,0.3783783783783784,357.65671641791045,0.11767723880597014,404.16754150390625,0.26302356719970704,1.0,-1.1835728329047812,1.0,1779451263000582217
86.0,0.10848508030176163,0.4513299763202667,0.316585898399353,84.94755554199219,301.5327453613281,29.0,57.0,0.32558139534883723,318.1060606060606,-0.005918560606060552,326.74505615234375,0.02107830047607422,1.0,-1.1910237515789985,0.55,1779451263033500084
79.0,0.12603424489498138,0.46560055017471313,0.34028390049934387,88.5946044921875,279.5782470703125,24.0,55.0,0.3924050632911392,388.66666666666663,0.2145833333333332,361.97381591796875,0.13116817474365233,1.0,-1.1858643616035063,0.55,1779451263068121922
82.0,0.11174632608890533,0.49128958582878113,0.35924285650253296,89.80308532714844,275.9800720214844,24.0,58.0,0.4146341463414634,370.1310339204175,0.15665948100130472,329.93487548828125,0.031046485900878905,1.0,-1.1818980498097353,0.55,1779451263102565237
83.0,0.1280161440372467,0.48223692178726196,0.35156121850013733,88.37986755371094,266.1522216796875,29.0,54.0,0.30120481927710846,392.6544894366197,0.2270452794894366,393.2874755859375,0.22902336120605468,1.0,-1.1729910305442155,0.55,1779451263134707719
91.0,0.1253460794687271,0.445659875869751,0.32368314266204834,79.86913299560547,267.85443115234375,28.0,63.0,0.38461538461538464,220.87321428571425,-0.309771205357143,388.97393798828125,0.2155435562133789,0.9983641624450683,-1.1332355754207266,1.0,1779451263168315899
92.0,0.07690994441509247,0.4066745936870575,0.2777273654937744,89.22914123535156,331.1857604980469,30.0,62.0,0.34782608695652173,234.7982876712329,-0.26625535102739717,408.1573486328125,0.27549171447753906,1.0,-1.166889339813155,0.55,1779451263203170781
80.0,0.08280118554830551,0.4414009749889374,0.30999302864074707,87.49067687988281,275.2181091308594,26.0,54.0,0.35,228.21073160446977,-0.286841463736032,403.1982116699219,0.2599944114685059,1.0,-1.1722113159811667,1.0,1779451263233643329
74.0,0.07667075097560883,0.45150262117385864,0.31690019369125366,95.70024871826172,330.3468017578125,25.0,49.0,0.32432432432432434,179.80477981968437,-0.4381100630634863,328.8790283203125,0.027746963500976562,1.0,-1.153106962993852,0.55,1779451263266581438
71.0,0.0580277182161808,0.44271689653396606,0.30266353487968445,97.71043395996094,328.9635314941406,26.0,45.0,0.2676056338028169,209.060639070443,-0.34668550290486566,420.74090576171875,0.3148153305053711,1.0,-1.1370476709113733,1.0,1779451263335900601
83.0,0.09349256753921509,0.44570425152778625,0.3172082006931305,89.18802642822266,330.3468017578125,27.0,56.0,0.3493975903614458,230.7722770626292,-0.2788366341792837,407.93023681640625,0.2747819900512695,1.0,-1.1469895699143768,0.55,1779451263401614471
84.0,0.060061097145080566,0.45953884720802307,0.31074440479278564,86.63362121582031,336.174072265625,33.0,51.0,0.21428571428571427,232.1287717601547,-0.2745975882495165,437.73095703125,0.36790924072265624,1.0,-1.025183129537791,0.75,1779451263434260063
87.0,0.07570384442806244,0.4030502140522003,0.27860066294670105,82.74083709716797,277.65625,27.0,60.0,0.3793103448275862,247.41973899413932,-0.2268133156433146,433.0086975097656,0.3531521797180176,1.0,-1.148391240900024,0.55,1779451263500990940
82.0,0.08640342205762863,0.4233737885951996,0.2925891578197479,85.29092407226562,267.80029296875,25.0,57.0,0.3902439024390244,243.4934657213243,-0.23908291962086156,424.8403625488281,0.3276261329650879,1.0,-1.1112395911975144,0.55,1779451263534738511
79.0,0.0856885239481926,0.431088924407959,0.30414992570877075,88.29328918457031,322.07452392578125,28.0,51.0,0.2911392405063291,253.2851327145416,-0.20848396026705754,311.57110595703125,-0.026340293884277343,1.0,-1.0875921134453648,1.0,1779451263568669241
86.0,0.0968380719423294,0.43456318974494934,0.3080008625984192,85.22583770751953,285.35064697265625,28.0,58.0,0.3488372093023256,195.4001225490196,-0.3893746170343137,432.49517822265625,0.3515474319458008,1.0,-1.0851395789394787,1.0,1779451263602256046
80.0,0.07139061391353607,0.4589732587337494,0.3105717599391937,93.08653259277344,337.2595520019531,31.0,49.0,0.225,237.4327910795433,-0.25802252787642715,434.722412109375,0.3585075378417969,1.0,-1.0008543768086249,0.5,1779451263634224550
88.0,0.04833228886127472,0.4136388897895813,0.28295910358428955,84.51663970947266,337.8179931640625,28.0,60.0,0.36363636363636365,237.14882524302587,-0.2589099211155442,423.89483642578125,0.3246713638305664,1.0,-1.083949004500596,0.55,1779451263671817494
87.0,0.10533542931079865,0.41713812947273254,0.2946007251739502,84.31995391845703,337.2595520019531,34.0,53.0,0.21839080459770116,253.54967948717953,-0.20765725160256396,340.55133056640625,0.06422290802001954,1.0,-1.096085332366061,0.55,1779451263702943885
84.0,0.08629460632801056,0.4383321702480316,0.3119945228099823,87.80733489990234,338.6473083496094,31.0,53.0,0.2619047619047619,192.0807498057498,-0.39974765685703184,417.5718688964844,0.30491209030151367,1.0,-1.0948332161988419,0.55,1779451263734205893
90.0,0.07236763089895248,0.44312015175819397,0.31783944368362427,85.88920593261719,345.85833740234375,34.0,56.0,0.24444444444444444,213.72863556196887,-0.3320980138688473,424.7554931640625,0.3273609161376953,1.0,-1.1075423096650625,0.55,1779451263767403209
90.0,0.08895450085401535,0.42101454734802246,0.3056705892086029,81.90725708007812,348.6344909667969,32.0,58.0,0.28888888888888886,223.18333333333334,-0.30255208333333333,421.80145263671875,0.3181295394897461,1.0,-1.0614983079957556,1.0,1779451263801388933
70.0,0.07417409867048264,0.46776196360588074,0.3447507321834564,86.18477630615234,274.05474853515625,26.0,44.0,0.2571428571428571,212.7646531100478,-0.33511045903110065,427.28668212890625,0.33527088165283203,1.0,-1.1546415430235477,1.0,1779451263832873511
92.0,0.07728089392185211,0.4200900197029114,0.29824092984199524,86.83979797363281,341.4234924316406,31.0,61.0,0.32608695652173914,254.55375602391717,-0.20451951242525884,474.0066833496094,0.4812708854675293,1.0,-1.0921215597483866,0.55,1779451263869817132
105.0,0.027908824384212494,0.39001065492630005,0.2585371434688568,75.24784088134766,337.8179931640625,44.0,61.0,0.1619047619047619,313.96000000000004,-0.018874999999999885,467.6842041015625,0.4615131378173828,0.9405980110168457,-1.0830517272336706,1.0,1779451263901011748
98.0,0.05028088390827179,0.4109545946121216,0.2810823619365692,85.70263671875,340.0352783203125,40.0,58.0,0.1836734693877551,279.8908699059561,-0.1253410315438872,348.77679443359375,0.08992748260498047,1.0,-1.0521268651226132,1.0,1779451263934488718
101.0,0.07183335721492767,0.431863397359848,0.31591159105300903,82.16365814208984,341.4234924316406,42.0,59.0,0.16831683168316833,311.37776821572004,-0.02694447432587488,475.87127685546875,0.48709774017333984,1.0,-1.088178744173144,0.55,1779451263967310297
97.0,0.060007523745298386,0.44753122329711914,0.31225547194480896,84.87222290039062,300.374755859375,40.0,57.0,0.17525773195876287,293.63455149501664,-0.08239202657807301,444.21112060546875,0.38815975189208984,1.0,-1.0654845550942027,0.55,1779451264002002893
109.0,0.032156962901353836,0.3896852135658264,0.25720590353012085,75.5678482055664,338.6473083496094,49.0,60.0,0.10091743119266056,294.08506944444446,-0.08098415798611107,498.50286865234375,0.5578214645385742,0.9445981025695801,-1.0644911783498219,1.0,1779451264033818040
106.0,0.01811908185482025,0.400057852268219,0.2838138937950134,75.10419464111328,274.3155212402344,40.0,66.0,0.24528301886792453,327.0989057239057,0.022184080387205363,441.9989013671875,0.38124656677246094,0.938802433013916,-1.112880174724209,0.55,1779451264067444795
104.0,0.03640451282262802,0.40378454327583313,0.27785664796829224,77.98514556884766,276.6604309082031,40.0,64.0,0.23076923076923078,290.9516648764769,-0.09077604726100966,411.8284606933594,0.28696393966674805,0.9748143196105957,-1.0964059353459332,0.55,1779451264101146597
86.0,0.06512773036956787,0.44414398074150085,0.3139161765575409,90.0488510131836,329.2187805175781,32.0,54.0,0.2558139534883721,227.7525757575758,-0.28827320075757557,444.52886962890625,0.38915271759033204,1.0,-1.131784859060104,0.55,1779451264167271432
101.0,0.08587629348039627,0.4357779324054718,0.31370803713798523,80.99639892578125,327.00152587890625,41.0,60.0,0.18811881188118812,355.08333333333337,0.10963541666666679,478.751953125,0.496099853515625,1.0,-1.106680420965948,0.55,1779451264201134660
106.0,0.0610913410782814,0.42749151587486267,0.3005068898200989,77.89691925048828,284.5645751953125,38.0,68.0,0.2830188679245283,315.3093309859155,-0.01465834066901408,453.9152526855469,0.418485164642334,0.9737114906311035,-1.1394164435547025,0.55,1779451264233834332
88.0,0.04553495720028877,0.4175994396209717,0.28776314854621887,87.5492172241211,319.7905578613281,29.0,59.0,0.3409090909090909,315.125,-0.015234375,487.9185791015625,0.5247455596923828,1.0,-1.1118970119889653,1.0,1779451264267848518
89.0,0.07349810749292374,0.40720197558403015,0.2700921297073364,85.16651153564453,316.18505859375,30.0,59.0,0.3258426966292135,301.14301948051946,-0.0589280641233767,372.51593017578125,0.16411228179931642,1.0,-1.1621249850977653,0.55,1779451264300785702
102.0,0.09693234413862228,0.45496219396591187,0.3209996819496155,75.38909149169922,268.046630859375,31.0,71.0,0.39215686274509803,299.8579963235294,-0.06294376148897066,457.6351623535156,0.43010988235473635,0.9423636436462403,-1.1765172056602882,0.55,1779451264335997636
105.0,0.07879821956157684,0.4139058589935303,0.2804681658744812,80.60185241699219,267.22650146484375,39.0,66.0,0.2571428571428571,340.73481308411215,0.06479629088785047,474.90716552734375,0.4840848922729492,1.0,-1.1415290523957096,0.55,1779451264368393982
100.0,0.05307883396744728,0.4178732633590698,0.2749072313308716,85.26792907714844,301.2042541503906,40.0,60.0,0.2,313.97437888198755,-0.018830065993788912,481.9465026855469,0.506082820892334,1.0,-1.1667309759181947,0.55,1779451264401879087
91.0,0.02796206809580326,0.48685362935066223,0.32560020685195923,84.79772186279297,301.2042541503906,31.0,60.0,0.31868131868131866,330.3832345191041,0.03244760787220038,384.9955749511719,0.2031111717224121,1.0,-1.155811577718241,0.55,1779451264434906558
88.0,0.14711031317710876,0.4462892711162567,0.3218128979206085,87.75149536132812,274.3155212402344,23.0,65.0,0.4772727272727273,281.06473277762564,-0.12167271006991989,479.58331298828125,0.4986978530883789,1.0,-1.1661576132933638,0.55,1779451264467612178
89.0,0.07787664979696274,0.4320355951786041,0.2755787670612335,83.20960998535156,290.94671630859375,29.0,60.0,0.34831460674157305,309.0725806451613,-0.034148185483870996,487.34765625,0.52296142578125,1.0,-1.1891196607405932,0.55,1779451264501540611
86.0,0.06686989963054657,0.48145318031311035,0.30145877599716187,85.50454711914062,288.1700744628906,25.0,61.0,0.4186046511627907,309.3006403774857,-0.033435498820357165,425.0968933105469,0.328427791595459,1.0,-1.1607745965378293,0.55,1779451264535046660
92.0,0.0376669280230999,0.4724247455596924,0.3025282919406891,83.08123016357422,288.1700744628906,31.0,61.0,0.32608695652173914,327.55,0.023593750000000035,77.77154541015625,-0.7569639205932617,1.0,-1.2062074230483548,0.55,1779451264569369438
86.0,0.041816048324108124,0.47230297327041626,0.29183638095855713,88.14515686035156,262.030517578125,29.0,57.0,0.32558139534883723,310.84782608695656,-0.028600543478260753,81.15319061279297,-0.746396279335022,1.0,0.418992235204403,0.41250000000000003,1779451264602419544
94.0,0.049061134457588196,0.45102202892303467,0.27345889806747437,80.83088684082031,262.030517578125,32.0,62.0,0.3191489361702128,319.39556650246305,-0.0018888546798029537,389.48675537109375,0.21714611053466798,1.0,-1.1323948499497247,1.0,1779451264669516592
91.0,0.10517140477895737,0.4730148911476135,0.3137689232826233,82.34879302978516,260.63385009765625,31.0,60.0,0.31868131868131866,285.5136803936804,-0.10776974876974883,385.094970703125,0.20342178344726564,1.0,0.4615068583415577,0.41250000000000003,1779451264700941598
98.0,0.06312362849712372,0.4673767685890198,0.30622321367263794,76.70301818847656,259.824951171875,36.0,62.0,0.2653061224489796,421.7889705882353,0.31809053308823537,415.0115051269531,0.2969109535217285,0.9587877273559571,0.9585011179705298,0.55,1779451264767749169
95.0,0.14308807253837585,0.5218980312347412,0.3728308081626892,82.36585998535156,265.1490173339844,24.0,71.0,0.49473684210526314,294.3879877369008,-0.08003753832218496,452.0462646484375,0.4126445770263672,1.0,0.3730082252099185,0.55,1779451264833806502
77.0,0.16859233379364014,0.5064011812210083,0.38594135642051697,97.21279907226562,264.1533508300781,23.0,54.0,0.4025974025974026,287.7598039215686,-0.10075061274509807,268.63916015625,-0.16050262451171876,1.0,0.3879253259897114,0.5,1779451264867900350
78.0,0.23699809610843658,0.4996708333492279,0.4139755964279175,102.5351333618164,284.6278381347656,21.0,57.0,0.46153846153846156,275.0015162799886,-0.1406202616250356,275.78564453125,-0.13816986083984376,1.0,0.3666498370272613,0.5,1779451264900837951
81.0,0.20685698091983795,0.48974618315696716,0.3820214569568634,92.64949035644531,264.23663330078125,22.0,59.0,0.4567901234567901,290.92323075475247,-0.09086490389139854,208.46725463867188,-0.3485398292541504,1.0,0.36949110427147447,0.5,1779451264934421267
67.0,0.1519700139760971,0.5250838994979858,0.3951006233692169,109.30439758300781,285.0,21.0,46.0,0.373134328358209,276.1686930091185,-0.1369728343465047,281.3553161621094,-0.1207646369934082,1.0,0.36878758420760405,0.5,1779451265046121772
85.0,0.122709265207428,0.5517187981308455,0.38759799050858035,101.08096313476562,279.7016296386719,25.0,60.0,0.4117647058823529,293.46262910218695,-0.08292928405566577,481.2669677734375,0.5039592742919922,1.0,0.26084342790899717,1.0,1779451265103350059
85.0,0.19161410629749298,0.4869493544101715,0.36496084928512573,91.73021697998047,276.8772277832031,25.0,60.0,0.4117647058823529,287.30441898527005,-0.1021736906710311,190.56051635742188,-0.40449838638305663,1.0,0.35490968813459917,0.5,1779451265134821208
85.0,0.19020201888297525,0.5106382680938878,0.3740095483043889,95.70075225830078,262.0019226074219,24.0,61.0,0.43529411764705883,283.2447299077734,-0.1148602190382082,421.6630859375,0.3176971435546875,1.0,0.27820305791699795,0.41250000000000003,1779451265166274403
76.0,0.1348012238740921,0.5280884504318237,0.3763315677642822,92.37706756591797,257.8003234863281,23.0,53.0,0.39473684210526316,296.02405994038827,-0.07492481268628666,292.7216491699219,-0.08524484634399414,1.0,0.2880952348916697,0.41250000000000003,1779451265200001913
94.0,0.17712929844856262,0.48081451654434204,0.35354167222976685,85.66400146484375,261.26806640625,27.0,67.0,0.425531914893617,280.17188180520543,-0.12446286935873303,361.0464782714844,0.12827024459838868,1.0,0.33344541197038613,0.5,1779451265233771616
83.0,0.2040642499923706,0.5120183825492859,0.41891956329345703,98.25650024414062,259.8557434082031,22.0,61.0,0.46987951807228917,283.1267537493952,-0.11522889453313993,279.98046875,-0.12506103515625,1.0,-1.1961281824948908,1.0,1779451265267202361
83.0,0.16227754950523376,0.5013027191162109,0.37285131216049194,93.91026306152344,259.8557434082031,27.0,56.0,0.3493975903614458,279.48783454987836,-0.12660051703163014,292.551025390625,-0.08577804565429688,1.0,0.3616905224734606,0.5,1779451265300270515
92.0,0.21073894202709198,0.48839056491851807,0.387780100107193,86.42160034179688,259.8557434082031,30.0,62.0,0.34782608695652173,283.0302221717294,-0.11553055571334561,249.62515258789062,-0.21992139816284179,1.0,0.3532510805645174,0.5,1779451265334816801
89.0,0.23617646098136902,0.42376071214675903,0.34612810611724854,87.18620300292969,289.0,23.0,66.0,0.48314606741573035,277.72070479596226,-0.13212279751261793,401.5333251953125,0.2547916412353516,1.0,-1.1760436804521528,0.55,1779451265399686088
87.0,0.20235508680343628,0.4481900632381439,0.3527064323425293,89.40872192382812,296.16888427734375,24.0,63.0,0.4482758620689655,280.35560883310023,-0.12388872239656176,294.38433837890625,-0.08004894256591796,1.0,-1.215194130550703,1.0,1779451265467245257
91.0,0.16999125480651855,0.4203175902366638,0.3100927174091339,86.5405044555664,249.2007293701172,26.0,65.0,0.42857142857142855,283.7421984221313,-0.11330562993083966,476.3589782714844,0.48862180709838865,1.0,-1.2320822404455083,0.55,1779451265498970947
77.0,0.14983676373958588,0.45449236035346985,0.3456287384033203,88.51688385009766,243.6472930908203,20.0,57.0,0.4805194805194805,311.0839569160998,-0.027862634637188143,217.4080810546875,-0.3205997467041016,1.0,-1.2318488299499708,1.0,1779451265634393780
81.0,0.14484280347824097,0.4204656779766083,0.30649271607398987,88.43380737304688,281.14410400390625,30.0,51.0,0.25925925925925924,300.95091177082014,-0.059528400716187056,177.16835021972656,-0.4463489055633545,1.0,-1.2280991359844693,0.55,1779451265671442465
75.0,0.15567649900913239,0.47644278407096863,0.36672893166542053,89.30123901367188,273.3587341308594,25.0,50.0,0.3333333333333333,288.01105865532554,-0.09996544170210768,190.16123962402344,-0.4057461261749268,1.0,-1.2587501879464,0.55,1779451265707785567
82.0,0.12333982437849045,0.4538026452064514,0.329072505235672,80.19803619384766,255.43101501464844,27.0,55.0,0.34146341463414637,289.613416988417,-0.09495807191119691,177.85960388183594,-0.4441887378692627,1.0,-1.2446053631984837,1.0,1779451265735981828
70.0,0.13636404275894165,0.4657023847103119,0.34089598059654236,91.09280395507812,273.3587341308594,28.0,42.0,0.2,298.12090958341247,-0.06837215755183604,237.2069091796875,-0.2587284088134766,1.0,-1.225474432157118,1.0,1779451265767868573
77.0,0.09819234162569046,0.46286725997924805,0.3164045810699463,83.79828643798828,247.03237915039062,24.0,53.0,0.37662337662337664,310.18802869942664,-0.030662410314291753,465.10186767578125,0.4534433364868164,1.0,-1.2188479351309478,1.0,1779451265800343287
79.0,0.1360534429550171,0.4513770341873169,0.3374719023704529,86.52005767822266,266.45074462890625,26.0,53.0,0.34177215189873417,286.3277027027027,-0.10522592905405403,385.537109375,0.204803466796875,1.0,-1.2451006567864986,1.0,1779451265833740677
74.0,0.14011578261852264,0.45373889803886414,0.3291148543357849,88.92752075195312,268.88287353515625,31.0,43.0,0.16216216216216217,300.0772312492641,-0.06225865234604964,290.06890869140625,-0.09353466033935547,1.0,-1.247303046449051,1.0,1779451265867476676
82.0,0.18062277138233185,0.42477285861968994,0.3190325200557709,84.7352523803711,268.15106201171875,25.0,57.0,0.3902439024390244,286.14743589743586,-0.10578926282051296,289.79754638671875,-0.0943826675415039,1.0,-1.2483768464309704,0.55,1779451265900507040
84.0,0.14345219731330872,0.427783727645874,0.3069799244403839,82.14180755615234,271.36138916015625,32.0,52.0,0.23809523809523808,300.0899286157666,-0.06221897307572934,193.45587158203125,-0.39545040130615233,1.0,-1.2581463192384275,1.0,1779451265934103138
71.0,0.15501996874809265,0.45388486981391907,0.3384646475315094,93.57404327392578,271.4148254394531,29.0,42.0,0.18309859154929578,288.3410256410257,-0.09893429487179475,198.95672607421875,-0.3782602310180664,1.0,-1.2663574917069214,0.55,1779451265967018030
86.0,0.15526917576789856,0.439477801322937,0.3277835547924042,83.23310852050781,272.3912658691406,33.0,53.0,0.23255813953488372,301.45359135478947,-0.057957527016282914,198.31121826171875,-0.3802774429321289,1.0,-1.2458886390181247,0.55,1779451265999760702
74.0,0.1660543978214264,0.5157362222671509,0.3882763385772705,84.23246765136719,273.8046875,23.0,51.0,0.3783783783783784,310.583380242049,-0.029426936743596956,238.8885498046875,-0.25347328186035156,1.0,-1.2294889507338316,1.0,1779451266033975259
76.0,0.10951616615056992,0.44686198234558105,0.3258671760559082,89.56365966796875,275.2181091308594,28.0,48.0,0.2631578947368421,294.3354201205264,-0.08020181212335498,340.25701904296875,0.06330318450927734,1.0,-1.2363607934387773,0.55,1779451266067194393
66.0,0.16518694162368774,0.4343169033527374,0.335188090801239,101.66812133789062,275.2181091308594,21.0,45.0,0.36363636363636365,294.28280560154525,-0.0803662324951711,207.45535278320312,-0.3517020225524902,1.0,-1.2419931446166517,0.41250000000000003,1779451266133477039
64.0,0.21506787836551666,0.4695814251899719,0.3989107012748718,98.31745910644531,270.296142578125,20.0,44.0,0.375,291.9339464882943,-0.08770641722408037,292.28631591796875,-0.08660526275634765,1.0,-1.2527673872830316,0.55,1779451266232605593
64.0,0.1751663088798523,0.5017321109771729,0.42821231484413147,91.49810028076172,246.34326171875,22.0,42.0,0.3125,297.0426671459382,-0.07174166516894313,299.1158142089844,-0.06526308059692383,1.0,-1.2125115383422655,0.55,1779451266340355792
58.0,0.21476638317108154,0.4849736988544464,0.43243905901908875,99.53697204589844,284.42926025390625,20.0,38.0,0.3103448275862069,299.38823646496814,-0.06441176104697455,297.78826904296875,-0.06941165924072265,1.0,-1.27207810700652,0.55,1779451266370035483
67.0,0.1724655032157898,0.47609853744506836,0.3913736939430237,86.91067504882812,239.94166564941406,22.0,45.0,0.34328358208955223,300.4040182111427,-0.06123744309017898,285.28125,-0.10849609375,1.0,-1.2673319336695534,0.55,1779451266434642592
64.0,0.18171219527721405,0.4482671618461609,0.372652530670166,87.94107818603516,284.42926025390625,20.0,44.0,0.375,303.0756995933987,-0.05288843877062899,289.1985778808594,-0.09625444412231446,1.0,-1.2774738591290655,0.55,1779451266466260220
59.0,0.22028109431266785,0.4345599114894867,0.37901532649993896,85.91275787353516,283.593017578125,17.0,42.0,0.423728813559322,299.75728319783195,-0.06325849000677515,357.5792236328125,0.11743507385253907,1.0,-1.2537546048649297,0.55,1779451266501116963
62.0,0.1972724050283432,0.4492989480495453,0.3913086950778961,92.1591567993164,283.593017578125,19.0,43.0,0.3870967741935484,305.5870172764228,-0.045040571011178795,288.88946533203125,-0.09722042083740234,1.0,-1.283869210651503,0.55,1779451266639737338
56.0,0.23008714616298676,0.45133766531944275,0.3953112065792084,100.72740173339844,285.00701904296875,13.0,43.0,0.5357142857142857,251.20454204204202,-0.21498580611861867,294.65679931640625,-0.07919750213623047,1.0,-1.1251260009524817,0.5,1779451266672281585
51.0,0.16294826567173004,0.4689858853816986,0.39380398392677307,109.12835693359375,286.4210205078125,17.0,34.0,0.3333333333333333,254.39689922480622,-0.20500968992248056,291.8069152832031,-0.08810338973999024,1.0,-1.3162738269705647,0.55,1779451266701023081
64.0,0.1431978940963745,0.44573521614074707,0.3520852327346802,90.20152282714844,283.593017578125,19.0,45.0,0.40625,274.59605923210495,-0.14188731489967205,281.287841796875,-0.12097549438476562,1.0,-1.252609429928525,0.55,1779451266800692313
50.0,0.19954025745391846,0.47394847869873047,0.415160596370697,111.82386779785156,283.593017578125,14.0,36.0,0.44,302.6948291925466,-0.0540786587732919,290.4984130859375,-0.09219245910644532,1.0,-1.300196521469221,0.55,1779451266833452275
69.0,0.13772381842136383,0.47461971640586853,0.38400858640670776,88.11775207519531,275.8042907714844,23.0,46.0,0.3333333333333333,306.0824721128609,-0.04349227464730969,276.41796875,-0.13619384765625,1.0,-1.309144846130706,1.0,1779451267001256502
68.0,0.13703294098377228,0.4401625990867615,0.34447893500328064,84.08533477783203,290.66302490234375,20.0,48.0,0.4117647058823529,307.08477997228,-0.040360062586625035,373.25750732421875,0.1664297103881836,1.0,-1.322860563198339,0.75,1779451267033874317
69.0,0.18875078856945038,0.4184616506099701,0.3570302128791809,85.08247375488281,292.0770568847656,21.0,48.0,0.391304347826087,306.22869934943105,-0.04303531453302796,224.85879516601562,-0.2973162651062012,1.0,-1.2996628347113364,1.0,1779451267066381676
79.0,0.16813365649585793,0.45548212029516855,0.3528162681784163,83.94190979003906,286.4210205078125,24.0,55.0,0.3924050632911392,310.3182681979674,-0.03025541188135179,196.38595581054688,-0.386293888092041,1.0,-1.334435799270459,1.0,1779451267100544202
78.0,0.1588699449084234,0.47233981970256617,0.36154156616591043,80.95339965820312,249.16058349609375,24.0,54.0,0.38461538461538464,307.16747178878205,-0.04010165066005609,200.62722778320312,-0.37303991317749025,1.0,-1.266966017356317,1.0,1779451267133391532
70.0,0.17240285873413086,0.4077664911746979,0.31308457255363464,87.60311126708984,265.8721618652344,22.0,48.0,0.37142857142857144,309.1372699386503,-0.03394603144171775,260.36810302734375,-0.18634967803955077,1.0,-1.331390311167452,0.55,1779451267168493548
75.0,0.14401729762716226,0.47677808205439887,0.34862364823781583,83.46398162841797,284.2569274902344,19.0,56.0,0.49333333333333335,309.2379660643802,-0.033631356048811865,206.5086669921875,-0.3546604156494141,1.0,-1.272513790074097,0.75,1779451267267262250
71.0,0.09490425884723663,0.44273674488067627,0.3094116151332855,82.3491439819336,285.00701904296875,21.0,50.0,0.4084507042253521,309.44211672473864,-0.032993385235191755,190.35675048828125,-0.4051351547241211,1.0,-1.3083483861995195,1.0,1779451267300288314
77.0,0.1107202023267746,0.4767548441886902,0.329555481672287,89.10897064208984,287.0853576660156,24.0,53.0,0.37662337662337664,309.032196969697,-0.034274384469696884,204.94827270507812,-0.35953664779663086,1.0,-1.2816327924940072,1.0,1779451267333515003
58.0,0.1425811960864572,0.5420145175878852,0.40914545776853184,99.87581634521484,280.0142822265625,19.0,39.0,0.3448275862068966,307.47391637897965,-0.039144011315688586,307.75,-0.03828125,1.0,-1.2758346602210442,1.0,1779451267366517426
51.0,0.14744336903333563,0.5527519465162479,0.42529161946684607,99.13716125488281,281.4284973144531,17.0,34.0,0.3333333333333333,316.48942723942724,-0.010970539876789864,283.92474365234375,-0.11273517608642578,1.0,-1.3125323078460145,1.0,1779451267400260280
71.0,0.14862955415556475,0.41034425018949466,0.2730995698547398,84.03865051269531,280.0142822265625,21.0,50.0,0.4084507042253521,305.72318492652414,-0.04461504710461206,175.26629638671875,-0.45229282379150393,1.0,-1.2816045998863688,0.75,1779451267467524382
79.0,0.08840229362249374,0.4621574878692627,0.3178612291812897,87.59858703613281,271.52899169921875,27.0,52.0,0.31645569620253167,304.7568133933844,-0.04763495814567378,198.5,-0.3796875,1.0,-1.2715173611534736,1.0,1779451267499559068
78.0,0.10745166536003285,0.48041795941107696,0.32828562465676064,84.8619384765625,279.6354675292969,25.0,53.0,0.358974358974359,316.2208333333333,-0.011809895833333427,190.0,-0.40625,1.0,-1.277799484219247,0.75,1779451267532270251
82.0,0.11674108255303062,0.43796898147470825,0.29566290878225693,83.50353240966797,276.817626953125,30.0,52.0,0.2682926829268293,303.3756272401434,-0.05195116487455191,480.35791015625,0.5011184692382813,1.0,-1.320637859311933,1.0,1779451267601362457
80.0,0.10872589177603956,0.48485403956777406,0.32952471901814573,75.80191040039062,267.59857177734375,27.0,53.0,0.325,311.145979020979,-0.027668815559440674,164.8817138671875,-0.48474464416503904,0.9475238800048829,-1.2584373330105472,1.0,1779451267666285090
78.0,0.1215532196295293,0.46472542323559396,0.3136142496011304,78.13679504394531,274.0,26.0,52.0,0.3333333333333333,305.6470473970474,-0.04485297688422687,389.9708251953125,0.21865882873535156,0.9767099380493164,0.19034108969545613,0.5,1779451267736296767
83.0,0.1561847118316387,0.4533673917246421,0.33943768535853447,78.130126953125,264.7810363769531,28.0,55.0,0.3253012048192771,296.5892857142857,-0.07315848214285711,482.0181884765625,0.5063068389892578,0.9766265869140625,-1.2896689029033113,1.0,1779451267767492255
74.0,0.20477837324142456,0.4003041684627533,0.31868183612823486,77.32485961914062,263.7821044921875,24.0,50.0,0.35135135135135137,263.9963704994193,-0.1750113421893147,149.06675720214844,-0.5341663837432862,0.9665607452392578,-1.225213220476651,0.55,1779451268032719413
68.0,0.16965103149414062,0.43642476201057434,0.31713077425956726,86.60321044921875,239.9270782470703,20.0,48.0,0.4117647058823529,282.7451264457362,-0.11642147985707432,372.26031494140625,0.16331348419189454,1.0,-1.2137212118606555,1.0,1779451268067532630
71.0,0.11417070776224136,0.46486490964889526,0.3240165412425995,90.04022216796875,282.17901611328125,24.0,47.0,0.323943661971831,280.1028761061947,-0.1246785121681416,392.7424621582031,0.22732019424438477,1.0,-1.2274107712481455,0.55,1779451268100553690
91.0,0.10819555819034576,0.4553520381450653,0.30866295099258423,77.6768569946289,236.13555908203125,27.0,64.0,0.4065934065934066,267.3865693295469,-0.164416970845166,387.3058776855469,0.21033086776733398,0.9709607124328613,-1.230486635120641,0.55,1779451268200206509
87.0,0.11421401053667068,0.4515674412250519,0.3215351402759552,72.86763000488281,295.624755859375,29.0,58.0,0.3333333333333333,267.45319359086915,-0.1642087700285339,368.640869140625,0.15200271606445312,0.9108453750610351,-1.2239888485566688,0.55,1779451268233039696
77.0,0.12242846190929413,0.4190983772277832,0.3064998984336853,81.7745132446289,287.83502197265625,26.0,51.0,0.3246753246753247,253.50374713958809,-0.20780079018878722,337.07806396484375,0.05336894989013672,1.0,-1.1740729377619628,1.0,1779451268366456193
71.0,0.11628390103578568,0.47245585918426514,0.3448803126811981,89.09027099609375,293.64093017578125,27.0,44.0,0.23943661971830985,244.18256096261575,-0.23692949699182578,338.8973083496094,0.059054088592529294,1.0,-1.140451989990416,1.0,1779451268399593909
78.0,0.16621600091457367,0.45746439695358276,0.3495122194290161,83.76811981201172,255.43101501464844,26.0,52.0,0.3333333333333333,238.6704494882065,-0.25415484534935473,411.9043884277344,0.2872012138366699,1.0,-1.1397704651261393,1.0,1779451268433296072
84.0,0.1202586367726326,0.42856550216674805,0.29774776101112366,82.06468200683594,297.6726379394531,30.0,54.0,0.2857142857142857,302.0231577072617,-0.05617763216480718,333.32208251953125,0.04163150787353516,1.0,-1.1918295010523485,0.55,1779451268466580531
76.0,0.11059634387493134,0.4700089991092682,0.33763739466667175,89.5479965209961,281.6025695800781,28.0,48.0,0.2631578947368421,237.76934523809524,-0.25697079613095236,412.7275390625,0.2897735595703125,1.0,-1.1873646781155567,0.55,1779451268501180694
89.0,0.13166528940200806,0.4343945384025574,0.32317203283309937,78.70350646972656,272.3912658691406,30.0,59.0,0.3258426966292135,278.15510306686775,-0.13076530291603827,415.66033935546875,0.29893856048583983,0.983793830871582,-1.1523797224181755,0.55,1779451268537497473
91.0,0.10796438157558441,0.4220292866230011,0.2920239269733429,80.35956573486328,287.2559814453125,31.0,60.0,0.31868131868131866,276.2563649222065,-0.13669885961810468,323.78228759765625,0.01181964874267578,1.0,-1.1300067838253753,0.55,1779451268567315758
92.0,0.10394128412008286,0.4264114201068878,0.29054099321365356,76.71703338623047,284.3448486328125,39.0,53.0,0.15217391304347827,232.2344056372549,-0.27426748238357845,412.9949951171875,0.29060935974121094,0.9589629173278809,-1.1455704461960303,0.55,1779451268600451329
86.0,0.11240910738706589,0.42966198921203613,0.29625487327575684,82.87187194824219,297.3785400390625,28.0,58.0,0.3488372093023256,238.35245609871856,-0.2551485746915045,424.2069091796875,0.32564659118652345,1.0,-1.1091615523147949,1.0,1779451268633689750
100.0,0.09982343763113022,0.426478773355484,0.29530179500579834,73.59356689453125,250.63917541503906,33.0,67.0,0.34,229.7358993902439,-0.28207531440548783,424.7049560546875,0.32720298767089845,0.9199195861816406,-1.0627106529003318,1.0,1779451268666740275
89.0,0.0959743857383728,0.4276930093765259,0.28735557198524475,82.79649353027344,333.4081726074219,35.0,54.0,0.21348314606741572,225.85590458322167,-0.29420029817743226,375.05596923828125,0.1720499038696289,1.0,-1.093247228350474,0.55,1779451268699708912
86.0,0.11292274296283722,0.4297439157962799,0.29588934779167175,83.74723052978516,286.7629699707031,36.0,50.0,0.16279069767441862,222.46575697586724,-0.30479450945041486,415.9390869140625,0.2998096466064453,1.0,-1.1157761789275102,0.55,1779451268733060692
86.0,0.16927628219127655,0.4320736825466156,0.32029780745506287,82.33634185791016,309.1811828613281,27.0,59.0,0.37209302325581395,293.46575982619163,-0.08291950054315116,429.97503662109375,0.343671989440918,1.0,-1.1052276592823302,0.55,1779451268765970245
93.0,0.08113289624452591,0.4399684965610504,0.3053385317325592,78.74988555908203,277.65625,32.0,61.0,0.3118279569892473,217.25601926163728,-0.3210749398073835,297.53741455078125,-0.07019557952880859,0.9843735694885254,-1.02359244154797,0.5,1779451268799380085
87.0,0.07892081886529922,0.44017115235328674,0.31041860580444336,75.88391876220703,283.4872131347656,31.0,56.0,0.28735632183908044,206.5706391875747,-0.3544667525388291,433.71832275390625,0.35536975860595704,0.9485489845275878,-1.0797887715648113,1.0,1779451268833026414
89.0,0.11733929812908173,0.417624294757843,0.28130045533180237,75.64561462402344,290.6905517578125,28.0,61.0,0.3707865168539326,215.87604771115406,-0.3253873509026436,434.2781066894531,0.357119083404541,0.9455701828002929,-1.0984330000229146,0.55,1779451268866146282
94.0,0.12174858897924423,0.4428892731666565,0.31655532121658325,78.71651458740234,269.4587097167969,30.0,64.0,0.3617021276595745,219.95792900919304,-0.31263147184627177,449.4659423828125,0.40458106994628906,0.9839564323425293,-1.0723058988971392,0.55,1779451268900197576
92.0,0.04041906073689461,0.3939414322376251,0.25196021795272827,76.21328735351562,246.22348022460938,38.0,54.0,0.17391304347826086,216.29792490118578,-0.3240689846837944,447.40008544921875,0.39812526702880857,0.9526660919189454,-1.0212637994593217,0.75,1779451268933953311
99.0,0.10440023988485336,0.40358030796051025,0.2751977741718292,71.77864837646484,254.4661102294922,33.0,66.0,0.3333333333333333,259.2031828465652,-0.18999005360448376,447.86822509765625,0.39958820343017576,0.8972331047058105,-1.0652991088361126,0.55,1779451268970245642
93.0,0.03796267509460449,0.38088512420654297,0.23564694821834564,74.57720947265625,270.7397155761719,35.0,58.0,0.24731182795698925,225.30101389838234,-0.2959343315675552,486.90057373046875,0.5215642929077149,0.9322151184082031,-1.1106776310375797,0.55,1779451269009594130
93.0,0.04908936470746994,0.39126837253570557,0.24854382872581482,75.46422576904297,321.8011779785156,32.0,61.0,0.3118279569892473,260.129356060606,-0.18709576231060615,450.3375244140625,0.4073047637939453,0.9433028221130371,-1.0478165362236602,0.55,1779451269043965481
103.0,0.06153847277164459,0.42127227783203125,0.2929243743419647,74.27603912353516,326.77362060546875,34.0,69.0,0.33980582524271846,189.06589259796806,-0.4091690856313498,439.69818115234375,0.3740568161010742,0.9284504890441895,-0.9971682071985563,1.0,1779451269076921618
101.0,0.13315676152706146,0.43285438418388367,0.31772345304489136,72.52593994140625,271.4479675292969,35.0,66.0,0.3069306930693069,193.11825870646763,-0.3965054415422887,450.9713134765625,0.4092853546142578,0.9065742492675781,-1.0102465280142179,1.0,1779451269108726904
91.0,0.12395119667053223,0.42946675419807434,0.3157590329647064,79.2452621459961,261.33502197265625,32.0,59.0,0.2967032967032967,226.51413690476193,-0.29214332217261896,290.77044677734375,-0.09134235382080078,0.9905657768249512,-0.9965637296084681,1.0,1779451269144840638
98.0,0.11352287977933884,0.4345603585243225,0.3104669749736786,75.36463928222656,244.13111877441406,33.0,65.0,0.32653061224489793,228.10952380952378,-0.2871577380952382,342.1458740234375,0.06920585632324219,0.942057991027832,-1.0341431765251734,0.55,1779451269174719017
95.0,0.0930052176117897,0.4266923666000366,0.30949312448501587,73.58726501464844,313.435791015625,32.0,63.0,0.3263157894736842,230.11900303192442,-0.28087811552523617,452.1398010253906,0.4129368782043457,0.9198408126831055,-1.0407529577086139,0.55,1779451269204182937
90.0,0.1036815419793129,0.4314177930355072,0.304545521736145,76.0540771484375,330.4300231933594,31.0,59.0,0.3111111111111111,200.14315476190478,-0.37455264136904753,456.47613525390625,0.42648792266845703,0.9506759643554688,-0.9643377177259072,1.0,1779451269232766601
93.0,0.12718528509140015,0.46533283591270447,0.3408295214176178,78.25635528564453,293.3018798828125,35.0,58.0,0.24731182795698925,215.02083333333331,-0.3280598958333334,486.5222473144531,0.520382022857666,0.9782044410705566,-0.9828315397308254,1.0,1779451269266336915
90.0,0.13012859225273132,0.441410094499588,0.33437931537628174,82.55529022216797,300.5095520019531,30.0,60.0,0.3333333333333333,258.77567829457365,-0.19132600532945734,303.49920654296875,-0.05156497955322266,1.0,-0.9727884751504291,1.0,1779451269299537174
99.0,0.09948879480361938,0.4796949326992035,0.3410990536212921,75.68289947509766,305.49139404296875,35.0,64.0,0.29292929292929293,234.79615384615386,-0.2662620192307692,565.2250366210938,0.766328239440918,0.9460362434387207,-0.972681756701029,1.0,1779451269332768443
96.0,0.06991083174943924,0.4509182572364807,0.328082412481308,73.4386215209961,252.11505126953125,34.0,62.0,0.2916666666666667,284.3905847953216,-0.11127942251461995,314.65655517578125,-0.016698265075683595,0.9179827690124511,-0.9758967656231057,1.0,1779451269365964983
94.0,0.07852079719305038,0.4723590314388275,0.34303924441337585,76.06407928466797,310.9871520996094,34.0,60.0,0.2765957446808511,255.025816993464,-0.20304432189542504,417.6431884765625,0.3051349639892578,0.9508009910583496,-0.9515889590102213,1.0,1779451269399165521
95.0,0.14265480637550354,0.484070748090744,0.3780093491077423,80.90087127685547,317.06781005859375,32.0,63.0,0.3263157894736842,288.6334302325581,-0.0980205305232559,398.11767578125,0.24411773681640625,1.0,-1.0142364327616318,1.0,1779451269433487105
84.0,0.09811444580554962,0.46175244450569153,0.34951233863830566,79.89617156982422,254.7174835205078,28.0,56.0,0.3333333333333333,269.375,-0.158203125,481.0523681640625,0.5032886505126953,0.9987021446228027,-0.954729348370334,1.0,1779451269466712608
87.0,0.12243493646383286,0.45153504610061646,0.34166592359542847,79.40545654296875,252.95849609375,25.0,62.0,0.42528735632183906,279.08208333333334,-0.1278684895833333,381.15740966796875,0.19111690521240235,0.9925682067871093,-0.9495681380162708,1.0,1779451269499875094
89.0,0.16966116428375244,0.48224595189094543,0.3962206542491913,84.85017395019531,255.18032836914062,25.0,64.0,0.43820224719101125,238.75,-0.25390625,402.26092529296875,0.2570653915405273,1.0,-1.037169334526161,1.0,1779451269535032673
84.0,0.1384618580341339,0.48465976119041443,0.3817214071750641,84.75252532958984,335.0596923828125,29.0,55.0,0.30952380952380953,273.3434065934066,-0.1458018543956044,493.98590087890625,0.543705940246582,1.0,-0.9972788981269904,0.55,1779451269567289753
88.0,0.1402377486228943,0.47358766198158264,0.37032365798950195,81.92642974853516,307.3320617675781,25.0,63.0,0.4318181818181818,289.2323232323232,-0.09614898989898997,414.2151794433594,0.29442243576049804,1.0,-1.0159133297608238,0.55,1779451269600718834
94.0,0.10891199111938477,0.452722430229187,0.32969236373901367,77.6337661743164,312.3203430175781,27.0,67.0,0.425531914893617,304.0087108013937,-0.04997277874564467,491.69073486328125,0.5365335464477539,0.9704220771789551,-0.9390273759342838,0.55,1779451269633971057
97.0,0.07354381680488586,0.4668048024177551,0.339852511882782,78.93920135498047,274.0456237792969,28.0,69.0,0.422680412371134,312.1423611111111,-0.024555121527777855,475.3661193847656,0.4855191230773926,0.9867400169372559,-0.8955279681221833,1.0,1779451269666061440
81.0,0.0955527052283287,0.49801918864250183,0.3656623959541321,90.56920623779297,343.3846130371094,25.0,56.0,0.38271604938271603,304.40000000000003,-0.04874999999999989,278.832763671875,-0.12864761352539061,1.0,-0.9243440303989634,0.55,1779451269699291868
84.0,0.16123095154762268,0.4896298348903656,0.38841506838798523,78.68548583984375,255.18032836914062,26.0,58.0,0.38095238095238093,349.1606060606061,0.09112689393939402,441.82464599609375,0.38070201873779297,0.9835685729980469,-0.9495690714430001,1.0,1779451269736188952
86.0,0.11653253436088562,0.5107743740081787,0.3902459144592285,85.7235336303711,261.33502197265625,25.0,61.0,0.4186046511627907,316.6447658526522,-0.010485106710461878,362.1653137207031,0.13176660537719725,1.0,-1.0013831667780606,0.55,1779451269766041428
86.0,0.10745789110660553,0.5051978230476379,0.3819598853588104,84.86257934570312,245.74783325195312,26.0,60.0,0.3953488372093023,314.0219436813187,-0.018681425995879054,419.94683837890625,0.312333869934082,1.0,-0.9036917537440053,1.0,1779451269800326917
86.0,0.14628662168979645,0.49985986948013306,0.39150136709213257,78.8673324584961,241.81398010253906,24.0,62.0,0.4418604651162791,293.4536024670591,-0.08295749229044028,443.0952453613281,0.3846726417541504,0.9858416557312012,-1.0814665912171357,1.0,1779451269834297593
77.0,0.17285841703414917,0.4986092150211334,0.4039982557296753,93.50944519042969,252.9446563720703,20.0,57.0,0.4805194805194805,248.2846153846154,-0.2241105769230769,438.5625,0.3705078125,1.0,-0.9219259100360246,1.0,1779451269865006186
76.0,0.1591702401638031,0.5325966477394104,0.4357706308364868,97.1728744506836,260.63385009765625,23.0,53.0,0.39473684210526316,239.00000000000006,-0.2531249999999998,358.583740234375,0.12057418823242187,1.0,-1.019571432087348,1.0,1779451269901661866
76.0,0.20555540919303894,0.4820460379123688,0.40744391083717346,89.53507232666016,271.44244384765625,21.0,55.0,0.4473684210526316,196.79156602254432,-0.385026356179549,497.2364501953125,0.5538639068603516,1.0,-1.0697597231470308,0.55,1779451269934666077
80.0,0.1628146469593048,0.5502687096595764,0.44798049330711365,88.39325714111328,290.3876647949219,27.0,53.0,0.325,215.34824561403508,-0.3270367324561404,313.27081298828125,-0.021028709411621094,1.0,-0.9954784783340587,0.55,1779451269966420672
65.0,0.2338830977678299,0.5221812725067139,0.47014689445495605,105.06143951416016,311.4369812011719,20.0,45.0,0.38461538461538464,232.83823529411765,-0.2723805147058823,238.34458923339844,-0.2551731586456299,1.0,-0.9012516231816935,1.0,1779451269999984610
76.0,0.2635147273540497,0.5407615900039673,0.49499836564064026,93.97551727294922,286.7821350097656,21.0,55.0,0.4473684210526316,241.8611111111111,-0.24418402777777787,444.5392150878906,0.3891850471496582,1.0,-1.0111382824472472,0.55,1779451270034368780
80.0,0.18813055753707886,0.5106131434440613,0.4316085875034332,94.03692626953125,262.030517578125,21.0,59.0,0.475,265.85125448028674,-0.16921482974910393,207.23831176757812,-0.35238027572631836,1.0,-0.890984293490375,1.0,1779451270067748806
75.0,0.1663457602262497,0.5350980758666992,0.4416685402393341,98.08858489990234,327.83074951171875,24.0,51.0,0.36,318.6034559149313,-0.004364200265839635,221.5211639404297,-0.30774636268615724,1.0,-0.8892677300302738,1.0,1779451270099372237
72.0,0.14289459586143494,0.6164928078651428,0.5227299332618713,102.77113342285156,329.2187805175781,27.0,45.0,0.25,323.00128205128203,0.009379006410256352,461.05755615234375,0.44080486297607424,1.0,-0.9720060693672758,0.55,1779451270132381033
67.0,0.18735337257385254,0.5737999677658081,0.49222519993782043,99.89283752441406,325.61328125,18.0,49.0,0.4626865671641791,336.43560606060606,0.051361268939393946,215.84451293945312,-0.325485897064209,1.0,-0.8779917441452361,1.0,1779451270169338765
64.0,0.2628319263458252,0.5423136353492737,0.48473623394966125,99.37390899658203,251.43588256835938,19.0,45.0,0.40625,322.56666666666666,0.00802083333333332,231.98333740234375,-0.2750520706176758,1.0,-1.0508457362836916,1.0,1779451270200603107
74.0,0.2537637948989868,0.5499701499938965,0.49846982955932617,92.60150909423828,277.80029296875,22.0,52.0,0.40540540540540543,315.39583333333337,-0.014388020833333215,220.53030395507812,-0.31084280014038085,1.0,-0.8898676773065451,1.0,1779451270233788454
76.0,0.2113312929868698,0.5526093244552612,0.4771970808506012,96.08167266845703,294.20062255859375,23.0,53.0,0.39473684210526316,359.10044642857144,0.12218889508928577,213.76651000976562,-0.33197965621948244,1.0,-1.0816724947454082,0.55,1779451270267332643
62.0,0.11237744241952896,0.6055616736412048,0.48964381217956543,101.13272857666016,300.60107421875,21.0,41.0,0.3225806451612903,339.83333333333337,0.061979166666666786,224.0569305419922,-0.2998220920562744,1.0,-0.9249905995201129,1.0,1779451270300179550
58.0,0.14884886145591736,0.6216235756874084,0.5239335894584656,105.7278823852539,322.8002624511719,18.0,40.0,0.3793103448275862,358.1060690943044,0.1190814659197013,225.42721557617188,-0.29553995132446287,1.0,-0.8974420166717313,1.0,1779451270332744510
66.0,0.16161607205867767,0.5879988670349121,0.48445674777030945,98.71753692626953,311.4000549316406,19.0,47.0,0.42424242424242425,369.22654462242565,0.15383295194508015,218.74478149414062,-0.3164225578308105,1.0,-0.9001092516020599,1.0,1779451270366114605
73.0,0.13097673654556274,0.5489438772201538,0.42982912063598633,96.63807678222656,310.6010437011719,21.0,52.0,0.4246575342465753,344.6948997761498,0.07717156180046807,355.74725341796875,0.11171016693115235,1.0,-0.858035078248331,1.0,1779451270399273492
71.0,0.1731763631105423,0.5567992925643921,0.45105642080307007,93.29373931884766,274.2006530761719,20.0,51.0,0.43661971830985913,353.9089912280702,0.10596559758771935,234.55052185058594,-0.2670296192169189,1.0,-0.8595897531688454,1.0,1779451270432624661
75.0,0.12817619740962982,0.5571082830429077,0.44349420070648193,89.4005126953125,314.2005615234375,23.0,52.0,0.38666666666666666,406.2748226950355,0.2696088209219859,220.51406860351562,-0.31089353561401367,1.0,-0.8955802110836742,1.0,1779451270467173477
69.0,0.13268765807151794,0.574430525302887,0.4563983082771301,97.09368133544922,332.80023193359375,20.0,49.0,0.42028985507246375,371.3334307992203,0.16041697124756346,238.81796264648438,-0.2536938667297363,1.0,-0.877222443902799,1.0,1779451270499836869
69.0,0.16638237237930298,0.5655314922332764,0.4674949049949646,100.50104522705078,314.2005615234375,18.0,51.0,0.4782608695652174,381.8,0.19312500000000005,235.39358520507812,-0.26439504623413085,1.0,-0.8656398260069942,1.0,1779451270533285718
74.0,0.18232902884483337,0.5429370403289795,0.4476321339607239,93.79292297363281,259.9422912597656,18.0,56.0,0.5135135135135135,374.7647058823529,0.1711397058823529,220.806884765625,-0.3099784851074219,1.0,-0.8815428917154945,1.0,1779451270566778750
68.0,0.1563703566789627,0.6082632541656494,0.5070449709892273,99.89134216308594,310.6010437011719,18.0,50.0,0.47058823529411764,362.41666666666663,0.1325520833333332,228.85769653320312,-0.2848196983337402,1.0,-0.8921257936207454,1.0,1779451270598925933
69.0,0.14447900652885437,0.5862098336219788,0.47435611486434937,96.69477844238281,331.4000549316406,18.0,51.0,0.4782608695652174,436.98958333333337,0.3655924479166668,232.52960205078125,-0.2733449935913086,1.0,-0.907446647432921,1.0,1779451270635868849
62.0,0.11746936291456223,0.6173681616783142,0.4967460036277771,103.31794738769531,332.80023193359375,17.0,45.0,0.45161290322580644,359.8753369272237,0.12461042789757411,430.93011474609375,0.34665660858154296,1.0,-0.8825919522904234,1.0,1779451270667208930
61.0,0.1240525022149086,0.5982378721237183,0.4716404974460602,101.12154388427734,259.3260498046875,16.0,45.0,0.47540983606557374,386.99604072398193,0.20936262726244353,246.5166473388672,-0.22963547706604004,1.0,-0.889702398041891,1.0,1779451270700542330
65.0,0.1591213196516037,0.5672129988670349,0.4598107635974884,101.4194564819336,324.2005615234375,16.0,49.0,0.5076923076923077,385.7157943925234,0.20536185747663555,242.2953643798828,-0.2428269863128662,1.0,-0.9076163377283126,1.0,1779451270732181335
57.0,0.16728736460208893,0.5967813730239868,0.4933743178844452,111.1480484008789,254.20071411132812,15.0,42.0,0.47368421052631576,380.0178571428571,0.18755580357142848,237.02517700195312,-0.2592963218688965,1.0,-0.8978899058944598,1.0,1779451270766209461
62.0,0.08718421310186386,0.6088550686836243,0.47567838430404663,95.53570556640625,297.8002624511719,20.0,42.0,0.3548387096774194,378.0345528455284,0.18135797764227632,242.34986877441406,-0.24265666007995607,1.0,-0.9115629884122631,1.0,1779451270799896096
57.0,0.13135115802288055,0.5653151869773865,0.4300757944583893,107.04639434814453,314.2005615234375,16.0,41.0,0.43859649122807015,372.4164634146341,0.16380144817073158,279.30621337890625,-0.12716808319091796,1.0,-0.9159463009597864,1.0,1779451270832714871
67.0,0.16680476069450378,0.567724883556366,0.4437348246574402,97.87077331542969,299.2005920410156,17.0,50.0,0.4925373134328358,372.07223264540335,0.16272572701688545,279.11273193359375,-0.12777271270751953,1.0,-0.9392167830362046,1.0,1779451270866882416
60.0,0.08807860314846039,0.5777100324630737,0.43238604068756104,95.26115417480469,307.8002624511719,19.0,41.0,0.36666666666666664,335.50447705509265,0.04845149079716453,274.61138916015625,-0.1418394088745117,1.0,-0.9485514364407301,1.0,1779451270898925978
60.0,0.08209577947854996,0.6156631112098694,0.4671028256416321,106.09487915039062,299.2005920410156,17.0,43.0,0.43333333333333335,382.02173913043475,0.19381793478260861,273.19573974609375,-0.14626331329345704,1.0,-0.9676149481280587,1.0,1779451270932600464
66.0,0.110882468521595,0.6158124208450317,0.48792585730552673,98.4439697265625,295.0,21.0,45.0,0.36363636363636365,311.8680736506829,-0.02541226984161593,255.95816040039062,-0.20013074874877929,1.0,-0.9847606996635292,1.0,1779451270966555823
67.0,0.12937401235103607,0.5831471681594849,0.4536347985267639,90.62297058105469,282.3472900390625,18.0,49.0,0.4626865671641791,290.13945712037764,-0.09331419649881986,258.10296630859375,-0.19342823028564454,1.0,-0.972323296575999,1.0,1779451270999873154
69.0,0.13029217720031738,0.5697486996650696,0.4341755509376526,92.5527572631836,282.80029296875,18.0,51.0,0.4782608695652174,348.0833333333333,0.0877604166666666,296.55047607421875,-0.0732797622680664,1.0,-0.976011176013137,1.0,1779451271033101807
55.0,0.127711683511734,0.6212509274482727,0.4917888045310974,112.2796630859375,287.80029296875,17.0,38.0,0.38181818181818183,287.7972972972973,-0.10063344594594596,267.30084228515625,-0.16468486785888672,1.0,-0.9801331298234934,1.0,1779451271066648185
52.0,0.10199864953756332,0.6396055221557617,0.5013433694839478,103.07462310791016,279.2006530761719,19.0,33.0,0.2692307692307692,304.0679876601804,-0.049787538561936275,277.234619140625,-0.13364181518554688,1.0,-1.008488160760751,1.0,1779451271099339656
54.0,0.06656163930892944,0.6988301277160645,0.5575663447380066,102.36885070800781,315.0,20.0,34.0,0.25925925925925924,339.35570824524314,0.0604865882663848,266.65350341796875,-0.16670780181884765,1.0,-1.0930443214001437,1.0,1779451271132487174
56.0,0.10048847645521164,0.6565861105918884,0.5335013270378113,99.90586853027344,290.0,21.0,35.0,0.25,339.6282051282051,0.06133814102564088,266.6445617675781,-0.16673574447631836,1.0,-0.9808480565873784,1.0,1779451271166382445
52.0,0.06041102111339569,0.6703934073448181,0.5282571315765381,104.37075805664062,275.6011657714844,19.0,33.0,0.2692307692307692,296.75925925925924,-0.07262731481481488,268.9938659667969,-0.15939416885375976,1.0,-0.9647607558184788,1.0,1779451271199100111
51.0,0.12383370101451874,0.6133439540863037,0.49522653222084045,110.05686950683594,310.6010437011719,17.0,34.0,0.3333333333333333,274.1762711864407,-0.14319915254237275,271.55828857421875,-0.1513803482055664,1.0,-0.983409332006521,1.0,1779451271232332745
49.0,0.1312764585018158,0.6109288334846497,0.48439526557922363,109.83112335205078,276.40008544921875,13.0,36.0,0.46938775510204084,278.3719300639326,-0.1300877185502106,270.95989990234375,-0.1532503128051758,1.0,-0.9717165343788157,1.0,1779451271265449332
47.0,0.18116021156311035,0.6124124526977539,0.5033978819847107,113.32677459716797,310.6010437011719,14.0,33.0,0.40425531914893614,277.3233333333333,-0.13336458333333337,270.6453552246094,-0.1542332649230957,1.0,-0.9813375128835597,1.0,1779451271298640310
50.0,0.182096466422081,0.552105188369751,0.44229769706726074,102.75408172607422,310.6010437011719,15.0,35.0,0.4,276.2996297066778,-0.13656365716663182,283.7725830078125,-0.11321067810058594,1.0,-0.9965632647696013,1.0,1779451271331672251
46.0,0.15577679872512817,0.5880517363548279,0.4618570804595947,111.89542388916016,284.20062255859375,15.0,31.0,0.34782608695652173,278.40979532163743,-0.12996938961988302,268.01300048828125,-0.1624593734741211,1.0,-0.9994824447462095,1.0,1779451271365624861
48.0,0.17984150350093842,0.5667397379875183,0.4427274167537689,107.3388671875,281.40008544921875,14.0,34.0,0.4166666666666667,271.44151841994676,-0.15174525493766639,280.628173828125,-0.12303695678710938,1.0,-0.9854967611547851,1.0,1779451271399296494
51.0,0.170249804854393,0.5913469195365906,0.46446701884269714,106.0246810913086,285.0,14.0,37.0,0.45098039215686275,339.4767441860465,0.06086482558139537,269.3191223144531,-0.158377742767334,1.0,-0.9685181940528605,1.0,1779451271432788625
44.0,0.2330230176448822,0.5958863496780396,0.5156435966491699,100.03241729736328,246.82989501953125,8.0,36.0,0.6363636363636364,275.83128410450246,-0.13802723717342982,284.60382080078125,-0.11061305999755859,1.0,-0.9323751578963807,0.75,1779451271465838437
46.0,0.24064375460147858,0.6242455840110779,0.5373755097389221,109.0643081665039,267.0018615722656,7.0,39.0,0.6956521739130435,367.65330188679246,0.14891656839622644,269.25946044921875,-0.1585641860961914,1.0,-0.9717147658785932,1.0,1779451271500118573
46.0,0.1748582124710083,0.5984641909599304,0.49550265073776245,112.00946044921875,277.80029296875,14.0,32.0,0.391304347826087,259.2374867724868,-0.1898828538359787,270.9166259765625,-0.15338554382324218,1.0,-0.971001183521476,1.0,1779451271531440123
45.0,0.1529492288827896,0.6465757489204407,0.5387700200080872,113.7446060180664,262.030517578125,14.0,31.0,0.37777777777777777,258.95531666385557,-0.19076463542545136,272.16876220703125,-0.14947261810302734,1.0,-0.9846612901549446,1.0,1779451271565681033
52.0,0.1276843100786209,0.5771793127059937,0.4433678090572357,101.52913665771484,308.40234375,16.0,36.0,0.38461538461538464,245.31778686429848,-0.23338191604906725,278.09649658203125,-0.13094844818115234,1.0,-1.0041404312918456,0.55,1779451271601329795
49.0,0.12221331149339676,0.6266364455223083,0.50403892993927,109.56078338623047,307.8002624511719,15.0,34.0,0.3877551020408163,278.3118131868132,-0.13027558379120877,272.7422790527344,-0.14768037796020508,1.0,-1.0416780544651942,0.55,1779451271633200828
42.0,0.14181821048259735,0.5764142274856567,0.4658712148666382,111.5107650756836,289.8033752441406,12.0,30.0,0.42857142857142855,277.5821052631579,-0.13255592105263148,271.01873779296875,-0.15306644439697265,1.0,-0.9912193006549722,0.55,1779451271667167687
48.0,0.19160670042037964,0.5934396386146545,0.47525525093078613,99.2543716430664,298.40240478515625,12.0,36.0,0.5,274.7192489804383,-0.14150234693613034,270.9471435546875,-0.15329017639160156,1.0,-1.0140533267173444,0.55,1779451271701501924
47.0,0.18064813315868378,0.5810900926589966,0.4656601846218109,96.99819946289062,300.60107421875,13.0,34.0,0.44680851063829785,277.63186813186815,-0.13240041208791203,269.76806640625,-0.15697479248046875,1.0,-1.0117957087020777,0.55,1779451271738885415
43.0,0.16668859124183655,0.5898929238319397,0.47716256976127625,103.5389633178711,306.4000549316406,11.0,32.0,0.4883720930232558,275.484681868419,-0.13911036916119066,271.887451171875,-0.15035171508789064,1.0,-1.036788031323581,0.55,1779451271769486203
43.0,0.14511212706565857,0.6449910402297974,0.5188944339752197,111.26863098144531,305.0,14.0,29.0,0.3488372093023256,257.51349206349204,-0.19527033730158738,270.0341491699219,-0.15614328384399415,1.0,-1.0139935536198783,0.55,1779451271804136589
42.0,0.2185862809419632,0.5990265607833862,0.5073513388633728,108.11849975585938,303.4023742675781,9.0,33.0,0.5714285714285714,256.9391304347826,-0.19706521739130434,268.823974609375,-0.15992507934570313,1.0,-0.9993341940977648,0.55,1779451271835644739
43.0,0.17224642634391785,0.6167629361152649,0.5071766972541809,110.5625,302.00164794921875,13.0,30.0,0.3953488372093023,250.89346790959695,-0.21595791278250953,269.89764404296875,-0.15656986236572265,1.0,-1.006495845307051,0.55,1779451271869425772
46.0,0.22713835537433624,0.6162769794464111,0.5435686707496643,109.81428527832031,300.60107421875,13.0,33.0,0.43478260869565216,273.24461560071165,-0.14611057624777607,271.30023193359375,-0.15218677520751953,1.0,-1.0237103266145309,0.55,1779451271898509265
47.0,0.18011879920959473,0.5907998085021973,0.4709392786026001,104.4760513305664,290.6011047363281,13.0,34.0,0.44680851063829785,257.9514649304528,-0.193901672092335,270.97589111328125,-0.1532003402709961,1.0,-0.9902876999031895,0.55,1779451271935758645
44.0,0.12783761322498322,0.612683892250061,0.4914690852165222,106.91748046875,300.60107421875,13.0,31.0,0.4090909090909091,253.43784520497508,-0.2080067337344529,272.6357116699219,-0.14801340103149413,1.0,-1.009579151857957,1.0,1779451271968996225
45.0,0.2486029714345932,0.5830684304237366,0.4937073588371277,99.57231140136719,297.0016784667969,10.0,35.0,0.5555555555555556,229.67101273499088,-0.2822780852031535,269.9671325683594,-0.15635271072387696,1.0,-1.0247225186390385,0.55,1779451272000288892
46.0,0.15858739614486694,0.5861028432846069,0.45813557505607605,102.95396423339844,299.2005920410156,15.0,31.0,0.34782608695652173,276.7246611829221,-0.13523543380336847,281.2442321777344,-0.12111177444458007,1.0,-1.0233826696855874,0.55,1779451272033213487
51.0,0.1963808238506317,0.6001479625701904,0.47785332798957825,96.60768127441406,298.40240478515625,13.0,38.0,0.49019607843137253,226.7890419808523,-0.2912842438098366,268.827880859375,-0.15991287231445311,1.0,-0.9559165407836858,1.0,1779451272066391407
49.0,0.1478768289089203,0.5918079614639282,0.4541410803794861,101.6421127319336,295.60107421875,15.0,34.0,0.3877551020408163,233.58333333333331,-0.2700520833333334,274.26177978515625,-0.14293193817138672,1.0,-0.9906319348315011,0.55,1779451272099436920
50.0,0.13400447368621826,0.6267858147621155,0.48699989914894104,103.66719818115234,295.60107421875,14.0,36.0,0.44,232.3986011850223,-0.2737543712968053,270.7745361328125,-0.15382957458496094,1.0,-0.9792512606651352,0.55,1779451272132946172
50.0,0.1699422001838684,0.605861485004425,0.4860708713531494,106.79691314697266,277.0018005371094,18.0,32.0,0.28,227.76863495534903,-0.2882230157645343,272.1120300292969,-0.14964990615844725,1.0,-1.0257441723000762,0.55,1779451272165471992
57.0,0.1894564926624298,0.5304394960403442,0.40672624111175537,88.65741729736328,259.9422912597656,19.0,38.0,0.3333333333333333,238.47156610167633,-0.25477635593226144,305.53070068359375,-0.04521656036376953,1.0,-0.9929018054482819,0.55,1779451272198755728
47.0,0.1471640169620514,0.5871752500534058,0.4429251551628113,101.76579284667969,294.20062255859375,14.0,33.0,0.40425531914893614,230.13919373368526,-0.28081501958223354,268.1228332519531,-0.1621161460876465,1.0,-0.9773264497057539,1.0,1779451272231636354
57.0,0.15660378336906433,0.5290303826332092,0.377471923828125,92.58935546875,290.6011047363281,17.0,40.0,0.40350877192982454,232.07378378378374,-0.2747694256756758,347.5008544921875,0.08594017028808594,1.0,-0.985265901976044,1.0,1779451272265804035
66.0,0.13833248615264893,0.52243572473526,0.37392503023147583,90.5843276977539,289.20062255859375,19.0,47.0,0.42424242424242425,230.0416149068323,-0.28111995341614904,280.9014892578125,-0.12218284606933594,1.0,-0.9701102491496948,1.0,1779451272300003321
60.0,0.09866540133953094,0.526300311088562,0.3616538643836975,88.64085388183594,289.20062255859375,22.0,38.0,0.26666666666666666,229.15011306225557,-0.28390589668045135,274.7379150390625,-0.14144401550292968,1.0,-0.9967760168847639,1.0,1779451272332770946
70.0,0.11032962054014206,0.4866425693035126,0.30937403440475464,79.8279037475586,287.80029296875,19.0,51.0,0.45714285714285713,226.16086344211345,-0.29324730174339547,223.017822265625,-0.3030693054199219,0.9978487968444825,-0.973178913968718,1.0,1779451272365912112
61.0,0.18355362117290497,0.5293672680854797,0.3926556408405304,88.99018096923828,263.4027404785156,18.0,43.0,0.4098360655737705,271.49447679234214,-0.1515797600239308,268.82635498046875,-0.15991764068603515,1.0,-0.9655197474701986,1.0,1779451272400047657
61.0,0.15776602923870087,0.530882716178894,0.3862537145614624,88.05394744873047,280.60113525390625,21.0,40.0,0.3114754098360656,248.98107482916993,-0.22193414115884397,339.9678955078125,0.062399673461914065,1.0,-1.0353939057878159,0.55,1779451272431910585
76.0,0.09698190540075302,0.5093210339546204,0.3282458782196045,80.66641998291016,261.33502197265625,25.0,51.0,0.34210526315789475,251.74038232678163,-0.21331130522880742,425.30364990234375,0.3290739059448242,1.0,-0.9702095749454004,1.0,1779451272466283156
77.0,0.12366238236427307,0.47885259985923767,0.3036380708217621,76.54685974121094,250.52145385742188,21.0,56.0,0.45454545454545453,228.23657743496676,-0.28676069551572886,424.29608154296875,0.32592525482177737,0.9568357467651367,-0.943881122983246,1.0,1779451272499151490
54.0,0.10711926966905594,0.5754454135894775,0.4178459644317627,103.97378540039062,282.00177001953125,19.0,35.0,0.2962962962962963,296.73591686091686,-0.07270025980963482,292.14794921875,-0.08703765869140626,1.0,-0.9605624051634171,1.0,1779451272532575872
65.0,0.14438053965568542,0.5575069189071655,0.39895176887512207,88.58201599121094,259.9422912597656,19.0,46.0,0.4153846153846154,327.00431034482756,0.021888469827586122,292.1318359375,-0.0870880126953125,1.0,-0.9791715374149768,1.0,1779451272565750451
69.0,0.0952424705028534,0.583873450756073,0.40960314869880676,89.0063705444336,265.6011962890625,25.0,44.0,0.2753623188405797,355.2279341029341,0.1100872940716691,387.78033447265625,0.2118135452270508,1.0,-0.9837368182797713,1.0,1779451272600813884
68.0,0.10560740530490875,0.5720483064651489,0.41783860325813293,89.85997009277344,277.0018005371094,24.0,44.0,0.29411764705882354,225.98000000000002,-0.2938124999999999,339.2303466796875,0.06009483337402344,1.0,-1.0471087385174744,1.0,1779451272632569290
65.0,0.11853564530611038,0.5779352188110352,0.4090321362018585,88.8964614868164,257.73046875,21.0,44.0,0.35384615384615387,290.1853448275862,-0.09317079741379306,346.9281005859375,0.08415031433105469,1.0,-1.0046263654877723,1.0,1779451272665797591
61.0,0.1402619481086731,0.6072476506233215,0.441704660654068,87.17857360839844,252.00198364257812,20.0,41.0,0.3442622950819672,288.12393162393164,-0.09961271367521363,275.30474853515625,-0.1396726608276367,1.0,-0.9991905876382848,1.0,1779451272699491579
68.0,0.07423189282417297,0.5058685541152954,0.327131986618042,80.2518539428711,254.12594604492188,21.0,47.0,0.38235294117647056,250.8516518075232,-0.21608858810148995,158.83349609375,-0.5036453247070313,1.0,-0.9747649682275341,1.0,1779451272733981882
61.0,0.14133429527282715,0.5170726776123047,0.35983505845069885,89.05609893798828,254.12594604492188,16.0,45.0,0.47540983606557374,225.42995689655174,-0.2955313846982758,332.05694580078125,0.037677955627441403,1.0,-0.9813212943335394,1.0,1779451272765870167
58.0,0.14280010759830475,0.5736306309700012,0.4043717086315155,85.0094985961914,252.73306274414062,19.0,39.0,0.3448275862068966,290.0477717391305,-0.0936007133152172,269.2408447265625,-0.1586223602294922,1.0,-0.9552281759464896,1.0,1779451272799234407
65.0,0.10836189240217209,0.5575916767120361,0.3828217685222626,82.83397674560547,230.4126739501953,26.0,39.0,0.2,353.73449735449736,0.10542030423280427,347.0660705566406,0.08458147048950196,1.0,-0.9736712369560853,1.0,1779451272832102462
69.0,0.13848821818828583,0.5388095378875732,0.36332032084465027,78.051025390625,249.12847900390625,26.0,43.0,0.2463768115942029,223.41304347826087,-0.3018342391304348,363.89007568359375,0.13715648651123047,0.9756378173828125,-0.9768136198430726,1.0,1779451272865929973
69.0,0.1737491339445114,0.4921039044857025,0.34616297483444214,82.41278076171875,247.73574829101562,21.0,48.0,0.391304347826087,222.609649122807,-0.30434484649122806,331.20953369140625,0.03502979278564453,1.0,-1.0015980117237413,1.0,1779451272899310788
54.0,0.18223372101783752,0.555426299571991,0.4202706515789032,88.64375305175781,243.31256103515625,19.0,35.0,0.2962962962962963,222.2844827586207,-0.30536099137931033,302.4521789550781,-0.05483694076538086,1.0,-0.9935633197194396,1.0,1779451272932363280
65.0,0.16349375247955322,0.567865788936615,0.41629350185394287,89.39253997802734,259.9422912597656,20.0,45.0,0.38461538461538464,221.43421052631578,-0.3080180921052632,363.2388916015625,0.13512153625488282,1.0,-0.9923280470126599,1.0,1779451272965575279
78.0,0.08922525495290756,0.46923479437828064,0.2834863066673279,72.07032775878906,261.33502197265625,23.0,55.0,0.41025641025641024,344.4462121212121,0.07639441287878786,467.05352783203125,0.45954227447509766,0.9008790969848632,-0.9990867442931854,0.55,1779451272999221774
78.0,0.12952972948551178,0.44288545846939087,0.2855986952781677,73.5919189453125,235.7901611328125,21.0,57.0,0.46153846153846156,238.44827586206895,-0.25484913793103453,446.37786865234375,0.3949308395385742,0.9198989868164062,-0.9649936681653427,0.55,1779451273031756023
75.0,0.051277998834848404,0.46172308921813965,0.2635996341705322,74.76287078857422,244.86119079589844,24.0,51.0,0.36,358.78521126760563,0.1212037852112676,442.9923095703125,0.3843509674072266,0.9345358848571778,-0.9474013125284672,1.0,1779451273065859528
75.0,0.09724897146224976,0.504423201084137,0.32147979736328125,77.24156951904297,242.24368286132812,24.0,51.0,0.36,229.20114942528733,-0.2837464080459771,370.7522277832031,0.15860071182250976,0.9655196189880371,-0.9766669634864228,1.0,1779451273099569231
73.0,0.10808101296424866,0.47311919927597046,0.2896321713924408,76.66077423095703,250.04998779296875,24.0,49.0,0.3424657534246575,330.0188679245283,0.03130896226415096,144.34652709960938,-0.5489171028137207,0.9582596778869629,-1.0322734740846624,0.55,1779451273132406358
77.0,0.04739509895443916,0.47149449586868286,0.2692919969558716,74.48023986816406,257.73046875,24.0,53.0,0.37662337662337664,284.9125437281359,-0.10964830084957526,374.7846374511719,0.1712019920349121,0.9310029983520508,-1.0429188652383483,0.55,1779451273165905181
75.0,0.03804067149758339,0.44197899103164673,0.23683257400989532,74.50628662109375,258.5498046875,20.0,55.0,0.4666666666666667,353.7679558580858,0.1055248620565182,372.85821533203125,0.16518192291259765,0.9313285827636719,-1.008710545622571,0.55,1779451273199462591
63.0,0.06763429939746857,0.49856826663017273,0.301836758852005,82.55126190185547,247.73574829101562,19.0,44.0,0.3968253968253968,305.26174451507484,-0.04605704839039113,343.1283874511719,0.07227621078491211,1.0,-0.9942552050349149,0.55,1779451273232045667
60.0,0.06128484383225441,0.5185062885284424,0.32189735770225525,89.38499450683594,257.73046875,21.0,39.0,0.3,313.3402860845295,-0.020811605985845284,260.197265625,-0.186883544921875,1.0,-0.9474234176763376,0.55,1779451273265418455
68.0,0.04727194830775261,0.4821038246154785,0.27855417132377625,84.25932312011719,255.51907348632812,20.0,48.0,0.4117647058823529,291.02916038210157,-0.09053387380593261,438.8681640625,0.3714630126953125,1.0,-0.9893016051423296,0.55,1779451273299449655
73.0,0.08432671427726746,0.48166677355766296,0.2913348972797394,74.55899810791016,256.3376770019531,25.0,48.0,0.3150684931506849,352.80331753554503,0.10251036729857824,222.51754760742188,-0.30463266372680664,0.9319874763488769,-1.0594889428845902,0.55,1779451273332169529
74.0,0.04361151531338692,0.4533722996711731,0.2611897885799408,74.97449493408203,254.94509887695312,19.0,55.0,0.4864864864864865,377.9912805662806,0.18122275176962682,385.1783447265625,0.2036823272705078,0.9371811866760253,-1.0362272843045908,0.55,1779451273366211903
65.0,0.08479470014572144,0.5139883756637573,0.3326414227485657,83.43285369873047,237.24459838867188,22.0,43.0,0.3230769230769231,312.3369909221648,-0.023946903368235083,374.95989990234375,0.17174968719482422,1.0,-1.0333397482816014,1.0,1779451273398400072
73.0,0.0894446074962616,0.45956966280937195,0.27641361951828003,78.1594009399414,253.55274963378906,20.0,53.0,0.4520547945205479,249.54864778162175,-0.22016047568243202,356.8612976074219,0.11519155502319336,0.9769925117492676,-0.9998921784857999,0.55,1779451273432223193
74.0,0.1245492473244667,0.46442776918411255,0.2869131863117218,76.7721939086914,250.52145385742188,20.0,54.0,0.4594594594594595,304.24560611276723,-0.04923248089760239,323.8321533203125,0.011975479125976563,0.9596524238586426,-1.0189049369312022,1.0,1779451273465533242
69.0,0.06124085932970047,0.5287760496139526,0.3355107009410858,86.0677261352539,232.74449157714844,19.0,50.0,0.4492753623188406,293.27397690237257,-0.08351882218008573,156.00840759277344,-0.512473726272583,1.0,-1.032897078984517,0.55,1779451273499453699
72.0,0.1407260298728943,0.5054442286491394,0.33921751379966736,80.32697296142578,249.947998046875,19.0,53.0,0.4722222222222222,229.66680446465486,-0.2822912360479536,342.8433532714844,0.07138547897338868,1.0,-1.0375707127883296,1.0,1779451273532280904
71.0,0.13226903975009918,0.5167747735977173,0.35653525590896606,84.13279724121094,242.62728881835938,23.0,48.0,0.352112676056338,255.37019230769232,-0.2019681490384615,388.4410095214844,0.21387815475463867,1.0,-0.9617986287801477,1.0,1779451273598220796
71.0,0.09832922369241714,0.5121039748191833,0.3210925757884979,77.73857116699219,247.73574829101562,20.0,51.0,0.43661971830985913,358.6852112676056,0.12089128521126753,369.82647705078125,0.1557077407836914,0.9717321395874023,-1.000808107845688,0.55,1779451273631676250
71.0,0.13035434484481812,0.45053496956825256,0.28703543543815613,78.08038330078125,246.9169921875,22.0,49.0,0.38028169014084506,252.77967914438503,-0.21006350267379678,228.9890594482422,-0.2844091892242432,0.9760047912597656,-1.048960462863346,0.55,1779451273664915088
73.0,0.18408745527267456,0.4786030948162079,0.34683698415756226,77.90353393554688,246.34326171875,19.0,54.0,0.4794520547945205,247.03585671556755,-0.22801294776385142,400.6336669921875,0.25198020935058596,0.9737941741943359,-1.0341521825569255,0.55,1779451273697868258
78.0,0.1338692456483841,0.47263649106025696,0.2970513701438904,73.77311706542969,235.7901611328125,26.0,52.0,0.3333333333333333,294.7247989810811,-0.07898500318412154,357.23004150390625,0.11634387969970703,0.9221639633178711,-1.0407862767245453,1.0,1779451273731637765
77.0,0.16159029304981232,0.47295379638671875,0.3385339379310608,76.77458953857422,262.154541015625,21.0,56.0,0.45454545454545453,298.894298245614,-0.06595531798245631,374.8346252441406,0.17135820388793946,0.9596823692321778,-0.9547512901917968,1.0,1779451273765484833
75.0,0.1532578319311142,0.5007912516593933,0.3305554687976837,71.79882049560547,259.9422912597656,24.0,51.0,0.36,364.81159420289856,0.140036231884058,402.7082214355469,0.258463191986084,0.8974852561950684,-1.0733742212116992,0.55,1779451273798721903
84.0,0.1339951753616333,0.5248229503631592,0.3571591079235077,78.71812438964844,259.12353515625,26.0,58.0,0.38095238095238093,320.20725521199876,0.0006476725374961134,406.774658203125,0.27117080688476564,0.9839765548706054,-0.9576206208907057,1.0,1779451273831871891
74.0,0.17313359677791595,0.5048040747642517,0.36133068799972534,80.73267364501953,259.9422912597656,25.0,49.0,0.32432432432432434,229.04762879302478,-0.28422616002179757,146.5850830078125,-0.5419216156005859,1.0,-1.030875907153891,0.55,1779451273864825262
71.0,0.13739188015460968,0.48856860399246216,0.3186163604259491,79.83446502685547,257.73046875,23.0,48.0,0.352112676056338,291.9270833333333,-0.0877278645833334,221.1982421875,-0.3087554931640625,0.9979308128356934,-1.0417946113987218,0.55,1779451273906909568
77.0,0.19407112896442413,0.48462170362472534,0.3531380891799927,73.78758239746094,235.7901611328125,22.0,55.0,0.42857142857142855,226.99786324786325,-0.29063167735042733,412.82611083984375,0.2900815963745117,0.9223447799682617,-1.1619245989474956,0.55,1779451273941262671
74.0,0.13770650327205658,0.4955484867095947,0.3339976370334625,79.00053405761719,257.15753173828125,23.0,51.0,0.3783783783783784,236.94132135612864,-0.259558370762098,344.17596435546875,0.07554988861083985,0.9875066757202149,-1.1157719143863007,0.55,1779451273972604378
77.0,0.19312171638011932,0.5019647479057312,0.352640837430954,77.43309783935547,254.94509887695312,22.0,55.0,0.42857142857142855,291.8090909090909,-0.0880965909090909,229.30398559570312,-0.28342504501342775,0.9679137229919433,-1.1207803941219812,0.55,1779451274009508155
69.0,0.2118515819311142,0.5479013323783875,0.4089308977127075,81.9480209350586,254.94509887695312,21.0,48.0,0.391304347826087,227.87815126050424,-0.28788077731092426,343.9957275390625,0.07498664855957031,1.0,-1.1477369719175614,0.55,1779451274038177251
72.0,0.18128807842731476,0.5479362607002258,0.4027276337146759,82.41883087158203,254.94509887695312,24.0,48.0,0.3333333333333333,229.1012396694215,-0.28405862603305787,432.7325439453125,0.35228919982910156,1.0,-0.9706510482686911,1.0,1779451274070641862
73.0,0.1703876405954361,0.5467715859413147,0.3840525150299072,78.2273178100586,251.3404083251953,28.0,45.0,0.2328767123287671,229.13524590163934,-0.28395235655737705,350.9112548828125,0.09659767150878906,0.9778414726257324,-1.1538261069039781,0.55,1779451274104863116
63.0,0.16242586076259613,0.5285258889198303,0.36322709918022156,82.29198455810547,252.73306274414062,21.0,42.0,0.3333333333333333,227.79241614000972,-0.28814869956246963,426.7794494628906,0.3336857795715332,1.0,-0.978948242625529,1.0,1779451274136635556
65.0,0.16017115116119385,0.49844634532928467,0.34292498230934143,80.57555389404297,252.73306274414062,20.0,45.0,0.38461538461538464,228.66404139020773,-0.28542487065560085,190.4853973388672,-0.40473313331604005,1.0,-0.9837559756511881,1.0,1779451274167453498
67.0,0.16589215397834778,0.5488452315330505,0.390017569065094,81.41590881347656,251.3404083251953,24.0,43.0,0.2835820895522388,337.5,0.0546875,260.89031982421875,-0.1847177505493164,1.0,-0.950880211452045,1.0,1779451274198791668
60.0,0.18440109491348267,0.5520340204238892,0.38053691387176514,81.66964721679688,249.947998046875,23.0,37.0,0.23333333333333334,356.43997774008903,0.11387493043777823,271.883544921875,-0.15036392211914062,1.0,-0.9365956962173908,1.0,1779451274231253971
67.0,0.12957902252674103,0.580804169178009,0.41003337502479553,77.53004455566406,253.55274963378906,25.0,42.0,0.2537313432835821,233.15531135531134,-0.27138965201465204,285.50286865234375,-0.10780353546142578,0.9691255569458008,-0.8963963942821345,1.0,1779451274265309898
58.0,0.1087811216711998,0.5132856369018555,0.346280038356781,83.23927307128906,247.73574829101562,22.0,36.0,0.2413793103448276,228.3781804388422,-0.2863181861286181,326.0572509765625,0.018928909301757814,1.0,-0.9606211868844755,1.0,1779451274298884106
58.0,0.22032518684864044,0.5570926070213318,0.4145660698413849,85.4955062866211,261.33502197265625,15.0,43.0,0.4827586206896552,356.4315789473684,0.11384868421052623,338.75042724609375,0.05859508514404297,1.0,-0.9720077831736473,1.0,1779451274332796304
58.0,0.15236236155033112,0.5446391105651855,0.4024447798728943,79.70584106445312,247.73574829101562,19.0,39.0,0.3448275862068966,226.93112789987794,-0.29084022531288145,245.03421020507812,-0.23426809310913085,0.9963230133056641,-1.1630758523564735,1.0,1779451274366726603
56.0,0.22557206451892853,0.5728220343589783,0.4491891860961914,87.1126480102539,246.34326171875,16.0,40.0,0.42857142857142855,227.67226890756302,-0.2885241596638656,336.4634704589844,0.05144834518432617,1.0,-1.1826652340046644,0.55,1779451274399000355
61.0,0.1615055948495865,0.5555865168571472,0.4045567512512207,83.79432678222656,246.34326171875,21.0,40.0,0.3114754098360656,228.6087322826841,-0.28559771161661224,266.9725341796875,-0.16571083068847656,1.0,-0.9605002672374894,1.0,1779451274432548484
65.0,0.10214093327522278,0.5973957180976868,0.4268741011619568,79.92390441894531,244.95101928710938,24.0,41.0,0.26153846153846155,267.95,-0.16265625000000003,228.06906127929688,-0.28728418350219725,0.9990488052368164,-1.111129591110573,1.0,1779451274499482037
76.0,0.07762740552425385,0.583472728729248,0.4164840281009674,75.64447784423828,251.9146728515625,31.0,45.0,0.18421052631578946,284.3920454545455,-0.11127485795454532,342.13739013671875,0.0691793441772461,0.9455559730529786,-0.9583808331047026,1.0,1779451274532802292
64.0,0.14763152599334717,0.5411925911903381,0.39299285411834717,73.24712371826172,256.3376770019531,20.0,44.0,0.375,232.0,-0.275,228.21319580078125,-0.2868337631225586,0.9155890464782714,-0.9278492741276757,1.0,1779451274565625386
66.0,0.03825262188911438,0.5652428865432739,0.39793387055397034,74.20484924316406,249.12847900390625,26.0,40.0,0.21212121212121213,262.9321428571429,-0.1783370535714285,221.52926635742188,-0.30772104263305666,0.9275606155395508,-0.989465943224214,1.0,1779451274598552752
56.0,0.16996541619300842,0.6010980606079102,0.47380754351615906,84.22235870361328,243.5015411376953,20.0,36.0,0.2857142857142857,296.75,-0.07265625,269.9483642578125,-0.15641136169433595,1.0,-0.943750376645263,1.0,1779451274632059236
53.0,0.12776610255241394,0.6147552132606506,0.4638212025165558,79.9764404296875,243.5015411376953,17.0,36.0,0.3584905660377358,315.9122641509434,-0.012774174528301962,347.0263977050781,0.08445749282836915,0.9997055053710937,-0.934643983188094,1.0,1779451274665579133
51.0,0.06607741117477417,0.629142165184021,0.46864598989486694,88.33904266357422,244.86119079589844,17.0,34.0,0.3333333333333333,320.468125,0.0014628906249999573,268.58270263671875,-0.16067905426025392,1.0,-0.9622224021766741,1.0,1779451274698287424
46.0,0.05330627039074898,0.6505796909332275,0.50413578748703,85.76521301269531,261.33502197265625,17.0,29.0,0.2608695652173913,292.5776656428258,-0.08569479486616931,269.958984375,-0.156378173828125,1.0,-0.9418888538208104,1.0,1779451274731605664
49.0,0.11467788368463516,0.7153499126434326,0.5933252573013306,90.4940185546875,262.7279968261719,19.0,30.0,0.22448979591836735,291.04166666666663,-0.09049479166666678,269.6103515625,-0.1574676513671875,1.0,-0.9706380491091482,1.0,1779451274765028780
48.0,0.035957857966423035,0.6745894551277161,0.522194504737854,86.04752349853516,259.9422912597656,20.0,28.0,0.16666666666666666,288.1621621621622,-0.09949324324324316,269.48370361328125,-0.15786342620849608,1.0,-0.9404831967242211,1.0,1779451274797780466
45.0,0.16131894290447235,0.7167273759841919,0.5955366492271423,96.01245880126953,254.12594604492188,17.0,28.0,0.24444444444444444,286.02941176470586,-0.1061580882352942,269.176513671875,-0.15882339477539062,1.0,-0.9529347847641377,1.0,1779451274831425575
48.0,0.12654544413089752,0.6316269040107727,0.49090585112571716,74.8337631225586,261.33502197265625,20.0,28.0,0.16666666666666666,256.70654003506723,-0.19779206239041489,269.57830810546875,-0.15756778717041015,0.9354220390319824,-0.9462663218942915,1.0,1779451274865488618
42.0,0.1246996745467186,0.6572694778442383,0.5130417346954346,95.19759368896484,249.12847900390625,14.0,28.0,0.3333333333333333,232.1160427807487,-0.27463736631016034,275.21441650390625,-0.13995494842529296,1.0,-0.9198494004478874,1.0,1779451274899155880
41.0,0.08964401483535767,0.6259972453117371,0.46859651803970337,94.55059051513672,257.73046875,15.0,26.0,0.2682926829268293,223.33193277310923,-0.3020877100840337,264.8907470703125,-0.17221641540527344,1.0,-0.9701516620994436,1.0,1779451274931946695
42.0,0.17722748219966888,0.5925608277320862,0.45365384221076965,81.5723876953125,237.1181182861328,16.0,26.0,0.23809523809523808,205.97014925373134,-0.35634328358208955,255.0892791748047,-0.20284600257873536,1.0,-0.9644470893240498,1.0,1779451274965166464
44.0,0.15645885467529297,0.6437060236930847,0.5033254623413086,90.59966278076172,245.52392578125,18.0,26.0,0.18181818181818182,226.20570570570567,-0.29310716966966976,270.1524658203125,-0.15577354431152343,1.0,-0.947939211860887,1.0,1779451274997848857
42.0,0.21211013197898865,0.6338896155357361,0.5210471153259277,81.37662506103516,243.5015411376953,15.0,27.0,0.2857142857142857,224.8861344537815,-0.29723082983193283,269.90655517578125,-0.1565420150756836,1.0,-0.9645975447803949,1.0,1779451275037174289
44.0,0.12426311522722244,0.6301264762878418,0.4924505054950714,83.2436752319336,244.13111877441406,17.0,27.0,0.22727272727272727,229.9953364817001,-0.2812645734946872,269.58905029296875,-0.15753421783447266,1.0,-0.9727349493595111,1.0,1779451275065448366
38.0,0.10688583552837372,0.6878761649131775,0.5392740964889526,95.34295654296875,261.33502197265625,12.0,26.0,0.3684210526315789,227.0625,-0.2904296875,269.9695129394531,-0.15634527206420898,1.0,-0.9719970277584565,1.0,1779451275097991668
39.0,0.15453417599201202,0.6981550455093384,0.5698230862617493,95.60700988769531,252.73306274414062,13.0,26.0,0.3333333333333333,225.9245283018868,-0.29398584905660374,269.54803466796875,-0.15766239166259766,1.0,-0.9779499719592122,1.0,1779451275132301116
42.0,0.09485815465450287,0.6539332270622253,0.5002156496047974,90.45867919921875,259.9422912597656,14.0,28.0,0.3333333333333333,225.71890788962298,-0.2946284128449282,269.9840393066406,-0.15629987716674804,1.0,-0.9627809184852782,1.0,1779451275165287993
47.0,0.10260539501905441,0.6626877188682556,0.5133887529373169,89.41405487060547,258.5498046875,16.0,31.0,0.3191489361702128,227.55122279681103,-0.2889024287599655,270.5110778808594,-0.15465288162231444,1.0,-0.9627486472517802,1.0,1779451275198840851
38.0,0.13090351223945618,0.6263986229896545,0.46612152457237244,89.62960815429688,259.9422912597656,12.0,26.0,0.3684210526315789,234.28750952018277,-0.26785153274942886,270.0665588378906,-0.1560420036315918,1.0,-0.9525046359343923,1.0,1779451275232682670
37.0,0.1416272670030594,0.6156672835350037,0.46374228596687317,88.25331115722656,244.95101928710938,12.0,25.0,0.35135135135135137,196.12908066120187,-0.38709662293374414,260.4544677734375,-0.1860797882080078,1.0,-0.9439469876246158,1.0,1779451275264844200
38.0,0.13854852318763733,0.6469219326972961,0.5021865963935852,90.19844055175781,260.51678466796875,12.0,26.0,0.3684210526315789,228.0418719211823,-0.2873691502463053,269.0638122558594,-0.15917558670043946,1.0,-0.9450931449055802,1.0,1779451275298367963
41.0,0.011922190897166729,0.6195339560508728,0.4259421229362488,87.78093719482422,259.9422912597656,15.0,26.0,0.2682926829268293,178.42573099415205,-0.44241959064327485,269.9264221191406,-0.15647993087768555,1.0,-0.9526219416967099,1.0,1779451275331437500
44.0,0.060501351952552795,0.6444537043571472,0.48549318313598633,87.271728515625,261.33502197265625,14.0,30.0,0.36363636363636365,224.6845945945946,-0.2978606418918918,268.2406311035156,-0.16174802780151368,1.0,-0.9955688047658898,1.0,1779451275364766475
41.0,0.22067509591579437,0.6077116131782532,0.47614389657974243,83.05590057373047,261.33502197265625,13.0,28.0,0.36585365853658536,212.97655735906997,-0.33444825825290636,267.1396179199219,-0.16518869400024414,1.0,-0.9740575268764591,1.0,1779451275397543925
42.0,0.1974111795425415,0.5958103537559509,0.47230401635169983,77.98431396484375,257.73046875,13.0,29.0,0.38095238095238093,228.67692307692312,-0.28538461538461524,267.362548828125,-0.16449203491210937,0.9748039245605469,-0.9907533775391506,1.0,1779451275433782486
40.0,0.05989110469818115,0.5976359248161316,0.42111220955848694,86.23193359375,261.33502197265625,15.0,25.0,0.25,229.1695156695157,-0.2838452635327634,267.58843994140625,-0.16378612518310548,1.0,-0.9707535213697704,1.0,1779451275464920862
42.0,0.009619459509849548,0.7027029991149902,0.5483819246292114,89.37419891357422,244.13111877441406,18.0,24.0,0.14285714285714285,225.95294117647057,-0.29389705882352946,266.5725402832031,-0.16696081161499024,1.0,-0.9506427231187424,1.0,1779451275498445134
39.0,0.08151338994503021,0.5935279130935669,0.42260971665382385,86.93284606933594,261.33502197265625,15.0,24.0,0.23076923076923078,196.62522851245762,-0.3855461608985699,314.7572021484375,-0.01638374328613281,1.0,-0.9463276557180156,1.0,1779451275531757838
44.0,0.07172072678804398,0.6272703409194946,0.4424946904182434,75.84730529785156,232.4994659423828,17.0,27.0,0.22727272727272727,215.838655110807,-0.32550420277872816,264.07611083984375,-0.17476215362548828,0.9480913162231446,-0.9911100940594597,1.0,1779451275564493843
37.0,0.04357043653726578,0.6719399094581604,0.49454957246780396,84.63969421386719,227.50164794921875,14.0,23.0,0.24324324324324326,253.075,-0.20914062500000002,261.9550476074219,-0.18139047622680665,1.0,-0.9165098037958419,1.0,1779451275598039266
39.0,0.03615965694189072,0.6960748434066772,0.5320643186569214,79.65061950683594,240.52650451660156,14.0,25.0,0.28205128205128205,324.5,0.0140625,274.6554870605469,-0.141701602935791,0.9956327438354492,-0.9578497963417272,1.0,1779451275631491708
38.0,0.09162267297506332,0.6259790658950806,0.47087961435317993,78.81401062011719,231.924560546875,12.0,26.0,0.3684210526315789,316.28555689102564,-0.01160763471554489,260.6855163574219,-0.18535776138305665,0.9851751327514648,-0.902866832674277,1.0,1779451275665052300
41.0,0.0419984869658947,0.6647651195526123,0.5017224550247192,84.76409149169922,232.5618133544922,15.0,26.0,0.2682926829268293,220.67084551656916,-0.3104036077607214,256.9469299316406,-0.19704084396362304,1.0,-0.9211014070140233,1.0,1779451275697323467
33.0,0.08190542459487915,0.678061306476593,0.53066086769104,97.75606536865234,255.72055053710938,11.0,22.0,0.3333333333333333,328.565,0.026765624999999994,254.73362731933594,-0.2039574146270752,1.0,-0.9149953762219076,1.0,1779451275730970819
34.0,0.07959747314453125,0.6670594811439514,0.5054986476898193,95.54729461669922,237.93276977539062,11.0,23.0,0.35294117647058826,241.7772988505747,-0.24444594109195403,252.87619018554688,-0.209761905670166,1.0,-0.9040263214271406,1.0,1779451275765450255
32.0,0.19824931025505066,0.6367495656013489,0.5060151219367981,87.80750274658203,254.33245849609375,8.0,24.0,0.5,295.5183006535948,-0.07650531045751627,248.87652587890625,-0.22226085662841796,1.0,-0.9071819477383127,1.0,1779451275798356061
38.0,0.07345657795667648,0.7079955339431763,0.5570346713066101,91.72725677490234,242.47061157226562,13.0,25.0,0.3157894736842105,319.8125,-0.0005859375,245.92884826660156,-0.23147234916687012,1.0,-0.8738536667214352,1.0,1779451275831204847
38.0,0.11259882152080536,0.7066263556480408,0.5714409947395325,93.70588684082031,241.11822509765625,13.0,25.0,0.3157894736842105,288.98949579831935,-0.09690782563025202,245.34629821777344,-0.233292818069458,1.0,-0.9111265129701258,1.0,1779451275865591153
38.0,0.10458005219697952,0.6813727021217346,0.5347008109092712,87.87064361572266,241.11822509765625,11.0,27.0,0.42105263157894735,315.355421686747,-0.01451430722891569,247.74114990234375,-0.22580890655517577,1.0,-0.8974408278412597,1.0,1779451275898935146
37.0,0.17092736065387726,0.7153826355934143,0.5995713472366333,92.33732604980469,256.5502014160156,11.0,26.0,0.40540540540540543,318.1498397435897,-0.005781750801282115,238.97723388671875,-0.25319614410400393,1.0,-0.8804088847130362,1.0,1779451275932000107
39.0,0.16209834814071655,0.6391808390617371,0.4972386062145233,82.46411895751953,255.72055053710938,12.0,27.0,0.38461538461538464,296.52685950413223,-0.07335356404958678,234.23324584960938,-0.2680211067199707,1.0,-0.8896606208787701,1.0,1779451275965589558
34.0,0.23056720197200775,0.6948866248130798,0.61421138048172,83.74544525146484,214.7859344482422,9.0,25.0,0.47058823529411764,307.2748397435897,-0.039766125801282116,228.53021240234375,-0.2858430862426758,1.0,-0.8387032123769916,1.0,1779451275999258177
38.0,0.08748514205217361,0.7132871747016907,0.5756667256355286,78.43084716796875,198.0404052734375,14.0,24.0,0.2631578947368421,316.07470238095243,-0.012266555059523654,221.52304077148438,-0.3077404975891113,0.9803855895996094,-0.8850575265058187,1.0,1779451276031228028
40.0,0.13489201664924622,0.6077198386192322,0.4550028443336487,81.69701385498047,254.33245849609375,16.0,24.0,0.2,330.33720930232556,0.03230377906976738,218.53436279296875,-0.31708011627197263,1.0,-0.855593197770516,1.0,1779451276064698240
34.0,0.1459897756576538,0.6769952774047852,0.5539025068283081,89.1906509399414,242.47061157226562,13.0,21.0,0.23529411764705882,111.372301784973,-0.6519615569219595,221.01052856445312,-0.309342098236084,1.0,-0.8499796642210683,1.0,1779451276097939093
34.0,0.2532688081264496,0.6896354556083679,0.6084516644477844,86.60420227050781,242.68704223632812,10.0,24.0,0.4117647058823529,156.3312567713976,-0.5114648225893825,220.52401733398438,-0.31086244583129885,1.0,-0.8170515016723441,1.0,1779451276132321338
39.0,0.15096281468868256,0.6210050582885742,0.4860484302043915,80.81092071533203,251.57504272460938,15.0,24.0,0.23076923076923078,156.53571428571428,-0.5108258928571429,219.57798767089844,-0.31381878852844236,1.0,-0.8233920858179936,1.0,1779451276164434461
43.0,0.08401145786046982,0.6707319617271423,0.5161932110786438,85.55052947998047,245.74783325195312,16.0,27.0,0.2558139534883721,285.75975609756097,-0.10700076219512197,216.50531005859375,-0.32342090606689455,1.0,-0.7772225736700074,1.0,1779451276197199790
37.0,0.14978942275047302,0.6835408210754395,0.5425151586532593,84.86900329589844,248.51559448242188,19.0,18.0,-0.02702702702702703,191.0,-0.403125,214.34019470214844,-0.3301868915557861,1.0,-0.7886508516192773,1.0,1779451276231507716
32.0,0.13740666210651398,0.6801160573959351,0.5490622520446777,87.86146545410156,256.01953125,13.0,19.0,0.1875,298.2766049739734,-0.06788560945633311,213.9454345703125,-0.3314205169677734,1.0,-0.8200204136963103,1.0,1779451276265956882
32.0,0.311134397983551,0.7336970567703247,0.6742909550666809,92.5013198852539,245.73562622070312,13.0,19.0,0.1875,280.0841232227488,-0.12473711492890996,213.55401611328125,-0.3326436996459961,1.0,-0.8233780814617632,1.0,1779451276315569786
37.0,0.21707022190093994,0.6701895594596863,0.5468288064002991,78.66276550292969,245.28350830078125,16.0,21.0,0.13513513513513514,278.4475806451613,-0.129851310483871,215.12139892578125,-0.3277456283569336,0.9832845687866211,-0.8445603167340807,1.0,1779451276338232235
37.0,0.09867892414331436,0.7073577046394348,0.5641862750053406,88.30205535888672,243.9057159423828,17.0,20.0,0.08108108108108109,278.35645933014354,-0.13013606459330146,216.19577026367188,-0.3243882179260254,1.0,-0.8229047223378017,1.0,1779451276372364298
39.0,0.18257327377796173,0.6389200687408447,0.4998038709163666,82.33177185058594,245.96340942382812,17.0,22.0,0.1282051282051282,195.75,-0.38828125,213.17691040039062,-0.3338221549987793,1.0,-0.8034591445290832,1.0,1779451276404500922
42.0,0.17331954836845398,0.654045581817627,0.5082125067710876,84.1230697631836,252.4915771484375,18.0,24.0,0.14285714285714285,192.53255208333331,-0.39833577473958337,248.82357788085938,-0.22242631912231445,1.0,-0.7559492938748023,1.0,1779451276435223552
37.0,0.10983345657587051,0.6506690979003906,0.5108504891395569,84.69902038574219,251.96229553222656,13.0,24.0,0.2972972972972973,295.146452790819,-0.07766733502869058,211.03176879882812,-0.3405257225036621,1.0,-0.7901137772462828,1.0,1779451276467807129
41.0,0.14778107404708862,0.6108614206314087,0.4585033655166626,75.77278137207031,233.46519470214844,20.0,21.0,0.024390243902439025,141.67142857142858,-0.5572767857142857,211.84019470214844,-0.3379993915557861,0.9471597671508789,-0.740314980758776,1.0,1779451276499705553
36.0,0.20992335677146912,0.7126789093017578,0.6136358976364136,75.52545928955078,227.16073608398438,15.0,21.0,0.16666666666666666,269.5,-0.1578125,212.79820251464844,-0.3350056171417236,0.9440682411193848,-0.8202631040145788,1.0,1779451276531180187
38.0,0.19227151572704315,0.6553335785865784,0.5261756777763367,81.27086639404297,245.7580108642578,14.0,24.0,0.2631578947368421,194.5392857142857,-0.39206473214285714,215.16778564453125,-0.32760066986083985,1.0,-0.7634329311896908,1.0,1779451276564854492
42.0,0.14950360357761383,0.6458699107170105,0.5057147145271301,79.78063201904297,250.73092651367188,18.0,24.0,0.14285714285714285,209.93663594470044,-0.3439480126728111,213.7451629638672,-0.332046365737915,0.9972579002380371,-0.724306767647437,1.0,1779451276597963625
45.0,0.19755813479423523,0.6278451681137085,0.4880591630935669,87.59685516357422,249.87396240234375,19.0,26.0,0.15555555555555556,211.57142857142856,-0.3388392857142858,171.24542236328125,-0.4648580551147461,1.0,-0.7445606535938413,1.0,1779451276631423846
43.0,0.19244204461574554,0.642687201499939,0.5097447633743286,79.1297378540039,248.5015106201172,17.0,26.0,0.20930232558139536,248.35714285714286,-0.22388392857142855,190.21578979492188,-0.40557565689086916,0.9891217231750489,-0.7925518267046312,1.0,1779451276664893264
48.0,0.15590998530387878,0.6264611482620239,0.47767767310142517,75.7286376953125,248.35861206054688,21.0,27.0,0.125,289.6718362282879,-0.0947755117866004,212.43612670898438,-0.3361371040344238,0.9466079711914063,-0.8357059228104594,1.0,1779451276697293456
40.0,0.1672050803899765,0.6355665922164917,0.4887416958808899,80.62181091308594,251.96229553222656,19.0,21.0,0.05,259.5882352941176,-0.18878676470588243,213.98760986328125,-0.3312887191772461,1.0,-0.7446137502988405,1.0,1779451276729834284
40.0,0.08551619946956635,0.5918099880218506,0.42103996872901917,83.40287017822266,252.4915771484375,19.0,21.0,0.05,267.893842364532,-0.16283174261083744,161.38027954101562,-0.49568662643432615,1.0,-0.7214500153683109,1.0,1779451276765547226
38.0,0.20957763493061066,0.6360722184181213,0.5247461199760437,80.40846252441406,253.33969116210938,16.0,22.0,0.15789473684210525,257.41001564945225,-0.19559370109546173,210.9167938232422,-0.34088501930236814,1.0,-0.7624174409112787,1.0,1779451276797585769
46.0,0.19830894470214844,0.6570367813110352,0.5339135527610779,77.99856567382812,245.96340942382812,21.0,25.0,0.08695652173913043,262.9997186796699,-0.17812587912603153,209.91299438476562,-0.3440218925476074,0.9749820709228516,-0.8098084216652226,1.0,1779451276832439786
45.0,0.03828026354312897,0.5911230444908142,0.419746071100235,76.94700622558594,243.23240661621094,25.0,20.0,-0.1111111111111111,254.1593799682035,-0.20575193759936408,211.77658081054688,-0.338198184967041,0.9618375778198243,-0.7286482661829359,1.0,1779451276864999535
48.0,0.17027884721755981,0.6700397729873657,0.5390542149543762,80.6489028930664,250.19192504882812,22.0,26.0,0.08333333333333333,276.63214285714287,-0.13552455357142854,212.3577880859375,-0.3363819122314453,1.0,-0.8135087822185332,1.0,1779451276899698259
48.0,0.13470566272735596,0.6187944412231445,0.46453189849853516,74.54584503173828,256.01953125,24.0,24.0,0.0,275.3853174603174,-0.13942088293650806,150.12637329101562,-0.5308550834655762,0.9318230628967286,-0.7210634081506502,1.0,1779451276931645538
49.0,0.1559584140777588,0.6228892207145691,0.47340965270996094,74.3113021850586,256.5638427734375,25.0,24.0,-0.02040816326530612,247.89872496613336,-0.22531648448083325,210.87747192382812,-0.3410079002380371,0.9288912773132324,-0.7208099571644411,1.0,1779451276965392052
45.0,0.15693429112434387,0.5963236689567566,0.44704073667526245,82.3155517578125,252.95849609375,21.0,24.0,0.06666666666666667,247.81647995283018,-0.22557350014740568,210.69552612304688,-0.34157648086547854,1.0,-0.6956365452870106,1.0,1779451276998629970
46.0,0.11546500027179718,0.628462553024292,0.47664883732795715,81.7024917602539,243.5015411376953,22.0,24.0,0.043478260869565216,249.5641074611663,-0.22011216418385535,211.81869506835938,-0.33806657791137695,1.0,-0.6746170561757745,1.0,1779451277032004831
43.0,0.1787218153476715,0.6467316746711731,0.5116770267486572,86.40068054199219,250.73690795898438,20.0,23.0,0.06976744186046512,250.48897515527952,-0.2172219526397515,237.71116638183594,-0.2571526050567627,1.0,-0.6541129123650407,1.0,1779451277064503659
46.0,0.11090967059135437,0.6396033763885498,0.4792318344116211,80.8322982788086,252.95849609375,23.0,23.0,0.0,254.28451972555746,-0.20536087585763294,216.79367065429688,-0.32251977920532227,1.0,-0.6872711050468447,1.0,1779451277097915029
46.0,0.1984209418296814,0.5648677945137024,0.4236995577812195,73.02576446533203,256.5638427734375,20.0,26.0,0.13043478260869565,258.5769230769231,-0.19194711538461534,162.93516540527344,-0.4908276081085205,0.9128220558166504,-0.7318756701012479,1.0,1779451277132384199
44.0,0.21252217888832092,0.5981408953666687,0.4791337251663208,77.64324188232422,256.5638427734375,20.0,24.0,0.09090909090909091,259.24418604651163,-0.18986191860465115,220.92758178710938,-0.3096013069152832,0.9705405235290527,-0.8090768898990379,1.0,1779451277163668439
47.0,0.17406778037548065,0.5137140154838562,0.36824554204940796,68.54303741455078,255.18032836914062,17.0,30.0,0.2765957446808511,130.75971896955502,-0.5913758782201406,155.96328735351562,-0.5126147270202637,0.8567879676818848,-0.7383360948035196,1.0,1779451277197811359
46.0,0.12323455512523651,0.5666781067848206,0.4034497141838074,75.28282165527344,256.01953125,24.0,22.0,-0.043478260869565216,129.40625,-0.59560546875,154.48922729492188,-0.5172211647033691,0.941035270690918,-0.7293389113909525,1.0,1779451277231299071
45.0,0.16140353679656982,0.6038089990615845,0.4575076997280121,81.88402557373047,253.7971649169922,19.0,26.0,0.15555555555555556,259.24127372933253,-0.18987101959583583,222.73912048339844,-0.3039402484893799,1.0,-0.7385248766349102,1.0,1779451277264323671
51.0,0.08788963407278061,0.5835402011871338,0.414603590965271,73.65332794189453,255.18032836914062,25.0,26.0,0.0196078431372549,264.53920888272035,-0.17331497224149892,163.18167114257812,-0.49005727767944335,0.9206665992736817,-0.7304213870128908,1.0,1779451277297377019
47.0,0.10769768804311752,0.5857523083686829,0.4379178285598755,82.87055206298828,253.7971649169922,22.0,25.0,0.06382978723404255,263.9033290653009,-0.17530209667093466,226.26254272460938,-0.2929295539855957,1.0,-0.7525809844954593,1.0,1779451277331165688
41.0,0.12926793098449707,0.5992497801780701,0.45554420351982117,77.19303894042969,252.41433715820312,18.0,23.0,0.12195121951219512,268.16961635952714,-0.1619699488764777,275.60107421875,-0.13874664306640624,0.9649129867553711,-0.7461334600549282,1.0,1779451277363896866
41.0,0.04982882738113403,0.6460439562797546,0.47815433144569397,88.52591705322266,241.26748657226562,18.0,23.0,0.12195121951219512,271.6328229334561,-0.15114742833294964,231.3643798828125,-0.27698631286621095,1.0,-0.7283290871870859,1.0,1779451277397258491
41.0,0.1250256597995758,0.5870133638381958,0.4401516318321228,80.20986938476562,253.8700408935547,19.0,22.0,0.07317073170731707,276.58020708283317,-0.13568685286614635,235.4851531982422,-0.26410889625549316,1.0,-0.7710801920512479,1.0,1779451277429951754
44.0,0.18710389733314514,0.5693274736404419,0.4278183877468109,81.91349792480469,253.8700408935547,19.0,25.0,0.13636363636363635,216.27941176470588,-0.3241268382352941,188.75787353515625,-0.41013164520263673,1.0,-0.7305197592114404,1.0,1779451277469766237
47.0,0.15952251851558685,0.5854652523994446,0.43235892057418823,79.24600219726562,251.113525390625,20.0,27.0,0.14893617021276595,281.46956587735275,-0.12040760663327266,240.16925048828125,-0.2494710922241211,0.9905750274658203,-0.7647836639747563,1.0,1779451277501184758
45.0,0.0667232796549797,0.585420548915863,0.4255244731903076,76.52108001708984,251.96229553222656,21.0,24.0,0.06666666666666667,155.3261904761905,-0.5146056547619047,202.841552734375,-0.3661201477050781,0.956513500213623,-0.800131391939523,1.0,1779451277532775921
41.0,0.11719276010990143,0.5379689931869507,0.38957661390304565,81.78085327148438,251.96229553222656,17.0,24.0,0.17073170731707318,161.2663461538462,-0.4960426682692306,196.37887573242188,-0.38631601333618165,1.0,-0.7688863351776565,1.0,1779451277564553223
44.0,0.11836285889148712,0.6326164603233337,0.47812387347221375,84.13783264160156,227.26416015625,18.0,26.0,0.18181818181818182,289.64751263633946,-0.0948515230114392,248.37893676757812,-0.22381582260131835,1.0,-0.7764362321177217,1.0,1779451277597244329
50.0,0.028562109917402267,0.5977075099945068,0.42456915974617004,72.09173583984375,248.35861206054688,21.0,29.0,0.16,292.84109213917526,-0.08487158706507732,249.83486938476562,-0.21926603317260743,0.9011466979980469,-0.8367708028723244,1.0,1779451277631400372
46.0,0.10228289663791656,0.6351799368858337,0.47582846879959106,81.59185028076172,234.30322265625,20.0,26.0,0.13043478260869565,231.29483537296036,-0.2772036394594989,198.41058349609375,-0.37996692657470704,1.0,-0.7976024830201365,1.0,1779451277664423499
44.0,0.2066023349761963,0.58282470703125,0.4423315227031708,80.22899627685547,241.0,17.0,27.0,0.22727272727272727,237.47541517018686,-0.2578893275931661,254.7402801513672,-0.20393662452697753,1.0,-0.8189051949496513,1.0,1779451277698238400
51.0,0.12228525429964066,0.6095980405807495,0.4531141221523285,79.99359130859375,243.5015411376953,24.0,27.0,0.058823529411764705,238.25064935064933,-0.25546672077922083,222.26211547851562,-0.30543088912963867,0.9999198913574219,-0.8122395198407827,1.0,1779451277731374098
43.0,0.0894930437207222,0.584459662437439,0.4096653163433075,81.77395629882812,250.73092651367188,20.0,23.0,0.06976744186046512,242.7567388064537,-0.24138519122983215,202.6856231689453,-0.3666074275970459,1.0,-0.8451492185578436,1.0,1779451277764842710
42.0,0.10714316368103027,0.5669000744819641,0.3828001618385315,81.14129638671875,249.87396240234375,18.0,24.0,0.14285714285714285,180.73026315789474,-0.43521792763157896,262.6690673828125,-0.17915916442871094,1.0,-0.7553492975830569,1.0,1779451277798523407
43.0,0.11765532940626144,0.5493471622467041,0.38444891571998596,82.72486877441406,249.87396240234375,17.0,26.0,0.20930232558139536,179.0371710526316,-0.44050884046052624,264.7115478515625,-0.1727764129638672,1.0,-0.8543437812632648,1.0,1779451277831769130
44.0,0.05807192251086235,0.5996024012565613,0.43332070112228394,83.45732879638672,249.3591766357422,23.0,21.0,-0.045454545454545456,188.57401862162538,-0.4107061918074207,266.713623046875,-0.16651992797851561,1.0,-0.787938640666514,1.0,1779451277864715185
42.0,0.06334375590085983,0.6182073354721069,0.4450247287750244,86.50228118896484,249.3591766357422,22.0,20.0,-0.047619047619047616,317.1923076923077,-0.008774038461538503,270.404296875,-0.154986572265625,1.0,-0.8674953495933747,1.0,1779451277897533181
47.0,-0.017664441838860512,0.5734740495681763,0.3832430839538574,77.39103698730469,248.5015106201172,24.0,23.0,-0.02127659574468085,318.98457553160443,-0.0031732014637361416,272.3687438964844,-0.14884767532348633,0.9673879623413086,-0.8543224820659806,1.0,1779451277930946732
42.0,0.08362352102994919,0.6442264914512634,0.48398321866989136,86.81151580810547,245.7580108642578,21.0,21.0,0.0,258.02850274725273,-0.19366092891483522,282.2759094238281,-0.11788778305053711,1.0,-0.8518006494853493,1.0,1779451277963967720
47.0,0.016309358179569244,0.5838589668273926,0.40551960468292236,79.3514633178711,238.76766967773438,25.0,22.0,-0.06382978723404255,195.9285442073171,-0.3877232993521341,326.1502990722656,0.019219684600830077,0.9918932914733887,-0.8476116451378564,1.0,1779451277999272492
47.0,0.014476882293820381,0.6134412884712219,0.4327320456504822,77.74053955078125,238.76766967773438,26.0,21.0,-0.10638297872340426,325.61940298507466,0.017560634328358304,226.25991821289062,-0.2929377555847168,0.9717567443847657,-0.8877949924793797,1.0,1779451278031802688
47.0,0.055207982659339905,0.5740178227424622,0.39357641339302063,78.00827026367188,244.59762573242188,22.0,25.0,0.06382978723404255,328.4133014908091,0.026291567158778405,281.0375671386719,-0.1217576026916504,0.9751033782958984,-0.8923780565036833,1.0,1779451278065061161
45.0,0.07910092175006866,0.5799223780632019,0.3939589560031891,79.5301284790039,231.233642578125,22.0,23.0,0.022222222222222223,244.77773684232088,-0.23506957236774725,282.4986572265625,-0.11719169616699218,0.9941266059875489,-0.8635726869886067,1.0,1779451278097433989
39.0,0.03331105783581734,0.5960705876350403,0.4133557975292206,87.80826568603516,247.32974243164062,21.0,18.0,-0.07692307692307693,185.8820164176782,-0.41911869869475565,222.34219360351562,-0.30518064498901365,1.0,-0.8359758590680472,1.0,1779451278132441172
44.0,0.118123359978199,0.6208581328392029,0.45562124252319336,82.5676040649414,248.1954803466797,21.0,23.0,0.045454545454545456,211.38251879699246,-0.3394296287593986,289.6390075683594,-0.09487810134887695,1.0,-0.9457119475394948,1.0,1779451278164861135
40.0,0.15404585003852844,0.5726199150085449,0.4061499536037445,87.51689147949219,247.32974243164062,19.0,21.0,0.05,212.05982905982904,-0.33731303418803427,291.82861328125,-0.08803558349609375,1.0,-0.8742992031711327,1.0,1779451278197447466
46.0,0.06804082542657852,0.6455445289611816,0.47179797291755676,86.41545867919922,245.96340942382812,24.0,22.0,-0.043478260869565216,192.5836197021764,-0.39817618843069874,293.2715759277344,-0.08352632522583008,1.0,-0.9070583674604685,1.0,1779451278231403912
42.0,0.08969800919294357,0.5834788084030151,0.4301988482475281,85.69645690917969,247.1295166015625,20.0,22.0,0.047619047619047616,209.97265848086803,-0.3438354422472874,296.4953308105469,-0.07345209121704102,1.0,-0.9636610906880027,1.0,1779451278263790677
38.0,0.04593290388584137,0.6052696704864502,0.4354534149169922,93.84500122070312,248.5015106201172,21.0,17.0,-0.10526315789473684,224.2238066343042,-0.29930060426779936,298.48553466796875,-0.06723270416259766,1.0,-0.9104308060674804,1.0,1779451278298263584
39.0,0.004920369479805231,0.6287968158721924,0.46753937005996704,89.98726654052734,250.73092651367188,21.0,18.0,-0.07692307692307693,224.65918367346939,-0.29794005102040816,261.78240966796875,-0.18192996978759765,1.0,-0.9605170431328556,1.0,1779451278331160091
40.0,0.08642707765102386,0.6204515695571899,0.4648950695991516,85.05445861816406,248.5015106201172,20.0,20.0,0.0,229.13577659938423,-0.2839506981269243,301.8360595703125,-0.056762313842773436,1.0,-0.9409112321636134,1.0,1779451278363925730
43.0,0.1011495590209961,0.6204897165298462,0.4503452479839325,82.81211853027344,244.8999786376953,22.0,21.0,-0.023255813953488372,208.3643902838497,-0.3488612803629697,304.3348388671875,-0.04895362854003906,1.0,-0.9470946348404682,1.0,1779451278399050833
37.0,0.0973266214132309,0.6516700387001038,0.49693891406059265,97.6182861328125,251.24688720703125,18.0,19.0,0.02702702702702703,234.73853125000002,-0.26644208984374995,304.9038391113281,-0.04717550277709961,1.0,-0.905351934566871,1.0,1779451278430167375
41.0,0.056046195328235626,0.6661788821220398,0.5008789896965027,89.39730834960938,244.86119079589844,22.0,19.0,-0.07317073170731707,193.6805042382091,-0.3947484242555966,289.90240478515625,-0.09405498504638672,1.0,-0.989676712936592,1.0,1779451278463720531
38.0,0.08220765739679337,0.6569870114326477,0.4798513650894165,90.78501892089844,245.73562622070312,17.0,21.0,0.10526315789473684,240.7766753415745,-0.24757288955757967,262.61627197265625,-0.17932415008544922,1.0,0.8353393227889243,1.0,1779451278498693333
35.0,0.10640553385019302,0.6919676661491394,0.5353915691375732,101.19488525390625,249.87396240234375,18.0,17.0,-0.02857142857142857,196.03737402015676,-0.3873832061870101,314.2177429199219,-0.01806955337524414,1.0,-0.9258516351125237,1.0,1779451278531578560
38.0,0.07743880897760391,0.6473225355148315,0.5001345872879028,101.18285369873047,245.73562622070312,19.0,19.0,0.0,243.91898148148147,-0.23775318287037042,309.3106994628906,-0.033404064178466794,1.0,0.8501271678694033,0.75,1779451278564572364
34.0,0.04534781724214554,0.6552352905273438,0.487916499376297,101.04039001464844,245.73562622070312,19.0,15.0,-0.11764705882352941,247.5664757310823,-0.2263547633403678,315.8675537109375,-0.012913894653320313,1.0,0.8110693261761437,1.0,1779451278597111103
31.0,0.08216024935245514,0.6230612993240356,0.45793595910072327,95.96094512939453,251.96229553222656,15.0,16.0,0.03225806451612903,252.1492559523809,-0.21203357514880966,322.5194091796875,0.007873153686523438,1.0,0.8361970544658597,0.75,1779451278630655431
37.0,0.08984341472387314,0.6266704201698303,0.46443676948547363,102.1182861328125,244.23963928222656,19.0,18.0,-0.02702702702702703,254.99002849002846,-0.20315616096866104,324.6347961425781,0.01448373794555664,1.0,0.8098939859210117,0.75,1779451278663601928
32.0,0.019340880215168,0.6901160478591919,0.5280125141143799,110.30718231201172,249.2388458251953,15.0,17.0,0.0625,236.75189805799624,-0.26015031856876175,328.54522705078125,0.026703834533691406,1.0,0.7743327956349646,1.0,1779451278697379082
33.0,0.12414871901273727,0.6478960514068604,0.5074876546859741,105.25165557861328,257.0311279296875,15.0,18.0,0.09090909090909091,264.5150594212102,-0.17339043930871814,284.93511962890625,-0.10957775115966797,1.0,0.7822617092831512,0.75,1779451278730678768
34.0,0.08507310599088669,0.6838198304176331,0.5300325155258179,98.2027816772461,257.8410339355469,17.0,17.0,0.0,265.00978326309456,-0.1718444273028295,337.3298034667969,0.05415563583374024,1.0,0.7517336665741262,1.0,1779451278765252033
29.0,0.07052464783191681,0.6337051391601562,0.4641093313694,104.9709243774414,267.8395080566406,14.0,15.0,0.034482758620689655,227.3955142973303,-0.2893890178208428,337.39239501953125,0.05435123443603516,1.0,0.7830677564874826,0.41250000000000003,1779451278797870318
40.0,0.08187589794397354,0.589986264705658,0.43862900137901306,87.3422622680664,272.8387756347656,16.0,24.0,0.2,280.70625,-0.12279296874999997,276.95806884765625,-0.1345060348510742,1.0,0.7207082584623841,0.41250000000000003,1779451278831508484
42.0,0.05644330382347107,0.6128909587860107,0.4609173834323883,90.14044189453125,279.23468017578125,19.0,23.0,0.09523809523809523,281.5812466188607,-0.12005860431606034,208.5504150390625,-0.3482799530029297,1.0,0.7046963815435127,0.55,1779451278863642070
37.0,0.05038268491625786,0.5951029062271118,0.43256768584251404,96.4866714477539,279.23468017578125,16.0,21.0,0.13513513513513514,285.0487804878049,-0.10922256097560971,233.1209716796875,-0.2714969635009766,1.0,0.7443517435308044,0.41250000000000003,1779451278897438498
33.0,-0.06607244163751602,0.7229275703430176,0.575227677822113,101.86175537109375,289.23345947265625,16.0,17.0,0.030303030303030304,333.40441176470586,0.041888786764705796,350.872314453125,0.09647598266601562,1.0,0.6351292994391472,0.55,1779451278930407842
37.0,0.15246041119098663,0.6282660365104675,0.4941021203994751,98.37849426269531,292.02740478515625,17.0,20.0,0.08108108108108109,249.2810037915301,-0.2209968631514684,354.05615234375,0.10642547607421875,1.0,0.7107257915975307,0.41250000000000003,1779451278963931327
41.0,0.0536816343665123,0.5714185833930969,0.41743403673171997,94.51337432861328,295.62982177734375,18.0,23.0,0.12195121951219512,245.97544358770367,-0.23132673878842605,356.9730224609375,0.11554069519042968,1.0,0.7231266886271143,0.41250000000000003,1779451278996919567
39.0,0.07371177524328232,0.6453729867935181,0.49425774812698364,98.0748291015625,295.62982177734375,15.0,24.0,0.23076923076923078,252.899276425617,-0.20968976116994692,357.7138977050781,0.11785593032836914,1.0,0.6626165244307927,0.55,1779451279030604700
36.0,-0.032284244894981384,0.610723614692688,0.4581053555011749,105.3569564819336,255.72055053710938,17.0,19.0,0.05555555555555555,241.9942604700656,-0.24376793603104502,358.644287109375,0.12076339721679688,1.0,0.600935061660778,0.41250000000000003,1779451279064439019
34.0,0.00898965448141098,0.6120955944061279,0.45686763525009155,110.06265258789062,262.9315490722656,17.0,17.0,0.0,255.28486186545396,-0.20223480667045637,359.2951354980469,0.12279729843139649,1.0,0.6752386784206799,0.41250000000000003,1779451279097533195
43.0,-0.06818705797195435,0.5969880223274231,0.43339890241622925,89.8184585571289,270.0,22.0,21.0,-0.023255813953488372,259.8448275862069,-0.1879849137931034,294.80340576171875,-0.0787393569946289,1.0,0.6598426029950926,0.55,1779451279132209328
40.0,0.026488278061151505,0.5492241382598877,0.38482365012168884,101.25648498535156,296.4000549316406,16.0,24.0,0.2,264.030985041704,-0.17490317174467496,195.04995727539062,-0.3904688835144043,1.0,0.645279092594688,0.41250000000000003,1779451279163795645
38.0,0.13534285128116608,0.6247674226760864,0.4856799244880676,104.2306137084961,307.8002624511719,16.0,22.0,0.15789473684210525,266.1687215340583,-0.16822274520606778,196.41453552246094,-0.38620457649230955,1.0,0.592000129785079,0.41250000000000003,1779451279197764638
34.0,-0.11198122799396515,0.657826840877533,0.49267977476119995,117.53048706054688,309.2005920410156,18.0,16.0,-0.058823529411764705,421.374785202477,0.3167962037577407,358.3125,0.1197265625,1.0,0.5928415667719115,0.55,1779451279232058393
37.0,0.0001582910044817254,0.6315515041351318,0.4479808807373047,100.83169555664062,309.2005920410156,17.0,20.0,0.08108108108108109,399.2772277227723,0.24774133663366343,318.98748779296875,-0.0031641006469726564,1.0,0.5769927997694273,0.55,1779451279263509947
35.0,0.029841842129826546,0.6356773972511292,0.4870540499687195,103.53536224365234,307.0016174316406,16.0,19.0,0.08571428571428572,279.16537961843625,-0.12760818869238671,359.31268310546875,0.12285213470458985,1.0,0.5504150649606585,0.41250000000000003,1779451279297923158
39.0,0.0256927739828825,0.5798172354698181,0.41878852248191833,101.81037902832031,277.35357666015625,20.0,19.0,-0.02564102564102564,293.3915734989648,-0.08315133281573495,216.96636962890625,-0.32198009490966795,1.0,0.5131922659245374,0.41250000000000003,1779451279330854483
37.0,-0.05098126828670502,0.5930043458938599,0.4440683424472809,104.58267974853516,265.6332092285156,21.0,16.0,-0.13513513513513514,261.0985795454546,-0.18406693892045442,359.929931640625,0.12478103637695312,1.0,0.5662613625823868,0.41250000000000003,1779451279364239708
43.0,-0.01087784394621849,0.6311651468276978,0.4734741151332855,102.70270538330078,290.0430908203125,19.0,24.0,0.11627906976744186,275.1127450980392,-0.1402726715686274,360.606689453125,0.12689590454101562,1.0,0.5657099558981449,0.55,1779451279398521240
40.0,0.09173451364040375,0.6031882762908936,0.4642415940761566,102.05960845947266,312.05767822265625,17.0,23.0,0.15,301.69941176470587,-0.05718933823529415,336.56427001953125,0.05176334381103516,1.0,0.5633563369731897,0.41250000000000003,1779451279432698490
41.0,0.050104036927223206,0.6111860871315002,0.4684509038925171,112.01065826416016,312.05767822265625,19.0,22.0,0.07317073170731707,274.85352898678934,-0.1410827219162833,253.44082641601562,-0.20799741744995118,1.0,0.536292511858147,0.41250000000000003,1779451279465281977
43.0,0.014924067072570324,0.628218948841095,0.4711729884147644,105.22628784179688,285.7481384277344,22.0,21.0,-0.023255813953488372,321.3972602739726,0.004366438356164437,318.84661865234375,-0.0036043167114257813,1.0,0.5047275398975696,0.55,1779451279496860255
43.0,0.0454791784286499,0.6343954801559448,0.5050413012504578,100.9876937866211,282.1435852050781,20.0,23.0,0.06976744186046512,282.08703233988587,-0.11847802393785667,361.46209716796875,0.12956905364990234,1.0,0.5067885024462259,0.41250000000000003,1779451279563990000
52.0,0.0031742167193442583,0.564008891582489,0.42060109972953796,92.67314910888672,287.1410827636719,26.0,26.0,0.0,314.63513513513516,-0.016765202702702632,436.29718017578125,0.3634286880493164,1.0,0.42234645268178245,0.41250000000000003,1779451279596996086
43.0,-0.004484010394662619,0.5998444557189941,0.45908984541893005,101.95580291748047,315.00634765625,23.0,20.0,-0.06976744186046512,307.6913461538462,-0.038464543269230586,358.0189208984375,0.11880912780761718,1.0,0.46846109613449616,0.75,1779451279663379001
44.0,0.03415537253022194,0.6007246375083923,0.4473951458930969,97.39006805419922,320.00311279296875,23.0,21.0,-0.045454545454545456,304.39473684210526,-0.04876644736842106,258.3872985839844,-0.19253969192504883,1.0,0.4186418676309163,0.75,1779451279697274287
50.0,0.05127303674817085,0.6387693881988525,0.5090445876121521,99.7671127319336,322.81573486328125,22.0,28.0,0.12,322.2128755891071,0.00691523621595973,349.42254638671875,0.0919454574584961,1.0,0.40309484246812244,0.55,1779451279731061531
50.0,0.11277811974287033,0.5753869414329529,0.4421786367893219,88.51290893554688,320.6322021484375,21.0,29.0,0.16,321.2033356907119,0.003760424033474763,205.60302734375,-0.35749053955078125,1.0,0.3864407535636739,0.41250000000000003,1779451279764183552
43.0,0.05593408644199371,0.6271116137504578,0.4951381981372833,99.35232543945312,322.038818359375,19.0,24.0,0.11627906976744186,319.38737231419515,-0.0019144615181401648,356.5926513671875,0.11435203552246094,1.0,0.3915671921319239,0.41250000000000003,1779451279800024374
49.0,0.037022244185209274,0.6511280536651611,0.5122119188308716,90.08998107910156,279.23468017578125,23.0,26.0,0.061224489795918366,313.1096135893075,-0.02153245753341402,352.60198974609375,0.10188121795654297,1.0,0.4194157325351946,0.55,1779451279831553513
50.0,0.031515732407569885,0.6277909278869629,0.4742661416530609,97.27651977539062,280.6314392089844,25.0,25.0,0.0,311.78652137629524,-0.025667120699077374,349.10113525390625,0.09094104766845704,1.0,0.4184518638047962,0.55,1779451279863920662
55.0,0.026944324374198914,0.5872392654418945,0.44151002168655396,84.17149353027344,284.23406982421875,27.0,28.0,0.01818181818181818,304.94552503384836,-0.04704523426922389,349.1673583984375,0.09114799499511719,1.0,0.37140615802744364,0.41250000000000003,1779451279896765984
50.0,0.03587448224425316,0.6635631322860718,0.5359360575675964,102.64089965820312,282.83740234375,25.0,25.0,0.0,299.1957831325301,-0.06501317771084344,349.6297912597656,0.09259309768676757,1.0,0.43185849151332323,0.55,1779451279930696297
52.0,0.016838274896144867,0.6159656047821045,0.4729548990726471,95.81087493896484,284.23406982421875,27.0,25.0,-0.038461538461538464,303.8568220701454,-0.05044743103079554,349.501708984375,0.09219284057617187,1.0,0.4287259798798652,0.55,1779451279964211648
51.0,0.0005088959587737918,0.6252250075340271,0.49006855487823486,95.8719711303711,282.83740234375,25.0,26.0,0.0196078431372549,315.6604946825235,-0.013560954117114044,278.1005554199219,-0.13093576431274415,1.0,0.43643462704467717,0.55,1779451279997204192
51.0,0.03919775038957596,0.6284449696540833,0.48258355259895325,99.21983337402344,282.83740234375,25.0,26.0,0.0196078431372549,316.1553076923077,-0.012014663461538433,279.8868408203125,-0.12535362243652343,1.0,0.4317389833007148,0.55,1779451280031438384
50.0,0.07611728459596634,0.6057162880897522,0.473295658826828,91.81885528564453,277.83807373046875,23.0,27.0,0.08,325.270607272035,0.016470647725109443,348.21160888671875,0.0881612777709961,1.0,0.4531277383505521,0.41250000000000003,1779451280064551266
52.0,0.03170178458094597,0.6019494533538818,0.4751734733581543,91.68994903564453,270.6621398925781,27.0,25.0,-0.038461538461538464,293.0314729574223,-0.08427664700805533,317.5499267578125,-0.007656478881835937,1.0,0.4623942902414773,0.75,1779451280097658679
53.0,0.022318916395306587,0.591446042060852,0.45201045274734497,88.55685424804688,258.64453125,25.0,28.0,0.05660377358490566,316.1336032388664,-0.012082489878542546,342.85162353515625,0.07141132354736328,1.0,0.4405883829350475,0.41250000000000003,1779451280132310666
45.0,0.03806637227535248,0.6437727808952332,0.4859103858470917,104.61256408691406,293.6136779785156,22.0,23.0,0.022222222222222223,298.39636714636714,-0.06751135266760269,336.3895263671875,0.051217269897460935,1.0,0.45521924122042934,1.0,1779451280197911096
51.0,0.03209710493683815,0.5965767502784729,0.44410210847854614,90.5643310546875,285.80413818359375,24.0,27.0,0.058823529411764705,282.1869369369369,-0.11816582207207223,332.4730224609375,0.038978195190429686,1.0,0.46724532952641207,0.75,1779451280229602221
44.0,-0.008472009561955929,0.636705219745636,0.49939921498298645,103.4065933227539,286.5815734863281,21.0,23.0,0.045454545454545456,277.45,-0.13296875000000002,329.282470703125,0.029007720947265624,1.0,0.4655265974037074,0.75,1779451280266210363
47.0,0.08300601691007614,0.581684410572052,0.4213099479675293,91.1077651977539,280.17852783203125,22.0,25.0,0.06382978723404255,275.5561274509804,-0.13888710171568625,326.68707275390625,0.020897102355957032,1.0,0.5278212424684003,0.41250000000000003,1779451280298049566
47.0,-0.007022648584097624,0.559499204158783,0.3988806903362274,90.81126403808594,276.588134765625,24.0,23.0,-0.02127659574468085,234.55379656670704,-0.2670193857290405,323.94671630859375,0.012333488464355469,1.0,0.5103875522866237,0.41250000000000003,1779451280330929265
48.0,0.11332521587610245,0.6201031804084778,0.4736364185810089,94.12801361083984,273.77545166015625,22.0,26.0,0.08333333333333333,231.93576642335768,-0.2752007299270073,321.1541748046875,0.0036067962646484375,1.0,0.5369590775062945,0.41250000000000003,1779451280363866011
49.0,0.08024238795042038,0.6097063422203064,0.4527318477630615,94.4665298461914,268.4026794433594,23.0,26.0,0.061224489795918366,246.99595722483048,-0.22813763367240475,318.1769104003906,-0.0056971549987792965,1.0,0.541282310282747,0.41250000000000003,1779451280397519526
47.0,0.10787035524845123,0.6198569536209106,0.46382856369018555,94.38619995117188,262.37567138671875,21.0,26.0,0.10638297872340426,244.43774034003982,-0.23613206143737556,295.55230712890625,-0.07639904022216797,1.0,0.5747365221796815,0.41250000000000003,1779451280430983246
49.0,0.06665116548538208,0.6176121830940247,0.44156938791275024,90.95988464355469,269.20068359375,23.0,26.0,0.061224489795918366,281.14673913043475,-0.1214164402173914,253.51348876953125,-0.20777034759521484,1.0,0.5442881588111574,0.55,1779451280463492769
48.0,-0.030265385285019875,0.5768880248069763,0.416268914937973,91.2925796508789,267.0018615722656,27.0,21.0,-0.125,266.19077172153266,-0.16815383837021045,122.26412963867188,-0.6179245948791504,1.0,0.5919902944769838,0.41250000000000003,1779451280530711620
44.0,0.052115488797426224,0.5957992672920227,0.42380601167678833,97.49036407470703,267.0018615722656,23.0,21.0,-0.045454545454545456,230.93832575993508,-0.2783177320002029,305.062744140625,-0.046678924560546876,1.0,0.5951151140716223,0.41250000000000003,1779451280563803992
41.0,-0.022763963788747787,0.5582337975502014,0.3705691397190094,86.12739562988281,267.0018615722656,25.0,16.0,-0.21951219512195122,228.27224576271186,-0.2866492319915254,303.3106689453125,-0.052154159545898436,1.0,0.6000136475232091,0.41250000000000003,1779451280600827860
46.0,0.022044997662305832,0.6411181092262268,0.46525466442108154,91.1835708618164,264.20068359375,24.0,22.0,-0.043478260869565216,225.1722405836867,-0.2963367481759791,359.9812316894531,0.12494134902954102,1.0,0.583396592437236,0.55,1779451280630570162
43.0,-0.05581868067383766,0.6025893092155457,0.41469502449035645,89.9020767211914,267.80029296875,24.0,19.0,-0.11627906976744186,221.59491304004894,-0.3075158967498471,297.96368408203125,-0.06886348724365235,1.0,0.5839065485884758,1.0,1779451280664990847
50.0,0.029726499691605568,0.6199828386306763,0.4322635233402252,87.14875793457031,269.20068359375,27.0,23.0,-0.08,217.26209677419354,-0.3210559475806452,372.6831359863281,0.1646347999572754,1.0,0.5864779141656783,0.55,1779451280698507849
42.0,-0.022449206560850143,0.6187461018562317,0.42666077613830566,92.02413177490234,267.80029296875,24.0,18.0,-0.14285714285714285,217.96995490137772,-0.31884389093319465,292.2740478515625,-0.08664360046386718,1.0,0.63184616373389,0.55,1779451280797299984
43.0,-0.0011302945204079151,0.6597228050231934,0.4693174958229065,87.40115356445312,218.83326721191406,24.0,19.0,-0.11627906976744186,202.74821428571428,-0.36641183035714286,320.10302734375,0.00032196044921875,1.0,-1.0317366920790623,0.55,1779451280899771415
41.0,0.04150192439556122,0.6018574237823486,0.41930341720581055,88.144775390625,253.42849731445312,23.0,18.0,-0.12195121951219512,217.45409683426442,-0.3204559473929237,280.1205139160156,-0.12462339401245118,1.0,-1.0780061300354224,0.55,1779451280932914921
39.0,0.062287941575050354,0.5851233005523682,0.387947678565979,86.13031005859375,228.26519775390625,20.0,19.0,-0.02564102564102564,196.80386286251027,-0.3849879285546554,335.792724609375,0.049352264404296874,1.0,-1.0310476400378799,0.55,1779451280964362540
43.0,-0.013493027538061142,0.6546738147735596,0.46457207202911377,89.78104400634766,253.42849731445312,21.0,22.0,0.023255813953488372,192.4720910526416,-0.39852471546049506,274.60614013671875,-0.1418558120727539,1.0,-1.0327650179038934,0.55,1779451280997612329
43.0,0.11162835359573364,0.6349456310272217,0.4629938304424286,82.65106964111328,232.54461669921875,20.0,23.0,0.06976744186046512,299.0208333333333,-0.0655598958333334,273.83367919921875,-0.1442697525024414,1.0,-1.0918746856156898,0.55,1779451281030493552
41.0,0.014679260551929474,0.63938307762146,0.4589245021343231,91.50614166259766,233.46519470214844,20.0,21.0,0.024390243902439025,208.77187375947955,-0.3475878945016264,234.60552978515625,-0.2668577194213867,1.0,-0.9263045094049978,0.75,1779451281063230509
42.0,0.052367765456438065,0.5661852955818176,0.36337247490882874,80.02024841308594,266.2217102050781,22.0,20.0,-0.047619047619047616,181.9037287045966,-0.43155084779813563,380.070556640625,0.18772048950195314,1.0,-1.0510750398086182,0.55,1779451281100030420
38.0,0.061455801129341125,0.5931679010391235,0.41262078285217285,88.75846862792969,263.4273986816406,19.0,19.0,0.0,198.12486321488217,-0.3808598024534932,329.23248291015625,0.02885150909423828,1.0,-0.9975313692873627,0.55,1779451281134267039
36.0,0.03815552219748497,0.6168871521949768,0.4432741701602936,97.6443099975586,265.6332092285156,19.0,17.0,-0.05555555555555555,178.33527976407953,-0.44270225073725145,324.5631103515625,0.014259719848632812,1.0,-1.0029888893796497,0.55,1779451281168809174
32.0,0.01442067138850689,0.6543567180633545,0.4651368260383606,98.96878814697266,265.6332092285156,17.0,15.0,-0.0625,319.80148005148004,-0.0006203748391248709,256.3652038574219,-0.19885873794555664,1.0,-0.9971663141471088,0.55,1779451281198957060
40.0,0.023409362882375717,0.6447242498397827,0.4556289613246918,96.18150329589844,263.4273986816406,22.0,18.0,-0.1,269.44673382173386,-0.15797895680708168,253.5533447265625,-0.20764579772949218,1.0,-1.0491844140647322,0.55,1779451281229891747
37.0,0.12170325219631195,0.5840259194374084,0.43035978078842163,92.57959747314453,254.2380828857422,18.0,19.0,0.02702702702702703,206.10869565217394,-0.35591032608695644,251.8846435546875,-0.21286048889160156,1.0,-1.0245318322644643,1.0,1779451281262615163
39.0,0.10728858411312103,0.560492992401123,0.39715272188186646,89.31035614013672,236.22447204589844,18.0,21.0,0.07692307692307693,183.62749983017048,-0.42616406303071724,250.91836547851562,-0.21588010787963868,1.0,-0.9984992366277174,0.55,1779451281295698676
34.0,0.15104053914546967,0.6014938354492188,0.44710278511047363,97.07122039794922,252.03173828125,17.0,17.0,0.0,258.3535714285714,-0.1926450892857144,249.66513061523438,-0.21979646682739257,1.0,-1.0083478163273323,0.55,1779451281332300158
41.0,0.10135086625814438,0.6170340776443481,0.44623178243637085,97.9744873046875,249.2388458251953,21.0,20.0,-0.024390243902439025,195.1394844679445,-0.39018911103767345,303.528076171875,-0.05147476196289062,1.0,-1.074952986615495,0.55,1779451281363670249
42.0,0.11859594285488129,0.6053854823112488,0.4295748770236969,92.93699645996094,257.8410339355469,22.0,20.0,-0.047619047619047616,280.15546184081234,-0.12451418174746146,251.32777404785156,-0.21460070610046386,1.0,-1.0072863613657916,0.55,1779451281397212056
45.0,0.15377259254455566,0.5933153629302979,0.43471458554267883,82.8351821899414,233.3173828125,22.0,23.0,0.022222222222222223,316.20443014686134,-0.011861155791058309,251.6248779296875,-0.21367225646972657,1.0,-1.0471395639388612,0.55,1779451281430879076
42.0,0.12248189002275467,0.591945469379425,0.4161871373653412,89.62356567382812,235.45912170410156,19.0,23.0,0.09523809523809523,228.08826197387518,-0.28722418133164007,315.1451416015625,-0.015171432495117187,1.0,-1.0569284889119293,0.55,1779451281463922057
47.0,0.1961483210325241,0.5781275629997253,0.4472605884075165,88.15550994873047,259.12353515625,21.0,26.0,0.10638297872340426,144.08630952380952,-0.5497302827380952,252.28517150878906,-0.2116088390350342,1.0,-1.1027440866847904,0.55,1779451281495967368
48.0,0.17215768992900848,0.6511997580528259,0.5089037418365479,88.98616790771484,233.69210815429688,24.0,24.0,0.0,208.62145214521456,-0.3480579620462045,326.0993957519531,0.019060611724853516,1.0,-1.0787429331335634,0.55,1779451281530650070
42.0,0.13700009882450104,0.6514295935630798,0.49370619654655457,91.59485626220703,257.73046875,21.0,21.0,0.0,233.5575,-0.2701328125,253.39669799804688,-0.20813531875610353,1.0,-1.07331923911746,0.55,1779451281563371841
44.0,0.0654255822300911,0.6095622777938843,0.42966678738594055,91.11904907226562,256.3376770019531,20.0,24.0,0.09090909090909091,286.6666666666667,-0.1041666666666666,307.4743957519531,-0.039142513275146486,1.0,-1.1386889892652317,0.55,1779451281596869087
41.0,0.07646290957927704,0.6404449343681335,0.46485650539398193,89.3243179321289,253.55274963378906,19.0,22.0,0.07317073170731707,333.35291580400275,0.041727861887508585,319.3028869628906,-0.002178478240966797,1.0,-0.9347028710560286,1.0,1779451281630241516
43.0,0.05744554102420807,0.6304535269737244,0.4598018229007721,97.71165466308594,251.3404083251953,21.0,22.0,0.023255813953488372,334.2105263157895,0.044407894736842125,252.81610107421875,-0.20994968414306642,1.0,-1.1155324945550844,0.55,1779451281663496169
42.0,0.08906177431344986,0.6624228358268738,0.4863267242908478,85.37469482421875,252.73306274414062,21.0,21.0,0.0,348.1350672807786,0.08792208525243321,263.3336486816406,-0.17708234786987304,1.0,-0.9769109865453566,1.0,1779451281696793870
39.0,0.08467458188533783,0.6565130352973938,0.469851016998291,96.01414489746094,262.7279968261719,21.0,18.0,-0.07692307692307693,335.4842767295597,0.04838836477987414,291.6309814453125,-0.08865318298339844,1.0,-0.9289595319346361,1.0,1779451281730147298
40.0,0.11343715339899063,0.6407676339149475,0.4898430407047272,98.5383071899414,252.73306274414062,20.0,20.0,0.0,231.50728155339806,-0.27653974514563107,251.25607299804688,-0.21482477188110352,1.0,-0.9354829665780997,1.0,1779451281763283532
43.0,0.14574499428272247,0.5715233683586121,0.4207071363925934,90.48226165771484,257.73046875,19.0,24.0,0.11627906976744186,201.9859916782247,-0.3687937760055478,202.27891540527344,-0.3678783893585205,1.0,-0.915701329341877,1.0,1779451281796272020
41.0,0.14516553282737732,0.5983812808990479,0.4520104229450226,85.79966735839844,252.73306274414062,17.0,24.0,0.17073170731707318,225.97727272727275,-0.2938210227272727,368.4335632324219,0.15135488510131836,1.0,-0.8950278878569953,1.0,1779451281829700664
41.0,0.19900064170360565,0.60931795835495,0.49548885226249695,90.33335876464844,236.21177673339844,17.0,24.0,0.17073170731707318,198.75728155339806,-0.3788834951456311,250.93460083007812,-0.21582937240600586,1.0,-1.1155457707381502,0.55,1779451281864575206
43.0,0.061833254992961884,0.6598657965660095,0.5182452201843262,89.94512939453125,258.5498046875,20.0,23.0,0.06976744186046512,200.0769230769231,-0.37475961538461533,257.72003173828125,-0.1946249008178711,1.0,-1.0958038710481153,1.0,1779451281896545145
43.0,0.16594168543815613,0.636548638343811,0.4991546869277954,82.64673614501953,239.13385009765625,17.0,26.0,0.20930232558139536,161.66666666666666,-0.4947916666666667,273.5050048828125,-0.14529685974121093,1.0,-1.059525128388737,1.0,1779451281931949091
42.0,0.12486030906438828,0.6138361692428589,0.46575474739074707,89.33493041992188,260.51678466796875,18.0,24.0,0.14285714285714285,200.3939393939394,-0.37376893939393935,254.45269775390625,-0.20483531951904296,1.0,-0.9037289882936173,1.0,1779451281965473363
46.0,0.04121340811252594,0.6557071805000305,0.5004051327705383,81.08980560302734,227.69497680664062,21.0,25.0,0.08695652173913043,209.45,-0.34546875000000005,253.8590087890625,-0.20669059753417968,1.0,-1.108157691841345,0.55,1779451281996711267
46.0,0.050783801823854446,0.6582202911376953,0.5032858848571777,81.79212188720703,244.95101928710938,19.0,27.0,0.17391304347826086,235.58413461538464,-0.263799579326923,263.187255859375,-0.17753982543945312,1.0,-1.0648279224941282,1.0,1779451282030105986
41.0,-0.013459114357829094,0.6542776226997375,0.47120141983032227,92.56400299072266,237.93276977539062,18.0,23.0,0.12195121951219512,252.3,-0.21156249999999996,252.83346557617188,-0.20989542007446288,1.0,-0.9104519285274607,1.0,1779451282063435072
41.0,-0.011391531676054,0.7047169208526611,0.5700225830078125,96.01632690429688,242.47061157226562,18.0,23.0,0.12195121951219512,300.32805474095795,-0.0614748289345064,252.8877716064453,-0.2097257137298584,1.0,-0.900104404711693,1.0,1779451282097647854
44.0,0.017865240573883057,0.6611829996109009,0.5147923827171326,88.755859375,242.47061157226562,16.0,28.0,0.2727272727272727,308.64591836734695,-0.035481505102040775,259.5579833984375,-0.1888813018798828,1.0,-0.8979317175834781,1.0,1779451282133310582
37.0,-0.03535303473472595,0.6935621500015259,0.5331018567085266,100.85255432128906,241.11822509765625,15.0,22.0,0.1891891891891892,276.0434419951316,-0.1373642437652137,251.51565551757812,-0.21401357650756836,1.0,-0.904286327742727,1.0,1779451282163529723
31.0,0.008226219564676285,0.6797029376029968,0.527015209197998,97.89869689941406,257.93798828125,12.0,19.0,0.22580645161290322,269.1287938510051,-0.15897251921560898,251.3200225830078,-0.21462492942810057,1.0,-0.9289648065399374,1.0,1779451282197061071
35.0,0.02547847479581833,0.6779487133026123,0.5267564654350281,93.61820220947266,239.7665557861328,16.0,19.0,0.08571428571428572,269.5090118012951,-0.15778433812095277,252.22323608398438,-0.21180238723754882,1.0,-0.9122832387519244,1.0,1779451282230584166
28.0,-0.07068604975938797,0.740648090839386,0.5962835550308228,103.11968231201172,256.5502014160156,14.0,14.0,0.0,269.55627099664054,-0.15763665313549832,252.73025512695312,-0.21021795272827148,1.0,-0.8885039157549279,1.0,1779451282264289153
28.0,-0.011418799869716167,0.7329771518707275,0.6049410104751587,110.60838317871094,254.33245849609375,13.0,15.0,0.07142857142857142,290.4241906741907,-0.09242440414315407,250.56243896484375,-0.21699237823486328,1.0,-0.8860151180574124,1.0,1779451282297323600
33.0,0.08428836613893509,0.7316591739654541,0.590256929397583,89.87075805664062,252.9446563720703,13.0,20.0,0.21212121212121213,266.2875,-0.16785156249999994,249.482421875,-0.220367431640625,1.0,-0.880419175120213,1.0,1779451282334643306
31.0,0.17286871373653412,0.6948527693748474,0.5674183368682861,94.09137725830078,250.72694396972656,10.0,21.0,0.3548387096774194,145.48392211689287,-0.5453627433847098,249.919189453125,-0.21900253295898436,1.0,-0.8849077635773144,1.0,1779451282365904280
29.0,0.0272174421697855,0.7155255675315857,0.5671064853668213,105.83110046386719,250.72694396972656,13.0,16.0,0.10344827586206896,146.46536696910334,-0.542295728221552,252.22592163085938,-0.21179399490356446,1.0,-0.8793662169227314,1.0,1779451282396383256
28.0,-0.019194623455405235,0.7523612976074219,0.6158908605575562,102.77015686035156,247.12142944335938,13.0,15.0,0.07142857142857142,175.13785999724405,-0.45269418750861234,251.80093383789062,-0.2131220817565918,1.0,-0.9219886878693474,1.0,1779451282431470419
31.0,0.044171761721372604,0.6915242075920105,0.5356472134590149,94.37313079833984,259.3260498046875,13.0,18.0,0.16129032258064516,212.0304094741068,-0.33740497039341627,253.79437255859375,-0.20689258575439454,1.0,-0.8907421799496423,1.0,1779451282463270520
30.0,0.018835224211215973,0.6927908062934875,0.5387802124023438,96.5771484375,257.1089172363281,15.0,15.0,0.0,224.36132177681475,-0.2988708694474539,251.53909301757812,-0.21394033432006837,1.0,-0.9022638009922097,1.0,1779451282496642433
30.0,0.11348191648721695,0.6696126461029053,0.5410389304161072,101.67626190185547,238.5225372314453,11.0,19.0,0.26666666666666666,146.61830259112867,-0.5418178044027229,253.04891967773438,-0.20922212600708007,1.0,-0.88928695828871,1.0,1779451282529895345
25.0,0.1648891419172287,0.7295063138008118,0.6347336769104004,107.9532699584961,233.4523468017578,8.0,17.0,0.36,232.05141551002424,-0.27483932653117427,251.56893920898438,-0.21384706497192382,1.0,-0.8776617446874833,1.0,1779451282565934322
26.0,0.16520580649375916,0.7127878069877625,0.5751356482505798,99.56973266601562,231.2163543701172,10.0,16.0,0.23076923076923078,274.875,-0.141015625,251.0717010498047,-0.21540093421936035,1.0,-0.862946132129705,1.0,1779451282599575401
28.0,0.15397796034812927,0.7101221084594727,0.5805472731590271,92.38726806640625,226.74435424804688,11.0,17.0,0.21428571428571427,147.00442204853968,-0.5406111810983135,251.1397705078125,-0.21518821716308595,1.0,-0.8973727879186868,1.0,1779451282632874202
28.0,0.05584925413131714,0.6858314275741577,0.5235083699226379,96.64339447021484,229.8717041015625,10.0,18.0,0.2857142857142857,298.4391860465116,-0.06737754360465117,250.97042846679688,-0.21571741104125977,1.0,-0.9344702503873333,1.0,1779451282668796250
35.0,0.07127831131219864,0.697738766670227,0.5413214564323425,91.39908599853516,252.95849609375,13.0,22.0,0.2571428571428571,208.2773286875726,-0.3491333478513356,254.1077423095703,-0.20591330528259277,1.0,-0.8747080252548606,1.0,1779451282702559610
26.0,0.042280398309230804,0.6357770562171936,0.460762083530426,93.13169860839844,223.61798095703125,9.0,17.0,0.3076923076923077,274.2809771443246,-0.14287194642398565,250.46035766601562,-0.21731138229370117,1.0,-0.9303034327690948,0.55,1779451282733506931
34.0,0.0424845889210701,0.6484816670417786,0.499185174703598,85.8251724243164,251.57504272460938,14.0,20.0,0.17647058823529413,143.8118756936737,-0.5505878884572697,252.26773071289062,-0.2116633415222168,1.0,-0.920149837460925,0.55,1779451282763334324
30.0,0.0387393943965435,0.7016001343727112,0.5469080209732056,98.71855926513672,251.57504272460938,11.0,19.0,0.26666666666666666,268.7142857142857,-0.16026785714285713,251.57476806640625,-0.21382884979248046,1.0,-0.8706324713605373,0.55,1779451282797017318
29.0,-0.08910800516605377,0.6050577759742737,0.4194753170013428,92.74211883544922,250.19192504882812,14.0,15.0,0.034482758620689655,273.3995033112583,-0.14562655215231785,253.02676391601562,-0.20929136276245117,1.0,-0.9165197602286186,0.55,1779451282830522679
30.0,-0.0793912410736084,0.676450788974762,0.5157577395439148,95.55260467529297,250.19192504882812,13.0,17.0,0.13333333333333333,274.04160654160654,-0.14361997955747957,253.71054077148438,-0.20715456008911132,1.0,-0.9349869247790307,0.55,1779451282862948841
29.0,0.026753176003694534,0.6393707394599915,0.48786288499832153,94.69178771972656,249.35316467285156,13.0,16.0,0.10344827586206896,144.08348714568226,-0.5497391026697429,253.60635375976562,-0.20748014450073243,1.0,-0.9398036512242262,0.55,1779451282896758634
30.0,-0.06833359599113464,0.6214621067047119,0.44903814792633057,83.95503997802734,247.96975708007812,15.0,15.0,0.0,144.12938596491227,-0.5495956688596492,254.05548095703125,-0.20607662200927734,1.0,-0.9243345007645842,0.55,1779451282930310236
33.0,-0.07581467181444168,0.6333022117614746,0.4588228464126587,90.59591674804688,241.30477905273438,17.0,16.0,-0.030303030303030304,271.03780689297355,-0.15300685345945766,254.1726837158203,-0.20571036338806153,1.0,-0.9037700260826164,0.55,1779451282963759837
34.0,0.06866409629583359,0.630111038684845,0.4557138979434967,89.72570037841797,245.74783325195312,16.0,18.0,0.058823529411764705,140.68905505097956,-0.5603467029656889,252.34793090820312,-0.21141271591186522,1.0,-0.9128273879012383,0.55,1779451282997014846
34.0,-0.10053570568561554,0.6243571043014526,0.44983237981796265,96.80350494384766,244.36448669433594,16.0,18.0,0.058823529411764705,270.4336617670812,-0.1548948069778712,249.96408081054688,-0.21886224746704103,1.0,-0.8956005485640837,0.55,1779451283029699316
39.0,0.026812762022018433,0.6252992749214172,0.45004531741142273,85.12150573730469,240.75921630859375,21.0,18.0,-0.07692307692307693,207.59778110730593,-0.35125693403966896,254.3521270751953,-0.20514960289001466,1.0,-0.9034502333977067,1.0,1779451283062872795
32.0,0.016420692205429077,0.5886372923851013,0.4037620425224304,89.45286560058594,242.98147583007812,13.0,19.0,0.1875,204.62534947949482,-0.3605457828765787,253.6383056640625,-0.2073802947998047,1.0,-0.9065143245172387,1.0,1779451283097021526
46.0,0.0546693317592144,0.5168279409408569,0.33591797947883606,70.01052856445312,229.94346618652344,22.0,24.0,0.043478260869565216,139.6065096354877,-0.563729657389101,251.1395263671875,-0.21518898010253906,0.8751316070556641,-0.883332175932133,1.0,1779451283132325618
37.0,0.030220385640859604,0.5824094414710999,0.3938688039779663,80.54914855957031,222.73301696777344,18.0,19.0,0.02702702702702703,205.84154929577466,-0.3567451584507042,256.2384033203125,-0.19925498962402344,1.0,-0.896369481166503,0.55,1779451283165141932
38.0,0.03298308700323105,0.642372727394104,0.4715285003185272,78.14910888671875,215.17666625976562,18.0,20.0,0.05263157894736842,206.45851648351646,-0.35481713598901105,253.97669982910156,-0.2063228130340576,0.9768638610839844,-0.9474612971719419,0.55,1779451283199952659
39.0,0.03690846636891365,0.5966244339942932,0.4260510802268982,78.80143737792969,224.1160430908203,20.0,19.0,-0.02564102564102564,315.87745098039215,-0.012882965686274516,262.7079772949219,-0.17903757095336914,0.985017967224121,-0.9936788139149889,0.55,1779451283233192428
35.0,0.07315682619810104,0.6455112099647522,0.4805731177330017,74.92862701416016,214.294189453125,17.0,18.0,0.02857142857142857,141.24919994879673,-0.5585962501600102,254.20166015625,-0.20561981201171875,0.936607837677002,-0.9270689515051567,0.55,1779451283264152687
32.0,0.042790934443473816,0.5942237377166748,0.41726920008659363,77.58990478515625,232.1658935546875,16.0,16.0,0.0,205.62387008618876,-0.35742540598066014,255.49745178222656,-0.201570463180542,0.9698738098144531,-0.8991303250903491,1.0,1779451283296664461
42.0,-0.02283906191587448,0.6076755523681641,0.4266436994075775,79.63798522949219,221.92115783691406,19.0,23.0,0.09523809523809523,271.2241566545537,-0.1524245104545196,253.94729614257812,-0.20641469955444336,0.9954748153686523,-0.9252011102747284,0.55,1779451283329664869
34.0,0.009507417678833008,0.6327469348907471,0.4719698429107666,80.11911010742188,235.8495330810547,13.0,21.0,0.23529411764705882,228.11924142299367,-0.2871273705531448,254.44602966308594,-0.20485615730285645,1.0,-0.9050352735836203,1.0,1779451283363505849
37.0,0.026697101071476936,0.6074809432029724,0.4286898672580719,76.28128814697266,225.03778076171875,18.0,19.0,0.02702702702702703,275.5503095975232,-0.13890528250773998,305.3742980957031,-0.045705318450927734,0.9535161018371582,-0.8821208656644505,1.0,1779451283397423810
42.0,0.06322556734085083,0.567595899105072,0.39044660329818726,77.50569152832031,216.20823669433594,17.0,25.0,0.19047619047619047,137.31845264562025,-0.5708798354824367,303.88360595703125,-0.05036373138427734,0.9688211441040039,-0.9387818774787372,0.55,1779451283430407279
38.0,0.11085643619298935,0.5546128153800964,0.38727837800979614,77.0403060913086,233.62362670898438,15.0,23.0,0.21052631578947367,203.7520793864999,-0.36327475191718783,250.02882385253906,-0.21865992546081542,0.9630038261413574,-0.8795736904201006,1.0,1779451283463022638
44.0,0.03821795806288719,0.5160619020462036,0.34710854291915894,66.39932250976562,230.86793518066406,22.0,22.0,0.0,169.25944325098462,-0.4710642398406731,254.18174743652344,-0.20568203926086426,0.8299915313720703,-0.8785840048076461,1.0,1779451283496335062
40.0,-0.011824327521026134,0.6119064092636108,0.4438256621360779,84.9508056640625,230.86793518066406,21.0,19.0,-0.05,133.93578704826584,-0.5814506654741692,253.5443878173828,-0.2076737880706787,1.0,-0.9044990459746081,1.0,1779451283530497600
52.0,0.018503405153751373,0.528576672077179,0.34828856587409973,69.3690185546875,230.01956176757812,26.0,26.0,0.0,134.615090650551,-0.5793278417170281,192.77711486816406,-0.3975715160369873,0.8671127319335937,-0.877000025415868,1.0,1779451283564015106
42.0,0.03238676115870476,0.5505291223526001,0.3765830099582672,74.96497344970703,247.5095977783203,21.0,21.0,0.0,146.90897162510672,-0.5409094636715415,253.83338928222656,-0.206770658493042,0.9370621681213379,-0.8710111923154034,1.0,1779451283596217214
44.0,-0.0013093164889141917,0.5647813677787781,0.3796227276325226,76.5708999633789,227.79376220703125,24.0,20.0,-0.09090909090909091,280.1344419873212,-0.12457986878962117,267.25390625,-0.16483154296875,0.9571362495422363,-0.9034883220607904,1.0,1779451283629627159
44.0,0.010490708984434605,0.5240396857261658,0.3491125702857971,69.73494720458984,227.79376220703125,20.0,24.0,0.09090909090909091,288.60185185185185,-0.09811921296296297,253.22317504882812,-0.2086775779724121,0.8716868400573731,-0.8887143866133458,1.0,1779451283663218825
51.0,0.04040465131402016,0.5301195383071899,0.3500883877277374,69.00582122802734,247.5095977783203,23.0,28.0,0.09803921568627451,287.0729213483146,-0.10289712078651689,251.38653564453125,-0.21441707611083985,0.8625727653503418,-0.8921031422088781,1.0,1779451283695906117
48.0,0.04414555802941322,0.5335291028022766,0.3610290586948395,67.46141815185547,197.30686950683594,19.0,29.0,0.20833333333333334,162.72727767695105,-0.49147725725952796,257.34619140625,-0.19579315185546875,0.8432677268981934,-0.928981041604267,1.0,1779451283730013953
51.0,-0.03313032537698746,0.5990938544273376,0.42045822739601135,64.7269287109375,206.16983032226562,30.0,21.0,-0.17647058823529413,313.0191758465932,-0.021815075479396207,253.18875122070312,-0.20878515243530274,0.8090866088867188,-0.8235284005788959,1.0,1779451283762314570
48.0,0.006884873379021883,0.5250225067138672,0.3619951009750366,66.91119384765625,201.18896484375,26.0,22.0,-0.08333333333333333,153.14242424242423,-0.5214299242424243,253.15858459472656,-0.2088794231414795,0.8363899230957031,-0.9512088356856272,1.0,1779451283796678154
52.0,0.013793611899018288,0.5098969340324402,0.3341558277606964,70.01062774658203,208.39625549316406,28.0,24.0,-0.07692307692307693,190.6875,-0.4041015625,257.7745361328125,-0.19445457458496093,0.8751328468322754,-0.8961661216159292,1.0,1779451283829955411
50.0,0.023919053375720978,0.5354892015457153,0.36958640813827515,72.39057159423828,215.6038055419922,25.0,25.0,0.0,154.94746867167922,-0.5157891604010024,307.4246826171875,-0.039297866821289065,0.9048821449279785,-0.9219273000429611,1.0,1779451283868019429
49.0,-0.01750483177602291,0.4889271855354309,0.311961829662323,63.867332458496094,217.1174774169922,27.0,22.0,-0.10204081632653061,134.2465909090909,-0.5804794034090909,250.35516357421875,-0.21764011383056642,0.7983416557312012,-0.8969082692460824,1.0,1779451283898102005
52.0,-0.0004421830817591399,0.5107726454734802,0.3463298976421356,69.7720718383789,187.30189514160156,28.0,24.0,-0.07692307692307693,175.1349963045085,-0.452703136548411,187.1515350341797,-0.41515145301818845,0.8721508979797363,-0.9274300225181039,1.0,1779451283929923000
50.0,0.00017404556274414062,0.49911829829216003,0.32917049527168274,65.15721130371094,200.48191833496094,25.0,25.0,0.0,242.9555172413793,-0.24076400862068964,249.4241943359375,-0.2205493927001953,0.8144651412963867,-0.8300000299420014,0.75,1779451283962978586
51.0,0.008508686907589436,0.4931183159351349,0.322568416595459,68.02998352050781,213.51580810546875,23.0,28.0,0.09803921568627451,127.25323879551821,-0.6023336287640056,180.3875732421875,-0.43628883361816406,0.8503747940063476,-0.880345311726779,1.0,1779451283998001518
58.0,-0.01073572225868702,0.5230401754379272,0.3370174765586853,68.04005432128906,211.28652954101562,28.0,30.0,0.034482758620689655,136.44351503759398,-0.5736140155075188,198.2704620361328,-0.38040480613708494,0.8505006790161133,-0.9120698870576082,1.0,1779451284029532448
60.0,0.008677995763719082,0.4938308000564575,0.32473358511924744,63.37473678588867,188.16217041015625,29.0,31.0,0.03333333333333333,156.2557644110276,-0.5117007362155388,210.056396484375,-0.34357376098632814,0.7921842098236084,-0.991750255216757,1.0,1779451284063182174
58.0,0.004740486852824688,0.5296899080276489,0.3519602119922638,66.80331420898438,208.5425567626953,28.0,30.0,0.034482758620689655,157.5863157894737,-0.5075427631578947,193.11480712890625,-0.396516227722168,0.8350414276123047,-0.9502717466608182,1.0,1779451284095646156
59.0,-0.0191881712526083,0.4697641432285309,0.301768958568573,64.5540771484375,187.2965545654297,26.0,33.0,0.11864406779661017,154.59427521008405,-0.5168928899684874,188.22372436523438,-0.4118008613586426,0.8069259643554687,-0.9726760411414207,1.0,1779451284132363530
57.0,-0.007117247674614191,0.5259960293769836,0.35608264803886414,68.76828002929688,206.3128662109375,27.0,30.0,0.05263157894736842,178.55141129032256,-0.442026839717742,314.225830078125,-0.018044281005859374,0.8596035003662109,-0.9275529933351129,0.55,1779451284162507793
55.0,0.013357595540583134,0.45370185375213623,0.28210535645484924,60.449134826660156,199.1105194091797,24.0,31.0,0.12727272727272726,146.60073598630723,-0.5418727000427899,182.0106201171875,-0.43121681213378904,0.755614185333252,-0.9238697906306639,0.55,1779451284195764209
60.0,-0.1102706640958786,0.43953949213027954,0.2948007881641388,63.92308807373047,204.08331298828125,27.0,33.0,0.1,119.5340610027667,-0.6264560593663541,304.21246337890625,-0.04933605194091797,0.7990386009216308,-0.9303246865767589,0.55,1779451284228759451
57.0,-0.06426846235990524,0.38808465003967285,0.24700936675071716,58.70198440551758,200.48191833496094,28.0,29.0,0.017543859649122806,161.325,-0.49585937500000005,316.4881896972656,-0.010974407196044922,0.7337748050689697,-0.9422388316840888,0.55,1779451284265498405
55.0,-0.06167133152484894,0.4420011639595032,0.2927970588207245,65.48849487304688,179.38784790039062,29.0,26.0,-0.05454545454545454,140.87146603396604,-0.5597766686438561,178.24868774414062,-0.44297285079956056,0.818606185913086,-0.9817220813956241,0.55,1779451284296734698
59.0,-0.05666733905673027,0.440499871969223,0.28136223554611206,66.26445770263672,172.69915771484375,29.0,30.0,0.01694915254237288,108.0482970215113,-0.6623490718077771,294.96337890625,-0.07823944091796875,0.828305721282959,-0.9041570483317695,0.55,1779451284328884285
62.0,-0.09145276993513107,0.4115508794784546,0.2741212844848633,59.12348937988281,165.34207153320312,31.0,31.0,0.0,126.1706384046156,-0.6057167549855762,276.19305419921875,-0.1368967056274414,0.7390436172485352,-0.9479047850782233,0.55,1779451284362736240
62.0,-0.006135074887424707,0.48821693658828735,0.3198475241661072,63.70111846923828,168.94081115722656,27.0,35.0,0.12903225806451613,141.68519715578537,-0.5572337588881707,229.57144165039062,-0.2825892448425293,0.7962639808654786,-0.9409825882471443,0.55,1779451284395819013
63.0,-0.07200375944375992,0.44813454151153564,0.28578808903694153,63.422080993652344,169.0976104736328,30.0,33.0,0.047619047619047616,157.29220085470087,-0.5084618723290598,188.75631713867188,-0.4101365089416504,0.7927760124206543,-0.9266364445122945,0.55,1779451284428894576
56.0,-0.06078888848423958,0.4892100393772125,0.3275010287761688,69.47268676757812,172.69915771484375,30.0,26.0,-0.07142857142857142,124.72115384615384,-0.6102463942307692,222.75559997558594,-0.30388875007629396,0.8684085845947266,-1.0047739527763928,0.55,1779451284462939729
60.0,-0.06221336871385574,0.4500768780708313,0.29196393489837646,66.57539367675781,158.29403686523438,29.0,31.0,0.03333333333333333,216.6792561836055,-0.3228773244262328,298.33978271484375,-0.06768817901611328,0.8321924209594727,-0.9953986930839241,0.55,1779451284496489608
58.0,-0.04561877250671387,0.45678913593292236,0.2966557741165161,67.03947448730469,165.49623107910156,27.0,31.0,0.06896551724137931,179.8633484162896,-0.437927036199095,302.4169616699219,-0.05494699478149414,0.8379934310913086,-0.9753577081515244,0.55,1779451284530171535
58.0,-0.11260689795017242,0.43253040313720703,0.29781651496887207,64.60739135742188,153.83432006835938,30.0,28.0,-0.034482758620689655,165.70428571428573,-0.4821741071428571,156.35870361328125,-0.5113790512084961,0.8075923919677734,-1.03542761436949,0.55,1779451284562475172
56.0,-0.05354165658354759,0.46153685450553894,0.29625505208969116,68.00548553466797,162.60997009277344,31.0,25.0,-0.10714285714285714,151.9464406207827,-0.525167373060054,182.8135528564453,-0.4287076473236084,0.8500685691833496,-0.9202827404186048,0.55,1779451284596583373
56.0,-0.052533093839883804,0.4293379783630371,0.283747136592865,63.22464370727539,155.20631408691406,29.0,27.0,-0.03571428571428571,151.1252504237941,-0.5277335924256434,182.93704223632812,-0.42832174301147463,0.7903080463409424,-1.0212206468261797,0.55,1779451284630163307
64.0,-0.014235744252800941,0.4656286835670471,0.30423611402511597,64.75445556640625,177.5978546142578,33.0,31.0,-0.03125,173.3874204742626,-0.45816431101792937,243.54461669921875,-0.2389230728149414,0.8094306945800781,-1.0506303874468954,0.55,1779451284662789602
69.0,-0.05127134546637535,0.4654848277568817,0.30355414748191833,63.60613250732422,173.9712677001953,32.0,37.0,0.07246376811594203,205.38936750073165,-0.35815822656021357,176.6433868408203,-0.44798941612243653,0.7950766563415528,-1.0071961818313837,0.55,1779451284696320239
69.0,0.0011203150497749448,0.4470299482345581,0.2900862991809845,63.09965133666992,164.14627075195312,30.0,39.0,0.13043478260869565,168.5676736391022,-0.47322601987780566,320.81378173828125,0.002543067932128906,0.788745641708374,-1.0184269319041335,0.55,1779451284729852267
70.0,-0.07940105348825455,0.42823243141174316,0.288454532623291,64.27996826171875,174.89710998535156,36.0,34.0,-0.02857142857142857,213.52156862745102,-0.3327450980392156,150.18701171875,-0.5306655883789062,0.8034996032714844,-1.0537404554372678,0.55,1779451284762598840
72.0,-0.028340717777609825,0.43797317147254944,0.28686395287513733,61.48605728149414,148.5193634033203,36.0,36.0,0.0,181.77997737556564,-0.4319375707013574,264.8411865234375,-0.1723712921142578,0.7685757160186768,-1.0596760332056547,0.55,1779451284796431016
75.0,-0.08458761870861053,0.4221597909927368,0.27818629145622253,59.90574264526367,139.94284057617188,37.0,38.0,0.013333333333333334,229.23970588235295,-0.283625919117647,172.00381469726562,-0.46248807907104494,0.7488217830657959,-1.0958960721464615,0.55,1779451284829755034
75.0,-0.026023855432868004,0.42390120029449463,0.27069249749183655,63.45124435424805,182.7019500732422,34.0,41.0,0.09333333333333334,243.15964052287578,-0.2401261233660132,335.59326171875,0.04872894287109375,0.7931405544281006,-1.097110901570893,0.55,1779451284862777590
74.0,-0.0524720698595047,0.43347853422164917,0.2895525097846985,63.2391242980957,211.02133178710938,33.0,41.0,0.10810810810810811,211.1858974358974,-0.3400440705128206,143.60833740234375,-0.5512239456176757,0.7904890537261963,-1.0468243529241916,0.55,1779451284896130564
66.0,-0.07483971118927002,0.42231327295303345,0.2742408514022827,62.54241943359375,216.67025756835938,34.0,32.0,-0.030303030303030304,183.5261785316133,-0.4264806920887084,168.29736328125,-0.47407073974609376,0.7817802429199219,-1.0094479291223106,0.55,1779451284929041581
76.0,-0.05393320694565773,0.45612064003944397,0.3160570561885834,60.111778259277344,193.33132934570312,32.0,44.0,0.15789473684210525,235.07427536231884,-0.26539288949275364,184.29656982421875,-0.4240732192993164,0.7513972282409668,-1.0910105659965654,0.55,1779451284962320287
73.0,-0.047338709235191345,0.483371764421463,0.3279648721218109,62.63390350341797,228.71160888671875,35.0,38.0,0.0410958904109589,236.2776300236406,-0.26163240617612316,170.97195434570312,-0.4657126426696777,0.7829237937927246,-1.124948668144488,0.55,1779451284996286814
69.0,-0.03164593130350113,0.508354902267456,0.3542645573616028,68.26802062988281,232.08619689941406,33.0,36.0,0.043478260869565216,238.85882997936014,-0.2535661563144996,168.94522094726562,-0.4720461845397949,0.8533502578735351,-1.1163908773656255,0.55,1779451285029974783
65.0,-0.07212948054075241,0.4361409544944763,0.3017396032810211,65.93661499023438,237.73934936523438,33.0,32.0,-0.015384615384615385,221.8319788730539,-0.3067750660217065,154.32638549804688,-0.5177300453186036,0.8242076873779297,-1.1568592941165634,0.55,1779451285063024581
72.0,-0.07427528500556946,0.4947551190853119,0.3449151813983917,66.04229736328125,243.39268493652344,36.0,36.0,0.0,233.05813867534005,-0.27169331663956237,160.49960327148438,-0.49843873977661135,0.8255287170410156,-1.078039076831128,0.55,1779451285095853742
74.0,-0.06794879585504532,0.47868016362190247,0.3262747824192047,61.9922981262207,248.36465454101562,34.0,40.0,0.08108108108108109,231.55555555555554,-0.2763888888888889,178.44046020507812,-0.44237356185913085,0.7749037265777587,-1.1535990661947013,0.55,1779451285132513224
77.0,-0.005339568946510553,0.49777448177337646,0.3543591797351837,61.441558837890625,237.73934936523438,32.0,45.0,0.16883116883116883,274.52435064935065,-0.14211140422077922,373.5234680175781,0.16726083755493165,0.7680194854736329,-1.2068371274766039,0.55,1779451285162948763
86.0,-0.0016757866833359003,0.48846685886383057,0.34122607111930847,60.096866607666016,259.67095947265625,40.0,46.0,0.06976744186046512,247.61728763040233,-0.2261959761549927,260.95233154296875,-0.18452396392822265,0.7512108325958252,-1.158186581795105,0.55,1779451285195956271
82.0,-0.022670511156320572,0.4870896637439728,0.34244853258132935,57.90132141113281,182.87701416015625,36.0,46.0,0.12195121951219512,255.6571906354515,-0.20107127926421403,175.24807739257812,-0.45234975814819334,0.7237665176391601,-1.1592157309432432,0.55,1779451285230128219
81.0,-0.07035689055919647,0.5168449282646179,0.38995298743247986,61.32373809814453,232.08619689941406,39.0,42.0,0.037037037037037035,264.75588235294117,-0.17263786764705885,177.18643188476562,-0.4462924003601074,0.7665467262268066,-1.0895396791999004,0.55,1779451285262646414
83.0,-0.04315895587205887,0.4814395010471344,0.3394796848297119,57.14976119995117,114.02192687988281,36.0,47.0,0.13253012048192772,252.67552289429057,-0.21038899095534197,342.0155029296875,0.06879844665527343,0.7143720149993896,-1.2105741196284534,1.0,1779451285329755613
85.0,0.0037106055561508394,0.5000865478607905,0.35986696258330286,54.40452194213867,143.17820739746094,38.0,47.0,0.10588235294117647,228.56326312576314,-0.2857398027319902,368.63824462890625,0.15199451446533202,0.6800565242767334,-1.0759086851203379,1.0,1779451285362880478
82.0,-0.03421851620078087,0.47386863827705383,0.34302133321762085,56.42585372924805,154.25303649902344,38.0,44.0,0.07317073170731707,253.4063852813853,-0.20810504599567095,323.25054931640625,0.010157966613769531,0.7053231716156005,-1.1741308659788612,0.55,1779451285396485549
82.0,0.008516337722539902,0.46904459595680237,0.3406829237937927,55.020294189453125,187.10958862304688,31.0,51.0,0.24390243902439024,254.15026954177895,-0.20578040768194078,356.03778076171875,0.1126180648803711,0.6877536773681641,-1.2109440104513687,1.0,1779451285431446762
83.0,0.05110113322734833,0.5509222149848938,0.42587435245513916,57.0172233581543,160.03125,35.0,48.0,0.1566265060240964,264.5114289446186,-0.17340178454806682,394.2367858886719,0.23198995590209961,0.7127152919769287,-1.1945027567360522,0.55,1779451285462932588
84.0,-0.04140232503414154,0.48853257298469543,0.35196492075920105,57.33424758911133,125.93649291992188,35.0,49.0,0.16666666666666666,258.85,-0.19109374999999992,271.11651611328125,-0.1527608871459961,0.7166780948638916,-1.211193690175976,1.0,1779451285495991049
75.0,-0.0699506476521492,0.5020719170570374,0.38037726283073425,59.61323547363281,185.91395568847656,34.0,41.0,0.09333333333333334,259.7142857142857,-0.1883928571428571,347.19427490234375,0.08498210906982422,0.7451654434204101,-1.205040530486736,1.0,1779451285529202633
76.0,-0.012512754648923874,0.5044569969177246,0.38369831442832947,60.2667236328125,212.4335174560547,32.0,44.0,0.15789473684210525,261.71274327122154,-0.1821476772774327,312.5,-0.0234375,0.7533340454101562,-1.1781972131681635,1.0,1779451285562814152
80.0,-0.014114534482359886,0.5028112530708313,0.38637733459472656,58.6003532409668,130.18832397460938,35.0,45.0,0.125,256.15,-0.19953125000000008,339.86712646484375,0.06208477020263672,0.732504415512085,-1.2683104870363355,0.55,1779451285595787376
79.0,-0.046851687133312225,0.4483722150325775,0.32917675375938416,59.30448532104492,141.5980224609375,36.0,43.0,0.08860759493670886,238.5,-0.2546875,231.5467529296875,-0.27641639709472654,0.7413060665130615,-1.132361059884551,0.55,1779451285629061423
86.0,-0.025611508637666702,0.4823622405529022,0.35825881361961365,56.855003356933594,144.42298889160156,40.0,46.0,0.06976744186046512,237.43416927899682,-0.25801822100313493,206.73504638671875,-0.3539529800415039,0.7106875419616699,-1.2352760382049104,0.55,1779451285662678964
81.0,-0.04828499257564545,0.4945291578769684,0.3760719895362854,59.37962341308594,146.57762145996094,32.0,49.0,0.20987654320987653,274.13513513513516,-0.14332770270270262,436.39605712890625,0.363737678527832,0.7422452926635742,-1.2688054276440286,0.55,1779451285696129711
78.0,-0.03625781089067459,0.47687992453575134,0.3612203001976013,60.12954330444336,149.4021453857422,29.0,49.0,0.2564102564102564,290.0417422867514,-0.09361955535390187,503.02362060546875,0.5719488143920899,0.751619291305542,-1.241475103939184,0.55,1779451285729612513
76.0,-0.024134859442710876,0.4522292912006378,0.3520798683166504,61.05759811401367,150.98675537109375,31.0,45.0,0.18421052631578946,294.1470588235294,-0.08079044117647065,506.6268615722656,0.5832089424133301,0.7632199764251709,-1.173241032615686,1.0,1779451285763937042
78.0,-0.020632628351449966,0.5103493332862854,0.3990464210510254,58.64159393310547,143.17820739746094,32.0,46.0,0.1794871794871795,281.31228258745364,-0.12089911691420738,404.00946044921875,0.2625295639038086,0.7330199241638183,-1.136215581295742,1.0,1779451285796753857
85.0,-0.044690150767564774,0.4776666462421417,0.3488434851169586,52.94203186035156,104.7377700805664,32.0,53.0,0.24705882352941178,278.01403508771926,-0.1312061403508773,431.2792663574219,0.3477477073669434,0.6617753982543946,-1.1452213754644698,1.0,1779451285830328732
68.0,-0.02001452073454857,0.49277156591415405,0.3822740614414215,60.476776123046875,166.42416381835938,25.0,43.0,0.2647058823529412,280.67021276595744,-0.12290558510638298,346.99395751953125,0.08435611724853516,0.7559597015380859,-1.2435101103107373,1.0,1779451285863628386
67.0,-0.047390203922986984,0.4908900260925293,0.3844160735607147,59.95352554321289,159.4521942138672,26.0,41.0,0.22388059701492538,280.1984350998464,-0.12437989031298002,350.3133544921875,0.09472923278808594,0.7494190692901611,-1.2665762749590292,0.55,1779451285896280176
59.0,-0.0958535298705101,0.4723547101020813,0.37883460521698,62.772125244140625,174.89710998535156,26.0,33.0,0.11864406779661017,266.59257518796994,-0.16689820253759394,352.5548400878906,0.1017338752746582,0.7846515655517579,-1.2302749696733766,0.75,1779451285929415062
64.0,-0.031177634373307228,0.483051598072052,0.37653622031211853,61.21709060668945,179.134033203125,28.0,36.0,0.125,271.07648809523806,-0.15288597470238105,346.42437744140625,0.08257617950439453,0.7652136325836182,-1.235750065450015,1.0,1779451285963480503
61.0,-0.04675967991352081,0.4715069830417633,0.3655816614627838,58.811126708984375,122.0,27.0,34.0,0.11475409836065574,270.3162336333879,-0.15526176989566273,351.8634033203125,0.09957313537597656,0.7351390838623046,-1.2315347668299428,1.0,1779451285995820162
75.0,-0.046136341989040375,0.45361679792404175,0.35310423374176025,57.36931610107422,140.57737731933594,28.0,47.0,0.25333333333333335,246.8804945054945,-0.22849845467032964,352.2384033203125,0.10074501037597657,0.7171164512634277,-1.1790317283037133,1.0,1779451286030146275
65.0,-0.04985978454351425,0.44430118799209595,0.33898788690567017,55.35250473022461,113.95174407958984,25.0,40.0,0.23076923076923078,249.5079365079365,-0.2202876984126984,352.00958251953125,0.10002994537353516,0.6919063091278076,-1.2785891739181805,0.75,1779451286062912659
65.0,-0.04710474982857704,0.45123806595802307,0.35727572441101074,55.35863494873047,125.29964447021484,24.0,41.0,0.26153846153846155,217.70634920634916,-0.3196676587301589,351.916015625,0.099737548828125,0.6919829368591308,-1.2377779516179113,0.5,1779451286095779799
66.0,0.03438728302717209,0.4837045967578888,0.3801896572113037,55.68682861328125,126.64912414550781,20.0,46.0,0.3939393939393939,287.6473840888173,-0.10110192472244588,343.8997802734375,0.07468681335449219,0.6960853576660156,-1.258847214294865,1.0,1779451286136343530
61.0,-0.015338066034018993,0.46470877528190613,0.35716739296913147,59.34846878051758,119.33985137939453,24.0,37.0,0.21311475409836064,272.7083333333333,-0.1477864583333334,354.562255859375,0.10800704956054688,0.7418558597564697,-1.1621593498666214,0.75,1779451286167367865
61.0,0.009855126962065697,0.4750221371650696,0.37659043073654175,60.139678955078125,131.67384338378906,24.0,37.0,0.21311475409836064,244.57916666666665,-0.23569010416666672,347.3681640625,0.0855255126953125,0.7517459869384766,-1.1018791925355302,1.0,1779451286199269763
59.0,-0.03679082915186882,0.44182905554771423,0.3434608578681946,60.95545959472656,114.01753997802734,23.0,36.0,0.22033898305084745,271.2142857142857,-0.15245535714285713,353.1282958984375,0.10352592468261719,0.761943244934082,-1.1906324177002081,0.5,1779451286229826285
71.0,0.0033290444407612085,0.47588789463043213,0.37224912643432617,54.029510498046875,125.3554916381836,24.0,47.0,0.323943661971831,268.4241011705686,-0.1611746838419732,353.9757080078125,0.10617408752441407,0.6753688812255859,-1.2142516827547472,1.0,1779451286267004922
59.0,-0.035224925726652145,0.42869308590888977,0.3350015878677368,60.961212158203125,157.4706268310547,23.0,36.0,0.22033898305084745,265.4400344863178,-0.17049989223025683,353.9513244628906,0.1060978889465332,0.7620151519775391,-1.1589735132941097,0.75,1779451286295625047
64.0,-0.06786653399467468,0.3931103050708771,0.30334940552711487,61.64967346191406,116.93160247802734,27.0,37.0,0.15625,240.0031055900621,-0.24999029503105596,358.74334716796875,0.12107295989990234,0.7706209182739258,-1.162169781460049,0.5,1779451286329005986
58.0,-0.05874286964535713,0.43117934465408325,0.33468756079673767,59.70158767700195,116.10340118408203,25.0,33.0,0.13793103448275862,247.78642529950673,-0.22566742093904146,358.7732849121094,0.1211665153503418,0.7462698459625244,-1.1803604333298408,0.5,1779451286362644357
62.0,-0.0033838930539786816,0.45016682147979736,0.32906362414360046,58.68827819824219,119.09659576416016,22.0,40.0,0.2903225806451613,279.9372294372294,-0.1251961580086581,350.27044677734375,0.09459514617919922,0.7336034774780273,-1.0613684013291589,1.0,1779451286396262812
57.0,-0.012674431316554546,0.4677528142929077,0.35603106021881104,60.21931838989258,122.4948959350586,23.0,34.0,0.19298245614035087,290.14136712749615,-0.09330822772657452,352.2918701171875,0.10091209411621094,0.7527414798736572,-1.1348229327660528,0.55,1779451286429269169
64.0,-0.021912310272455215,0.4663492441177368,0.3601241111755371,56.962501525878906,123.32882690429688,24.0,40.0,0.25,256.15076754385973,-0.19952885142543836,354.8580017089844,0.10893125534057617,0.7120312690734864,-1.0757234271172296,0.55,1779451286462507393
64.0,0.025015488266944885,0.48301559686660767,0.3814179301261902,58.053916931152344,125.3554916381836,23.0,41.0,0.28125,270.84992193598754,-0.15359399395003895,359.5736999511719,0.12366781234741211,0.7256739616394043,-1.0094939583712574,1.0,1779451286495783017
69.0,0.006506728939712048,0.46812039613723755,0.35393697023391724,52.839595794677734,117.54573822021484,25.0,44.0,0.2753623188405797,264.5395875714424,-0.17331378883924256,357.56085205078125,0.1173776626586914,0.6604949474334717,-1.0368228802728217,0.55,1779451286528863437
59.0,0.009308661334216595,0.44087934494018555,0.3212195932865143,60.16701126098633,116.6190414428711,22.0,37.0,0.2542372881355932,264.97312252964423,-0.1719589920948618,362.5448303222656,0.13295259475708007,0.7520876407623291,-1.031636294538551,0.55,1779451286561686114
66.0,-0.02753174863755703,0.4167761206626892,0.30580607056617737,53.64007568359375,103.5857162475586,22.0,44.0,0.3333333333333333,285.45,-0.10796875000000003,357.6041259765625,0.11751289367675781,0.6705009460449218,-1.0282335930212574,0.55,1779451286599193538
55.0,0.04051734134554863,0.48146387934684753,0.37468820810317993,62.675804138183594,135.36985778808594,23.0,32.0,0.16363636363636364,269.72472027972026,-0.15711024912587418,358.5148620605469,0.12035894393920898,0.783447551727295,-1.0289870786221509,0.55,1779451286629780102
61.0,0.04757407680153847,0.47970616817474365,0.37855175137519836,57.31237030029297,105.75916290283203,23.0,38.0,0.2459016393442623,258.9217741935484,-0.19086945564516125,356.67230224609375,0.11460094451904297,0.7164046287536621,-1.0431143926975648,0.55,1779451286663173780
65.0,0.004698951728641987,0.4360181391239166,0.32588785886764526,57.49085998535156,115.24755859375,27.0,38.0,0.16923076923076924,282.69310344827585,-0.11658405172413797,354.4439697265625,0.10763740539550781,0.7186357498168945,-1.0397608071631554,0.55,1779451286697018682
62.0,0.007310186978429556,0.4576137363910675,0.35324978828430176,57.147605895996094,106.77546691894531,24.0,38.0,0.22580645161290322,261.885593220339,-0.18160752118644066,358.97674560546875,0.12180233001708984,0.7143450736999511,-1.025120543539899,0.55,1779451286731522599
65.0,0.044546328485012054,0.46415823698043823,0.3486446738243103,59.1658935546875,141.7674102783203,21.0,44.0,0.35384615384615387,309.29935064935063,-0.033439529220779286,358.7729187011719,0.12116537094116211,0.7395736694335937,-1.0655955564351007,0.55,1779451286765895017
65.0,0.07033849507570267,0.44530394673347473,0.3301015794277191,54.950748443603516,130.74020385742188,23.0,42.0,0.2923076923076923,283.79545454545456,-0.1131392045454545,362.4324951171875,0.13260154724121093,0.6868843555450439,-1.0267685686830235,0.55,1779451286797881559
64.0,0.052949387580156326,0.47395142912864685,0.36515188217163086,55.61497497558594,143.9340057373047,25.0,39.0,0.21875,280.28816986855406,-0.12409946916076856,363.63299560546875,0.13635311126708985,0.6951871871948242,-1.029995835964401,0.55,1779451286830326962
71.0,0.051686812192201614,0.4561065435409546,0.333700567483902,53.83291244506836,123.3693618774414,23.0,48.0,0.352112676056338,207.97578692493943,-0.3500756658595643,365.01416015625,0.14066925048828124,0.6729114055633545,-0.9668323463734032,0.55,1779451286861788256
61.0,0.01778937317430973,0.4365854859352112,0.31633099913597107,53.45907211303711,113.6529769897461,20.0,41.0,0.3442622950819672,316.02992021276594,-0.012406499335106425,392.1153564453125,0.22536048889160157,0.6682384014129639,-0.9816706604023325,0.55,1779451286897691006
61.0,0.03269526734948158,0.42020827531814575,0.29618629813194275,57.299903869628906,131.97348022460938,21.0,40.0,0.3114754098360656,264.05195132488484,-0.17483765210973487,375.638671875,0.173870849609375,0.7162487983703614,-0.9920275813634818,0.55,1779451286930208947
77.0,0.01481703482568264,0.4240274429321289,0.30969321727752686,49.84147644042969,117.38824462890625,26.0,51.0,0.3246753246753247,317.995,-0.006265624999999986,365.65960693359375,0.14268627166748046,0.623018455505371,-1.010743551702868,0.55,1779451286962332342
63.0,0.05974173918366432,0.4661261737346649,0.3456841707229614,53.12339782714844,108.33743286132812,20.0,43.0,0.36507936507936506,311.84456521739133,-0.02548573369565208,387.7393798828125,0.21168556213378906,0.6640424728393555,-0.9857724845418618,0.55,1779451286994946542
67.0,0.03363094851374626,0.4101800322532654,0.2995116710662842,55.671546936035156,135.0740509033203,21.0,46.0,0.373134328358209,330.00889328063244,0.03127779150197636,371.3955383300781,0.16061105728149414,0.6958943367004394,-1.0052127893600538,0.55,1779451287030743076
72.0,-0.017638763412833214,0.3972860276699066,0.28616228699684143,54.39698028564453,133.7348175048828,20.0,52.0,0.4444444444444444,288.45238095238096,-0.09858630952380949,419.0,0.309375,0.6799622535705566,-0.9976744406925747,0.55,1779451287095430408
68.0,0.006175813730806112,0.41242387890815735,0.30562251806259155,54.70515441894531,96.54014587402344,22.0,46.0,0.35294117647058826,240.56884057971013,-0.24822237318840584,424.2749938964844,0.32585935592651366,0.6838144302368164,-1.0466054031367609,0.55,1779451287132452992
69.0,0.04812962934374809,0.4295649826526642,0.30997034907341003,52.728538513183594,111.42710876464844,22.0,47.0,0.36231884057971014,239.3166666666667,-0.2521354166666666,350.3567810058594,0.09486494064331055,0.6591067314147949,-1.0453982120056102,1.0,1779451287161728374
62.0,0.012882928363978863,0.38607633113861084,0.2841976284980774,55.78490447998047,120.93386840820312,18.0,44.0,0.41935483870967744,318.4341216216216,-0.004893369932432457,366.6390686035156,0.14574708938598632,0.6973113059997559,-1.0671101328928045,0.55,1779451287198056339
63.0,0.027985787019133568,0.39660757780075073,0.27951106429100037,52.447288513183594,115.97413635253906,16.0,47.0,0.49206349206349204,287.57399035563594,-0.10133128013863768,437.5,0.3671875,0.6555911064147949,-1.0298232245248504,0.55,1779451287229406712
67.0,0.0068809399381279945,0.3676508069038391,0.27076292037963867,53.70878219604492,119.77478790283203,18.0,49.0,0.4626865671641791,301.325,-0.05835937500000003,419.12603759765625,0.3097688674926758,0.6713597774505615,-1.1119900135181218,0.55,1779451287262215519
48.0,0.021252451464533806,0.3903745412826538,0.2956711947917938,58.74058151245117,129.24395751953125,14.0,34.0,0.4166666666666667,242.64820675105483,-0.24172435390295366,325.74627685546875,0.017957115173339845,0.7342572689056397,-1.1486665030486727,0.41250000000000003,1779451287295354717
59.0,-0.02408505789935589,0.362106591463089,0.27332234382629395,54.88376998901367,123.1787338256836,17.0,42.0,0.423728813559322,326.1428571428571,0.01919642857142847,314.35174560546875,-0.017650794982910157,0.6860471248626709,-1.1650793718532,0.55,1779451287328656713
59.0,-0.019461918622255325,0.3664739727973938,0.27487826347351074,58.01646423339844,128.03515625,18.0,41.0,0.3898305084745763,368.44642857142856,0.15139508928571424,400.57501220703125,0.25179691314697267,0.7252058029174805,-1.1292035726225225,0.5,1779451287360954485
64.0,0.04651276022195816,0.3825056552886963,0.27376630902290344,55.415496826171875,125.15989685058594,16.0,48.0,0.5,221.61874999999998,-0.30744140625000005,373.68896484375,0.16777801513671875,0.6926937103271484,-1.1359810863011888,0.55,1779451287397660593
69.0,0.027385946363210678,0.37237751483917236,0.2655962407588959,56.12571716308594,122.91867065429688,20.0,49.0,0.42028985507246375,271.0,-0.153125,435.6369934082031,0.36136560440063475,0.7015714645385742,-1.1501267274858795,0.55,1779451287429382979
66.0,0.022141430526971817,0.33969447016716003,0.23522254824638367,54.244503021240234,107.83784484863281,13.0,53.0,0.6060606060606061,303.7105263157895,-0.050904605263157876,390.1715393066406,0.21928606033325196,0.678056287765503,-1.1375785116782595,0.41250000000000003,1779451287462603980
65.0,0.009800413623452187,0.3626905083656311,0.2609978914260864,54.140892028808594,129.25942993164062,18.0,47.0,0.4461538461538462,335.4444834444834,0.048264010764010656,428.41668701171875,0.3388021469116211,0.6767611503601074,-1.1093318740895919,0.41250000000000003,1779451287495769150
70.0,0.03278578072786331,0.3959285020828247,0.29890212416648865,56.061500549316406,132.01515197753906,18.0,52.0,0.4857142857142857,328.1258295625943,0.025393217383107115,326.1666564941406,0.019270801544189455,0.7007687568664551,-1.1490994845481035,1.0,1779451287528508701
74.0,0.0011685426579788327,0.34971922636032104,0.2532753646373749,54.64629364013672,128.03515625,20.0,54.0,0.4594594594594595,307.4670454545454,-0.03916548295454554,426.415771484375,0.3325492858886719,0.683078670501709,-1.1061552163254955,0.55,1779451287595801697
64.0,0.025128673762083054,0.3627435564994812,0.2581098675727844,58.391700744628906,118.18629455566406,19.0,45.0,0.40625,313.06666666666666,-0.021666666666666678,429.1785888671875,0.34118309020996096,0.7298962593078613,-1.103792084879877,0.55,1779451287628830897
57.0,0.03215034306049347,0.39232146739959717,0.2973807156085968,57.654205322265625,123.13001251220703,20.0,37.0,0.2982456140350877,305.98809523809524,-0.04378720238095237,334.5280456542969,0.045400142669677734,0.7206775665283203,-1.1005678227726106,0.55,1779451287695988609
55.0,0.0501333624124527,0.41772353649139404,0.32763636112213135,56.76136779785156,130.38404846191406,19.0,36.0,0.3090909090909091,330.73579545454544,0.033549360795454494,349.93829345703125,0.09355716705322266,0.7095170974731445,-1.10538836150653,0.55,1779451287761879156
65.0,-0.010869584046304226,0.39481407403945923,0.3091021776199341,56.70526123046875,130.38787841796875,20.0,45.0,0.38461538461538464,345.9285714285714,0.08102678571428559,338.327392578125,0.05727310180664062,0.7088157653808593,-1.0861816004263225,0.55,1779451287795629693
59.0,-0.0129521694034338,0.3865993320941925,0.29625654220581055,59.747596740722656,117.38824462890625,21.0,38.0,0.288135593220339,280.31397656397655,-0.12401882323757327,411.40289306640625,0.28563404083251953,0.7468449592590332,-1.0840992105972154,0.55,1779451287828631346
53.0,0.06250941753387451,0.4613562226295471,0.3768253028392792,62.060768127441406,122.38055419921875,16.0,37.0,0.39622641509433965,344.0131578947368,0.07504111842105257,474.6566162109375,0.4833019256591797,0.7757596015930176,-1.0388682790731583,0.55,1779451287930766185
58.0,0.057724855840206146,0.41297483444213867,0.32040634751319885,61.82341766357422,138.2353057861328,22.0,36.0,0.2413793103448276,351.3714168714169,0.09803567772317781,324.6263427734375,0.014457321166992188,0.7727927207946778,-1.0366339405734244,1.0,1779451288062382751
58.0,-0.01706560328602791,0.3926287591457367,0.3091309070587158,60.10837173461914,137.36447143554688,23.0,35.0,0.20689655172413793,364.3916666666667,0.13872395833333345,309.5524597167969,-0.032648563385009766,0.7513546466827392,-1.0123368822579146,0.41250000000000003,1779451288095818911
64.0,0.04444928467273712,0.4466603994369507,0.35061031579971313,59.81877136230469,133.8095703125,21.0,43.0,0.34375,336.9555966683234,0.052986239588510564,480.37933349609375,0.501185417175293,0.7477346420288086,-0.9755282196170169,1.0,1779451288132240405
65.0,0.05824442207813263,0.42276889085769653,0.3242184817790985,59.50590133666992,132.5631866455078,19.0,46.0,0.4153846153846154,304.9479166666667,-0.04703776041666661,296.9775390625,-0.0719451904296875,0.743823766708374,-0.946852075190218,1.0,1779451288162178797
55.0,0.11162466555833817,0.45003923773765564,0.3634144961833954,67.85028076171875,141.2232208251953,19.0,36.0,0.3090909090909091,299.8083823529412,-0.06309880514705882,304.3269958496094,-0.048978137969970706,0.8481285095214843,-1.0081699660273822,1.0,1779451288195684759
58.0,0.06145087629556656,0.4108659029006958,0.3149969279766083,58.97774887084961,123.06502532958984,18.0,40.0,0.3793103448275862,294.35520833333334,-0.08013997395833332,478.33489990234375,0.4947965621948242,0.7372218608856201,-1.0144633964201248,1.0,1779451288227586580
51.0,0.10114143043756485,0.4346342086791992,0.3406771123409271,66.06352233886719,132.85330200195312,17.0,34.0,0.3333333333333333,207.95187757978456,-0.3501503825631732,329.9420166015625,0.031068801879882812,0.8257940292358399,-1.015521354563265,1.0,1779451288262203826
56.0,0.06812849640846252,0.4280223250389099,0.34324005246162415,67.93689727783203,141.088623046875,23.0,33.0,0.17857142857142858,200.07986111111114,-0.3747504340277777,447.3962097167969,0.39811315536499026,0.8492112159729004,-0.9931687393949068,0.55,1779451288294817782
48.0,0.16071350872516632,0.44307413697242737,0.3665332496166229,64.11913299560547,135.91542053222656,21.0,27.0,0.125,178.8647342995169,-0.4410477053140097,433.4416809082031,0.3545052528381348,0.8014891624450684,-0.9750973043278319,0.55,1779451288327646283
57.0,0.05833837017416954,0.4218238294124603,0.33763808012008667,66.37619018554688,133.95895385742188,18.0,39.0,0.3684210526315789,212.09826086956522,-0.3371929347826087,350.59173583984375,0.09559917449951172,0.8297023773193359,-0.9856627062467155,0.41250000000000003,1779451288429759256
65.0,0.0393076166510582,0.3928147852420807,0.29574671387672424,64.15453338623047,141.088623046875,20.0,45.0,0.38461538461538464,175.40665932364846,-0.4518541896135986,319.39227294921875,-0.0018991470336914063,0.8019316673278809,-0.9925480139604383,1.0,1779451288462578780
53.0,0.1266925185918808,0.4379473030567169,0.3410891890525818,65.59957885742188,136.97079467773438,18.0,35.0,0.32075471698113206,206.27388722730473,-0.35539410241467273,455.4725341796875,0.42335166931152346,0.8199947357177735,-0.9644513910582104,0.55,1779451288529617734
59.0,0.06756259500980377,0.4214073419570923,0.3266415297985077,61.76449203491211,138.22084045410156,18.0,41.0,0.3898305084745763,208.7048796791444,-0.3477972510026738,473.50787353515625,0.47971210479736326,0.7720561504364014,-0.9386041305156041,0.75,1779451288562390632
52.0,0.2013450413942337,0.4531266391277313,0.3793412744998932,66.04890441894531,141.088623046875,14.0,38.0,0.46153846153846156,199.59459459459458,-0.37626689189189194,303.19970703125,-0.05250091552734375,0.8256113052368164,-0.980725236283999,0.55,1779451288595685190
52.0,0.14756104350090027,0.4523595869541168,0.36138418316841125,72.17288208007812,178.40403747558594,13.0,39.0,0.5,210.26868686868687,-0.34291035353535354,388.110107421875,0.21284408569335939,0.9021610260009766,-0.9151883581010523,1.0,1779451288629811342
58.0,0.10869540274143219,0.43834319710731506,0.3566198945045471,66.52079772949219,148.2194366455078,18.0,40.0,0.3793103448275862,202.553955453149,-0.36701888920890935,409.31475830078125,0.2791086196899414,0.8315099716186524,-0.9622102121408421,0.55,1779451288662681414
63.0,0.0376899391412735,0.4147154688835144,0.31731945276260376,68.02542114257812,150.08331298828125,16.0,47.0,0.49206349206349204,210.1095669659294,-0.3434076032314707,371.3461608886719,0.16045675277709961,0.8503177642822266,-0.9220919156307874,0.41250000000000003,1779451288695122011
61.0,0.089543916285038,0.41109052300453186,0.3108097016811371,67.3589859008789,155.08062744140625,18.0,43.0,0.4098360655737705,188.809375,-0.40997070312500006,301.53790283203125,-0.05769405364990234,0.8419873237609863,-0.9317751021811378,0.75,1779451288728828049
61.0,0.060931868851184845,0.3886313736438751,0.2957466244697571,62.17566680908203,160.07810974121094,14.0,47.0,0.5409836065573771,257.10492610837434,-0.19654710591133018,348.79400634765625,0.08998126983642578,0.7771958351135254,-0.928404824390461,0.75,1779451288761929201
55.0,0.1564318984746933,0.4360353350639343,0.35778889060020447,64.82138061523438,165.07574462890625,15.0,40.0,0.45454545454545453,211.98388305847075,-0.3375503654422789,315.4050598144531,-0.014359188079833985,0.8102672576904297,-0.9463029747807685,0.75,1779451288795276310
56.0,0.18553824722766876,0.4618949890136719,0.3755984902381897,64.50684356689453,159.2011260986328,14.0,42.0,0.5,224.4764705882353,-0.2985110294117647,356.4749755859375,0.11398429870605468,0.8063355445861816,-0.935956051460586,1.0,1779451288828799284
71.0,0.06335343420505524,0.4353463351726532,0.2938239276409149,54.84219741821289,166.41213989257812,20.0,51.0,0.43661971830985913,228.73076923076923,-0.28521634615384617,379.4968566894531,0.185927677154541,0.6855274677276612,-0.9108946592767495,0.75,1779451288862492672
69.0,0.19359557330608368,0.47711464762687683,0.3896576166152954,57.00617980957031,141.088623046875,20.0,49.0,0.42028985507246375,236.0896700143472,-0.262219781205165,368.9753112792969,0.15304784774780272,0.7125772476196289,-0.9239949999845836,1.0,1779451288902105515
75.0,0.1311100572347641,0.4423206150531769,0.341001033782959,55.891326904296875,125.28367614746094,17.0,58.0,0.5466666666666666,218.85,-0.31609375,441.1875,0.3787109375,0.698641586303711,-0.954144480904354,1.0,1779451288934177491
73.0,0.16474391520023346,0.5226914882659912,0.420586496591568,57.30518341064453,133.8095703125,23.0,50.0,0.3698630136986301,237.7989417989418,-0.2568783068783069,469.4473876953125,0.4670230865478516,0.7163147926330566,-0.8492637097014959,1.0,1779451288966382847
50.0,0.27466821670532227,0.5201473236083984,0.4854471981525421,58.790191650390625,119.23086547851562,18.0,32.0,0.28,225.5857142857143,-0.2950446428571428,318.9356384277344,-0.003326129913330078,0.7348773956298829,-0.9406343136470161,1.0,1779451289031180286
60.0,0.19317251443862915,0.49183157086372375,0.4096399247646332,62.389915466308594,146.76852416992188,17.0,43.0,0.43333333333333335,234.49684684684686,-0.2671973536036035,349.729736328125,0.09290542602539062,0.7798739433288574,-0.9222800081871148,1.0,1779451289066822439
71.0,0.15773829817771912,0.48141399025917053,0.3869560956954956,60.34634780883789,157.30543518066406,18.0,53.0,0.49295774647887325,237.63640552995392,-0.257386232718894,477.81817626953125,0.49318180084228513,0.7543293476104737,-0.9344812391556508,1.0,1779451289110632654
67.0,0.12380356341600418,0.4774273931980133,0.3745364546775818,61.070613861083984,134.76646423339844,20.0,47.0,0.40298507462686567,268.07213213213214,-0.16227458708708706,465.46319580078125,0.4545724868774414,0.7633826732635498,-0.9223859427177785,1.0,1779451289135131575
69.0,0.14988011121749878,0.4586353003978729,0.36001911759376526,57.38048553466797,141.088623046875,22.0,47.0,0.36231884057971014,237.35714285714286,-0.25825892857142857,477.24127197265625,0.4913789749145508,0.7172560691833496,-0.9013599474632361,1.0,1779451289179267857
68.0,0.11622922867536545,0.49530771374702454,0.3726069927215576,61.28255844116211,158.8269500732422,21.0,47.0,0.38235294117647056,236.35909090909092,-0.2613778409090909,467.7929992675781,0.4618531227111816,0.7660319805145264,-0.9342767233600666,1.0,1779451289214444928
72.0,0.11862459778785706,0.447107195854187,0.34605729579925537,58.49444580078125,139.0863037109375,23.0,49.0,0.3611111111111111,249.2155172413793,-0.22120150862068969,383.48052978515625,0.19837665557861328,0.7311805725097656,-0.958394971229276,1.0,1779451289239338610
71.0,0.11803598701953888,0.4455813467502594,0.33442726731300354,56.09676742553711,155.6663055419922,23.0,48.0,0.352112676056338,229.84259259259258,-0.2817418981481482,417.35333251953125,0.3042291641235352,0.7012095928192139,-0.8377084214973506,0.5,1779451289269352518
67.0,0.1488225758075714,0.4557507038116455,0.3510787785053253,59.63192367553711,149.61618041992188,21.0,46.0,0.373134328358209,304.36137820512823,-0.048870693108974274,409.03070068359375,0.27822093963623046,0.7453990459442139,-0.8406482628553307,0.5,1779451289301446143
76.0,0.14167891442775726,0.4678162932395935,0.3744644522666931,60.15774154663086,144.84474182128906,28.0,48.0,0.2631578947368421,235.63105887247767,-0.2636529410235073,348.63214111328125,0.08947544097900391,0.7519717693328858,-0.8136543531799815,1.0,1779451289335016709
72.0,0.18852826952934265,0.46638086438179016,0.383520245552063,59.94409942626953,135.72398376464844,22.0,50.0,0.3888888888888889,258.41687344913146,-0.1924472704714642,365.23858642578125,0.1413705825805664,0.7493012428283692,-0.9463633247341998,1.0,1779451289368834266
74.0,0.16542282700538635,0.4659750163555145,0.38105565309524536,58.5482292175293,142.04576110839844,23.0,51.0,0.3783783783783784,268.9117647058824,-0.15965073529411758,455.8974609375,0.4246795654296875,0.7318528652191162,-0.9215495394344712,1.0,1779451289399810328
69.0,0.12253892421722412,0.44870880246162415,0.35549068450927734,62.242393493652344,145.20675659179688,24.0,45.0,0.30434782608695654,226.91483649380805,-0.29089113595684984,438.122314453125,0.36913223266601564,0.7780299186706543,-0.9051650921261726,0.55,1779451289433349694
79.0,0.1431557685136795,0.45915040373802185,0.37206995487213135,58.24770736694336,132.27999877929688,28.0,51.0,0.2911392405063291,256.3873517786561,-0.1987895256916996,433.92095947265625,0.3560029983520508,0.728096342086792,-0.8993048704057239,1.0,1779451289465650998
80.0,0.10956170409917831,0.4319545030593872,0.32314521074295044,55.9661979675293,122.24974060058594,26.0,54.0,0.35,205.89888337468983,-0.3565659894540943,431.2374267578125,0.34761695861816405,0.6995774745941162,-0.9247803751261167,1.0,1779451289499369480
75.0,0.15584155917167664,0.448535293340683,0.35784322023391724,62.14650344848633,146.16429138183594,28.0,47.0,0.25333333333333335,231.68,-0.27599999999999997,437.4692687988281,0.3670914649963379,0.7768312931060791,-0.877527691294045,1.0,1779451289529293094
70.0,0.09009567648172379,0.446225643157959,0.3457355201244354,59.217926025390625,144.39183044433594,26.0,44.0,0.2571428571428571,233.02756756756753,-0.27178885135135145,457.5074462890625,0.42971076965332033,0.7402240753173828,-0.91321471907606,0.75,1779451289561869399
70.0,0.14705701172351837,0.45792877674102783,0.3632258474826813,61.7978515625,175.26266479492188,29.0,41.0,0.17142857142857143,248.515272556391,-0.2233897732612781,381.1439208984375,0.19107475280761718,0.77247314453125,-0.908234730696938,1.0,1779451289594044881
72.0,0.10755360871553421,0.4559553563594818,0.37466466426849365,60.847900390625,138.32208251953125,26.0,46.0,0.2777777777777778,275.9331501831502,-0.13770890567765565,450.10003662109375,0.40656261444091796,0.7605987548828125,-0.9306336457648978,0.75,1779451289635746108
80.0,0.0448807068169117,0.4378756582736969,0.33857935667037964,56.28533172607422,152.48606872558594,30.0,50.0,0.25,236.20625,-0.26185546875,439.907958984375,0.3747123718261719,0.7035666465759277,-0.9372832825111818,0.75,1779451289670359387
85.0,0.10318773984909058,0.44054803252220154,0.34048184752464294,59.46556091308594,167.33499145507812,31.0,54.0,0.27058823529411763,232.09591013824885,-0.2747002808179723,265.4039306640625,-0.17061271667480468,0.7433195114135742,-0.8452619860946174,0.55,1779451289702696383
64.0,0.1595952957868576,0.46345359086990356,0.386190265417099,65.93960571289062,170.2057647705078,28.0,36.0,0.125,239.60728291316525,-0.2512272408963586,270.5460510253906,-0.1545435905456543,0.8242450714111328,-0.9026173284240513,1.0,1779451289732488819
70.0,0.1249094009399414,0.4527609944343567,0.3634820282459259,67.05509948730469,172.40939331054688,27.0,43.0,0.22857142857142856,238.64889705882348,-0.2542221966911766,317.0400695800781,-0.00924978256225586,0.8381887435913086,-0.8702268032285602,0.55,1779451289764003925
81.0,0.06649279594421387,0.42363160848617554,0.3279768228530884,59.80083465576172,164.5600128173828,27.0,54.0,0.3333333333333333,225.37,-0.29571875,486.9533386230469,0.5217291831970214,0.7475104331970215,-0.8844991908553034,1.0,1779451289795896897
71.0,0.14329563081264496,0.45316430926322937,0.37309396266937256,65.76459503173828,176.52761840820312,25.0,46.0,0.29577464788732394,224.91522988505744,-0.2971399066091955,444.5777587890625,0.38930549621582033,0.8220574378967285,-0.8913396255914932,0.55,1779451289828468825
78.0,0.09181646257638931,0.43050265312194824,0.3350965976715088,62.80729675292969,189.7893524169922,30.0,48.0,0.23076923076923078,270.13214285714287,-0.15583705357142855,457.74267578125,0.43044586181640626,0.7850912094116211,-0.8493643946907107,0.55,1779451289861773584
86.0,0.043204210698604584,0.4186701476573944,0.3191787898540497,58.98357391357422,172.70205688476562,35.0,51.0,0.18604651162790697,140.84285714285713,-0.5598660714285715,438.52691650390625,0.37039661407470703,0.7372946739196777,-0.8781216933982564,0.55,1779451289894985162
73.0,0.1069837436079979,0.4424450099468231,0.34159448742866516,65.13054656982422,176.81912231445312,28.0,45.0,0.2328767123287671,186.8125,-0.4162109375,419.3212890625,0.3103790283203125,0.8141318321228027,-0.838111826359808,1.0,1779451289927367052
80.0,0.0823817029595375,0.4505871832370758,0.3590916097164154,60.290245056152344,179.98056030273438,34.0,46.0,0.15,211.6468253968254,-0.33860367063492064,478.7541198730469,0.4961066246032715,0.7536280632019043,-0.8381211772129787,1.0,1779451289963671674
69.0,0.1539292186498642,0.4536111354827881,0.3797316551208496,64.76590728759766,174.72264099121094,30.0,39.0,0.13043478260869565,253.69218390804593,-0.20721192528735646,420.75250244140625,0.3148515701293945,0.8095738410949707,-0.8184885856410697,0.55,1779451289995836420
72.0,0.09334972500801086,0.45037224888801575,0.3659983277320862,61.15688705444336,174.72264099121094,29.0,43.0,0.19444444444444445,219.58723455598457,-0.31378989201254825,452.20526123046875,0.41314144134521485,0.764461088180542,-0.8535287686809375,1.0,1779451290028928608
68.0,0.1431463062763214,0.46573638916015625,0.39612293243408203,67.0611801147461,178.843505859375,32.0,36.0,0.058823529411764705,275.86488095238093,-0.1379222470238096,352.3402404785156,0.10106325149536133,0.8382647514343262,-0.7942055313271565,1.0,1779451290062250941
78.0,0.10655016452074051,0.45978832244873047,0.37505608797073364,62.18644714355469,182.9644775390625,35.0,43.0,0.10256410256410256,283.5040011209366,-0.1140499964970731,225.9875030517578,-0.29378905296325686,0.7773305892944335,-0.8077406848744997,1.0,1779451290095750046
72.0,0.10198789834976196,0.4435461461544037,0.3632549047470093,63.25074768066406,197.80039978027344,30.0,42.0,0.16666666666666666,298.30992647058827,-0.06778147977941167,352.37628173828125,0.10117588043212891,0.7906343460083007,-0.8025196033927586,0.55,1779451290132416723
74.0,0.1279921531677246,0.46682822704315186,0.3899999260902405,68.2294921875,198.76116943359375,29.0,45.0,0.21621621621621623,278.18944728315057,-0.13065797724015446,419.8013916015625,0.3118793487548828,0.85286865234375,-0.7917808902725227,1.0,1779451290162671958
74.0,0.039719924330711365,0.4621519446372986,0.36337780952453613,65.6440200805664,199.72230529785156,29.0,45.0,0.21621621621621623,257.453125,-0.195458984375,411.5317077636719,0.2860365867614746,0.8205502510070801,-0.7837347175672609,0.41250000000000003,1779451290195424943
48.0,0.18169109523296356,0.44791194796562195,0.4067765772342682,71.73863983154297,203.84307861328125,17.0,31.0,0.2916666666666667,335.55598455598454,0.04861245173745168,467.9473876953125,0.46233558654785156,0.8967329978942871,-0.8197479874153968,0.75,1779451290227929130
67.0,0.13225974142551422,0.4767136871814728,0.4016663432121277,66.75944519042969,196.56297302246094,29.0,38.0,0.13432835820895522,282.48809523809524,-0.11722470238095237,457.23724365234375,0.4288663864135742,0.8344930648803711,-0.7579292466016518,0.55,1779451290263145876
67.0,0.028312362589685655,0.48399082451729664,0.38720460861769107,62.707183837890625,205.76686096191406,27.0,40.0,0.19402985074626866,351.52969348659,0.0985302921455938,461.987060546875,0.4437095642089844,0.7838397979736328,-0.8711955802740496,0.55,1779451290329134537
89.0,0.03652758151292801,0.5247287750244141,0.41586506366729736,55.79343032836914,215.24404907226562,36.0,53.0,0.19101123595505617,251.66734006734006,-0.2135395622895623,437.9898986816406,0.36871843338012694,0.6974178791046143,-1.2314128842518366,0.5,1779451290361948408
76.0,0.08385892097360925,0.5734108221579389,0.46320311531682484,63.395450592041016,216.20591735839844,32.0,44.0,0.15789473684210525,341.3492063492063,0.06671626984126977,351.8929748535156,0.09966554641723632,0.7924431324005127,-0.7361693802867656,1.0,1779451290394240266
86.0,0.03954490274190903,0.5332012176513672,0.41120919585227966,57.894287109375,183.92662048339844,37.0,49.0,0.13953488372093023,242.5,-0.2421875,473.551513671875,0.47984848022460935,0.7236785888671875,-1.230556554053472,0.75,1779451290427998583
101.0,-0.02143746055662632,0.5136367678642273,0.3971122205257416,51.18832778930664,180.76780700683594,43.0,58.0,0.1485148514851485,248.5625,-0.2232421875,410.95843505859375,0.28424510955810545,0.639854097366333,-0.6393113477533998,1.0,1779451290461327502
80.0,0.04329449683427811,0.5647234320640564,0.44057679176330566,61.433204650878906,221.56263732910156,34.0,46.0,0.15,292.9924107142857,-0.08439871651785716,461.79443359375,0.44310760498046875,0.7679150581359864,-0.5974338934987725,1.0,1779451290497894486
84.0,0.04574795439839363,0.5223352313041687,0.41742730140686035,58.1440315246582,191.20669555664062,39.0,45.0,0.07142857142857142,270.91666666666663,-0.15338541666666677,461.5019226074219,0.44219350814819336,0.7268003940582275,-0.6037981563161835,1.0,1779451290529305279
94.0,-0.004489125218242407,0.5171765685081482,0.3963867425918579,54.574562072753906,205.76686096191406,39.0,55.0,0.1702127659574468,236.75,-0.26015625,453.4227294921875,0.4169460296630859,0.6821820259094238,-0.6130413675593056,1.0,1779451290562684305
89.0,-0.00584130734205246,0.5506258010864258,0.4245792627334595,55.96326446533203,205.76686096191406,36.0,53.0,0.19101123595505617,256.953125,-0.197021484375,566.7183837890625,0.7709949493408204,0.6995408058166503,-0.5346634222178015,1.0,1779451290596031552
82.0,0.04205266013741493,0.5160349607467651,0.3978549540042877,59.17189407348633,212.0848846435547,39.0,43.0,0.04878048780487805,284.578431372549,-0.11069240196078436,450.4404296875,0.4076263427734375,0.7396486759185791,-0.5556607558008265,1.0,1779451290629606342
88.0,0.07840638607740402,0.5368607640266418,0.4065049886703491,59.5208625793457,209.20086669921875,37.0,51.0,0.1590909090909091,271.67777777777775,-0.15100694444444454,466.51513671875,0.45785980224609374,0.7440107822418213,-0.5244546643235891,1.0,1779451290661162098
87.0,0.034388329833745956,0.5263476967811584,0.40376996994018555,59.448204040527344,208.9258270263672,32.0,55.0,0.26436781609195403,287.2602339181287,-0.10231176900584789,483.574462890625,0.5111701965332032,0.7431025505065918,-0.5395483515993021,1.0,1779451290698113355
89.0,0.003779306774958968,0.5139996409416199,0.3952119052410126,56.25754928588867,207.00241088867188,35.0,54.0,0.21348314606741572,319.18692307692305,-0.002540865384615465,488.60076904296875,0.5268774032592773,0.7032193660736084,-0.8258591835380669,0.5,1779451290729920882
86.0,0.036702584475278854,0.5454233288764954,0.43309614062309265,61.961204528808594,218.28880310058594,32.0,54.0,0.2558139534883721,228.16666666666669,-0.2869791666666666,403.2076721191406,0.2600239753723145,0.7745150566101074,-0.24506771911322656,1.0,1779451290762352093
90.0,0.007333493325859308,0.5089744925498962,0.38174375891685486,58.90614318847656,196.69773864746094,36.0,54.0,0.2,222.91883116883116,-0.3033786525974026,474.1549072265625,0.4817340850830078,0.736326789855957,-0.8331267513705688,0.5,1779451290795310216
83.0,0.04384639114141464,0.48016902804374695,0.35466209053993225,58.69858169555664,216.48094177246094,28.0,55.0,0.3253012048192771,246.88750000000002,-0.22847656249999995,488.3880615234375,0.5262126922607422,0.733732271194458,-0.7413941266207907,0.5,1779451290828516213
82.0,0.05357688292860985,0.4498119056224823,0.3542194962501526,60.30628967285156,210.16184997558594,29.0,53.0,0.2926829268292683,237.6731601731602,-0.2572713744588744,421.2486877441406,0.31640214920043946,0.7538286209106445,-0.8200268516779001,0.5,1779451290862018685
80.0,0.04601685330271721,0.47941693663597107,0.38165760040283203,61.23517990112305,219.364990234375,32.0,48.0,0.2,261.45667377904215,-0.18294789444049328,430.43145751953125,0.34509830474853515,0.7654397487640381,-0.7732238045210947,0.5,1779451290895015969
86.0,-0.028391022235155106,0.48392602801322937,0.38952699303627014,56.93742752075195,219.364990234375,30.0,56.0,0.3023255813953488,273.77026143790846,-0.14446793300653607,443.0096130371094,0.3844050407409668,0.7117178440093994,0.09233316094208194,1.0,1779451290928872628
83.0,0.022443599998950958,0.4801183342933655,0.38069725036621094,62.18630599975586,221.56263732910156,33.0,50.0,0.20481927710843373,273.83333333333337,-0.1442708333333332,484.005615234375,0.5125175476074219,0.7773288249969482,-0.2800125479236125,0.75,1779451290962201540
86.0,0.06778888404369354,0.48752307891845703,0.37921807169914246,56.37605667114258,221.56263732910156,39.0,47.0,0.09302325581395349,267.87757095845336,-0.16288259075483325,431.99261474609375,0.349976921081543,0.7047007083892822,-0.09708148319973464,0.55,1779451290995332246
51.0,-0.030190955847501755,0.4766002893447876,0.39620351791381836,63.4802360534668,148.6606903076172,19.0,32.0,0.2549019607843137,377.8609354413702,0.18081542325428188,387.0802001953125,0.20962562561035156,0.793502950668335,0.04761533367944529,0.55,1779451291027793800
64.0,0.10987535864114761,0.5029011368751526,0.4075155258178711,63.690155029296875,207.00241088867188,24.0,40.0,0.25,274.48835227272724,-0.14222389914772737,422.43096923828125,0.3200967788696289,0.7961269378662109,-0.1519016511425727,0.75,1779451291061537561
73.0,0.0640534833073616,0.48314961791038513,0.3757437765598297,62.11259078979492,224.7220458984375,23.0,50.0,0.3698630136986301,259.15116279069764,-0.19015261627906987,423.27703857421875,0.3227407455444336,0.7764073848724365,-0.1907677134361145,0.75,1779451291095425980
87.0,0.024540575221180916,0.43659427762031555,0.33810955286026,54.723716735839844,223.48602294921875,33.0,54.0,0.2413793103448276,279.71587301587294,-0.12588789682539706,455.52313232421875,0.4235097885131836,0.684046459197998,-0.713540368596335,0.75,1779451291132290816
73.0,0.12139439582824707,0.47646650671958923,0.3754611015319824,60.58155059814453,223.48602294921875,25.0,48.0,0.3150684931506849,267.337462082912,-0.16457043099090002,486.7577819824219,0.5211180686950684,0.7572693824768066,-0.3782064067092432,0.75,1779451291161904811
82.0,0.017591625452041626,0.4833008050918579,0.3897145986557007,63.077701568603516,225.68341064453125,31.0,51.0,0.24390243902439024,296.42514388738647,-0.07367142535191729,441.2607116699219,0.37893972396850584,0.788471269607544,0.15605674683780546,1.0,1779451291196252568
85.0,0.05440608039498329,0.4318690598011017,0.3276412785053253,56.968196868896484,181.0414276123047,32.0,53.0,0.24705882352941178,275.95173453996983,-0.13765082956259428,489.6668701171875,0.530208969116211,0.7121024608612061,0.13262079570200486,0.5,1779451291229568667
88.0,0.04391365498304367,0.4767356216907501,0.36777326464653015,58.499755859375,221.56263732910156,33.0,55.0,0.25,262.7991071428571,-0.17875279017857154,465.79656982421875,0.4556142807006836,0.7312469482421875,0.27816445774966947,0.75,1779451291262390319
92.0,0.056512437760829926,0.4625311493873596,0.35581183433532715,59.540042877197266,242.44174194335938,35.0,57.0,0.2391304347826087,286.49575551782686,-0.10470076400679104,492.9827575683594,0.5405711174011231,0.7442505359649658,0.018954064988317892,1.0,1779451291296059662
90.0,0.04991084709763527,0.47762173414230347,0.3646012246608734,56.29386901855469,217.1681365966797,33.0,57.0,0.26666666666666666,278.2446922024624,-0.13048533686730507,442.7045593261719,0.3834517478942871,0.7036733627319336,0.10269544581175574,1.0,1779451291329289646
83.0,0.03654658794403076,0.46948352456092834,0.36784422397613525,57.84251403808594,167.44252014160156,33.0,50.0,0.20481927710843373,264.7480158730159,-0.17266245039682532,397.04669189453125,0.24077091217041016,0.7230314254760742,0.08960633461974545,1.0,1779451291361886045
78.0,0.03056761622428894,0.49062782526016235,0.38802528381347656,62.64772415161133,246.56236267089844,33.0,45.0,0.15384615384615385,274.9047619047619,-0.140922619047619,423.73626708984375,0.3241758346557617,0.7830965518951416,0.09071274077237194,1.0,1779451291394503890
81.0,0.07396259903907776,0.484268456697464,0.3693931996822357,58.179325103759766,151.11915588378906,36.0,45.0,0.1111111111111111,287.7916666666667,-0.10065104166666661,417.75,0.30546875,0.7272415637969971,-0.13040678950258647,0.55,1779451291429034229
84.0,0.03904534876346588,0.5120193362236023,0.41679123044013977,61.63835906982422,247.52374267578125,33.0,51.0,0.21428571428571427,292.428081232493,-0.08616224614845933,414.8485107421875,0.2964015960693359,0.7704794883728028,0.30774423823983577,1.0,1779451291461819399
85.0,0.057120759040117264,0.5001385807991028,0.38929590582847595,63.394962310791016,248.48541259765625,30.0,55.0,0.29411764705882354,270.7290105231282,-0.15397184211522444,454.9731750488281,0.42179117202758787,0.7924370288848877,0.4235583588021189,1.0,1779451291494771131
81.0,0.08145815134048462,0.47724512219429016,0.3708035349845886,62.027488708496094,250.6830596923828,29.0,52.0,0.2839506172839506,294.615018812709,-0.07932806621028429,459.13360595703125,0.43479251861572266,0.7753436088562011,0.2585512788766393,1.0,1779451291528577888
77.0,0.04844576492905617,0.49089163541793823,0.4014599621295929,64.68122100830078,228.84274291992188,27.0,50.0,0.2987012987012987,275.82073732718897,-0.13806019585253448,447.9007568359375,0.3996898651123047,0.8085152626037597,0.01869496998068726,0.5,1779451291561729801
76.0,0.09343880414962769,0.540972888469696,0.45205187797546387,64.96821594238281,223.65151977539062,35.0,41.0,0.07894736842105263,269.0889328063241,-0.1590970849802371,402.24835205078125,0.25702610015869143,0.8121026992797852,0.14221425944955512,1.0,1779451291593959034
69.0,0.07346411794424057,0.4931264817714691,0.4093790054321289,64.74049377441406,253.84246826171875,27.0,42.0,0.21739130434782608,271.07142857142856,-0.15290178571428575,393.925048828125,0.23101577758789063,0.8092561721801758,-0.2561551801350418,0.75,1779451291627403984
78.0,0.017095977440476418,0.4530334770679474,0.3602634072303772,61.70280075073242,223.65151977539062,29.0,49.0,0.2564102564102564,324.3540310077519,0.013606346899224775,449.9332275390625,0.4060413360595703,0.7712850093841552,0.3666615522826473,0.75,1779451291661520214
72.0,0.0402349978685379,0.5613495111465454,0.46028995513916016,65.567138671875,247.4207000732422,33.0,39.0,0.08333333333333333,286.4562211981567,-0.10482430875576032,393.6377258300781,0.23011789321899415,0.8195892333984375,0.35329685921230447,1.0,1779451291695596775
69.0,0.11807650327682495,0.5261096358299255,0.44291847944259644,68.88496398925781,250.57733154296875,27.0,42.0,0.21739130434782608,290.8061509785648,-0.091230778191985,439.45281982421875,0.3732900619506836,0.8610620498657227,-0.06233236440407838,0.75,1779451291728573486
66.0,0.08424005657434464,0.5038301944732666,0.4260078966617584,69.4494400024414,243.2981719970703,24.0,42.0,0.2727272727272727,316.534965034965,-0.010828234265734338,410.0174560546875,0.28130455017089845,0.8681180000305175,-0.23397755237443635,0.75,1779451291761980191
82.0,0.09252482652664185,0.4946992099285126,0.4035811126232147,58.16416549682617,221.4610595703125,30.0,52.0,0.2682926829268293,336.3303571428571,0.05103236607142847,422.7891540527344,0.3212161064147949,0.7270520687103271,-1.119046568938819,1.0,1779451291794917272
75.0,0.06203616410493851,0.5046418309211731,0.40645644068717957,62.771034240722656,248.3867950439453,30.0,45.0,0.2,331.975,0.03742187500000007,440.364990234375,0.3761405944824219,0.7846379280090332,0.33657163457274497,0.75,1779451291828201656
78.0,0.0777350664138794,0.5409452319145203,0.4597707986831665,60.043907165527344,265.13580322265625,31.0,47.0,0.20512820512820512,301.9296875,-0.0564697265625,405.20684814453125,0.26627140045166015,0.7505488395690918,-1.1211935311146861,1.0,1779451291861296435
71.0,0.08808567374944687,0.545478105545044,0.44408366084098816,62.741966247558594,252.5093994140625,28.0,43.0,0.2112676056338028,280.5231758373206,-0.12336507550837314,389.71160888671875,0.2178487777709961,0.7842745780944824,-0.9929134403931177,1.0,1779451291898533950
73.0,0.10832978039979935,0.5368577241897583,0.44890838861465454,65.04747772216797,270.2239685058594,29.0,44.0,0.2054794520547945,290.7413793103448,-0.09143318965517241,364.54241943359375,0.13919506072998047,0.8130934715270997,-1.0985036503201644,1.0,1779451291929252085
72.0,0.025711627677083015,0.5130696892738342,0.422648549079895,62.22820281982422,266.1014709472656,31.0,41.0,0.1388888888888889,337.14964392803597,0.05359263727511241,405.1355895996094,0.2660487174987793,0.7778525352478027,-1.0994343819469443,1.0,1779451291962268688
80.0,0.025698620826005936,0.5574890971183777,0.46274980902671814,64.1585464477539,278.4690246582031,37.0,43.0,0.075,314.2584880636605,-0.017942224801061002,362.3443908691406,0.13232622146606446,0.8019818305969239,-1.0815766177803845,1.0,1779451291995223597
71.0,0.04367028921842575,0.5341098308563232,0.4474695026874542,65.48712921142578,276.2788391113281,32.0,39.0,0.09859154929577464,258.75320512820514,-0.19139623397435895,388.4429931640625,0.2138843536376953,0.8185891151428223,-1.1427024083225386,1.0,1779451292035547837
78.0,0.0322464257478714,0.5215449333190918,0.4389686584472656,63.92544937133789,281.6256408691406,33.0,45.0,0.15384615384615385,335.32278726708074,0.04788371020962732,416.3182067871094,0.3009943962097168,0.7990681171417237,-1.0221531692010777,0.75,1779451292067177667
74.0,0.05552388355135918,0.5457927584648132,0.4603012204170227,64.61612701416016,283.5577392578125,34.0,40.0,0.08108108108108109,272.1203262681591,-0.14962398041200284,351.71173095703125,0.09909915924072266,0.807701587677002,-1.0274857102363617,1.0,1779451292100651685
73.0,0.07817148417234421,0.545494556427002,0.46515953540802,65.546142578125,272.1562194824219,32.0,41.0,0.1232876712328767,300.07142857142856,-0.062276785714285764,399.90423583984375,0.24970073699951173,0.8193267822265625,-1.072000292006652,1.0,1779451292132353908
74.0,0.1022321954369545,0.5601951479911804,0.48042967915534973,69.91600036621094,274.34649658203125,31.0,43.0,0.16216216216216217,251.3914835164835,-0.21440161401098906,363.3900146484375,0.13559379577636718,0.8739500045776367,-1.0972932825392685,1.0,1779451292161261228
71.0,0.08480800688266754,0.521036684513092,0.4259487986564636,65.20427703857422,277.2453918457031,25.0,46.0,0.29577464788732394,319.33949175824176,-0.0020640882554944897,405.5913391113281,0.2674729347229004,0.8150534629821777,-1.03460983084227,1.0,1779451292194734230
69.0,0.07690461724996567,0.5383040904998779,0.4579920172691345,72.612060546875,277.2453918457031,27.0,42.0,0.21739130434782608,323.58141843971634,0.011191932624113577,385.9225769042969,0.20600805282592774,0.9076507568359375,-1.064915982152669,1.0,1779451292228593923
69.0,0.08515086024999619,0.5430544018745422,0.46017107367515564,68.44242095947266,223.39427185058594,27.0,42.0,0.21739130434782608,314.1904251399941,-0.018154921437518467,398.51885986328125,0.2453714370727539,0.8555302619934082,-0.9392916051344243,1.0,1779451292261232737
70.0,0.028107421472668648,0.5448313355445862,0.4630771577358246,65.5362777709961,265.8194885253906,29.0,41.0,0.17142857142857143,326.06107226107224,0.01894085081585075,359.85455322265625,0.12454547882080078,0.8192034721374511,-0.9539050276746472,1.0,1779451292295396412
66.0,0.05564934015274048,0.5574436783790588,0.47836610674858093,74.48945617675781,284.25341796875,31.0,35.0,0.06060606060606061,316.9106037151703,-0.009654363390092869,390.2240905761719,0.2194502830505371,0.9311182022094726,-0.883244122819437,1.0,1779451292328329427
72.0,0.02728520892560482,0.5171180963516235,0.4380646049976349,66.50667572021484,268.97210693359375,32.0,40.0,0.1111111111111111,329.48799185888737,0.02964997455902303,399.4571838378906,0.2483036994934082,0.8313334465026856,-0.9762932728828165,1.0,1779451292362563045
72.0,0.07672523707151413,0.5403247475624084,0.44433456659317017,67.54239654541016,253.4501953125,28.0,44.0,0.2222222222222222,281.93615384615384,-0.11894951923076924,389.22222900390625,0.21631946563720703,0.8442799568176269,-0.9380639662163762,1.0,1779451292395115255
66.0,0.05922459065914154,0.5372642278671265,0.45606985688209534,75.23746490478516,297.8338317871094,26.0,40.0,0.21212121212121213,287.35011312217193,-0.1020308964932127,374.4192199707031,0.17006006240844726,0.9404683113098145,-0.9435730060638434,1.0,1779451292432339259
72.0,0.09656281769275665,0.48532578349113464,0.4179149866104126,66.24004364013672,298.8042907714844,25.0,47.0,0.3055555555555556,319.25,-0.00234375,377.51239013671875,0.1797262191772461,0.828000545501709,-0.906826974780519,1.0,1779451292463656579
70.0,0.014285127632319927,0.5126351714134216,0.44335585832595825,68.32515716552734,275.0363464355469,28.0,42.0,0.2,306.6820035460993,-0.04161873891843974,374.09686279296875,0.16905269622802735,0.8540644645690918,-0.9264595662876615,1.0,1779451292495457397
72.0,0.10080558806657791,0.48230379819869995,0.41503462195396423,66.52200317382812,260.7259216308594,27.0,45.0,0.25,301.60135135135135,-0.05749577702702702,371.0447998046875,0.15951499938964844,0.8315250396728515,-0.9068353886993484,0.55,1779451292528566978
68.0,0.10266168415546417,0.5118261575698853,0.44850990176200867,74.96589660644531,266.8332824707031,24.0,44.0,0.29411764705882354,298.98252688172045,-0.06567960349462361,386.5444641113281,0.20795145034790039,0.9370737075805664,-0.8839630422859338,1.0,1779451292561644987
64.0,0.09391708672046661,0.45900148153305054,0.39650359749794006,68.97718811035156,219.494873046875,23.0,41.0,0.28125,292.81004901960785,-0.08496859681372548,385.275146484375,0.20398483276367188,0.8622148513793946,-0.9187012735277158,0.55,1779451292595878886
59.0,0.11099307239055634,0.5084015130996704,0.438577800989151,74.33907318115234,257.6140441894531,22.0,37.0,0.2542372881355932,293.17654435641816,-0.08382329888619325,354.48040771484375,0.10775127410888671,0.9292384147644043,-0.9142285697454994,0.55,1779451292628512896
69.0,0.09086654335260391,0.5033429861068726,0.42474639415740967,73.57759094238281,270.9557189941406,29.0,40.0,0.15942028985507245,281.36126126126123,-0.12074605855855865,327.0965576171875,0.022176742553710938,0.9197198867797851,-0.80851623008675,0.55,1779451292661549103
70.0,0.09248699992895126,0.5014075636863708,0.4306119978427887,70.5933837890625,256.63983154296875,31.0,39.0,0.11428571428571428,304.45787545787545,-0.04856913919413923,353.1715087890625,0.10366096496582031,0.8824172973632812,-0.8651952218242814,0.55,1779451292694796792
67.0,0.12267903983592987,0.5193063020706177,0.4518759250640869,72.17865753173828,246.22145080566406,26.0,41.0,0.22388059701492538,284.9717647058824,-0.10946323529411757,291.44683837890625,-0.08922863006591797,0.9022332191467285,-0.8708488588395971,1.0,1779451292728682396
79.0,0.0740080252289772,0.46419960260391235,0.38923487067222595,67.610107421875,255.4407958984375,28.0,51.0,0.2911392405063291,286.4997402597403,-0.10468831168831158,357.21942138671875,0.1163106918334961,0.8451263427734375,-0.8913342059523978,0.55,1779451292761827150
74.0,0.048084039241075516,0.48250988125801086,0.40777796506881714,69.56829071044922,329.419189453125,31.0,43.0,0.16216216216216217,304.4569377990431,-0.04857206937799034,323.60797119140625,0.011274909973144532,0.8696036338806152,-0.936716831966224,0.55,1779451292795857142
79.0,0.16221338510513306,0.4710497260093689,0.4224270284175873,63.95610427856445,276.0525207519531,29.0,50.0,0.26582278481012656,304.21287541713014,-0.04933476432146833,298.9558410644531,-0.06576299667358398,0.7994513034820556,-0.8211237418491372,1.0,1779451292828878127
74.0,0.10847890377044678,0.4772900938987732,0.408469021320343,68.31194305419922,287.2211608886719,33.0,41.0,0.10810810810810811,285.6694139194139,-0.10728308150183156,318.0426940917969,-0.0061165809631347655,0.8538992881774903,-0.8975033523214684,0.55,1779451292861528109
78.0,0.11781781911849976,0.43978917598724365,0.37991583347320557,68.69019317626953,279.0931701660156,29.0,49.0,0.2564102564102564,303.8338938993804,-0.050519081564436165,350.25274658203125,0.09453983306884765,0.8586274147033691,-0.8539386096903488,0.55,1779451292928048653
73.0,0.1635427623987198,0.449528306722641,0.3958020508289337,68.66908264160156,252.29347229003906,27.0,46.0,0.2602739726027397,292.54067053513864,-0.08581040457769173,354.93841552734375,0.10918254852294922,0.8583635330200196,-0.8591051113332006,0.55,1779451292961972415
73.0,0.146805077791214,0.46787992119789124,0.4209453761577606,70.29727935791016,252.29347229003906,28.0,45.0,0.2328767123287671,298.40060468631896,-0.06749811035525326,292.0821533203125,-0.08724327087402343,0.878715991973877,-0.9119418160092515,0.55,1779451292995433022
70.0,0.15274524688720703,0.4472390413284302,0.3930201530456543,74.37828826904297,283.0989074707031,27.0,43.0,0.22857142857142856,312.8031015037594,-0.022490307800751806,357.76123046875,0.11800384521484375,0.9297286033630371,-0.9376036562085126,0.55,1779451293061721948
63.0,0.1662764996290207,0.43306857347488403,0.39395153522491455,78.31757354736328,250.34376525878906,24.0,39.0,0.23809523809523808,316.87088867805187,-0.009778472881087907,322.0241394042969,0.006325435638427734,0.978969669342041,-0.9076005616805782,0.41250000000000003,1779451293095851654
71.0,0.11229683458805084,0.44680991768836975,0.38510623574256897,74.76911926269531,288.31231689453125,30.0,41.0,0.15492957746478872,297.26677013018326,-0.07104134334317731,307.62054443359375,-0.03868579864501953,0.9346139907836915,-0.9224553947570304,0.55,1779451293132171131
67.0,0.16192030906677246,0.43485134840011597,0.3967096209526062,85.36420440673828,362.3989562988281,25.0,42.0,0.2537313432835821,282.5607707509881,-0.1169975914031621,297.223876953125,-0.07117538452148438,1.0,-0.9264802143128863,0.55,1779451293162341819
62.0,0.13111793994903564,0.44583988189697266,0.403669536113739,75.65557861328125,295.4657287597656,25.0,37.0,0.1935483870967742,323.00186860739575,0.009380839398111717,241.990234375,-0.243780517578125,0.9456947326660157,-0.9439381016731321,0.41250000000000003,1779451293195849239
69.0,0.11095837503671646,0.4462459981441498,0.38890793919563293,77.64676666259766,295.4657287597656,26.0,43.0,0.2463768115942029,308.59804352068693,-0.03563111399785335,352.43646240234375,0.10136394500732422,0.9705845832824707,-0.9375326067459469,0.41250000000000003,1779451293229057250
82.0,0.10985592007637024,0.4251675605773926,0.37422406673431396,75.0926513671875,320.199951171875,35.0,47.0,0.14634146341463414,290.7734375,-0.0913330078125,364.5582580566406,0.13924455642700195,0.9386581420898438,-0.9980474182951444,0.55,1779451293296721932
82.0,0.04123207554221153,0.42591261863708496,0.3541123867034912,70.75498962402344,286.24639892578125,33.0,49.0,0.1951219512195122,263.3849206349206,-0.17692212301587312,315.118896484375,-0.015253448486328125,0.884437370300293,-1.0433030748294694,0.55,1779451293398163650
81.0,0.11730954796075821,0.4154288172721863,0.36319929361343384,76.90496826171875,298.61346435546875,26.0,55.0,0.35802469135802467,324.7839312496768,0.014949785155240036,317.97149658203125,-0.006339073181152344,0.9613121032714844,-1.0347350795131371,0.55,1779451293432421987
78.0,0.032284386456012726,0.43076997995376587,0.36749139428138733,76.967041015625,266.8332824707031,35.0,43.0,0.10256410256410256,228.3605769230769,-0.28637319711538467,367.35113525390625,0.14797229766845704,0.9620880126953125,-1.0488950353471431,0.55,1779451293465841011
74.0,0.051281481981277466,0.44577574729919434,0.3928581178188324,77.09977722167969,315.1031494140625,28.0,46.0,0.24324324324324326,270.8141762452107,-0.15370569923371652,358.0724182128906,0.1189763069152832,0.963747215270996,-1.0438611342532844,0.55,1779451293498702683
75.0,0.05382433533668518,0.43315500020980835,0.3788977861404419,82.11912536621094,335.4906921386719,28.0,47.0,0.25333333333333335,284.3727272727273,-0.11133522727272727,304.7203369140625,-0.04774894714355469,1.0,-1.0873447389835709,0.55,1779451293530434968
66.0,0.012337218970060349,0.4489126205444336,0.39723512530326843,78.39505767822266,277.21832275390625,25.0,41.0,0.24242424242424243,289.90298456024266,-0.0940531732492417,308.5997009277344,-0.03562593460083008,0.9799382209777832,-1.0596276248439225,0.5,1779451293562874180
86.0,0.03779880702495575,0.4403168857097626,0.3997301459312439,80.25585174560547,400.9114685058594,30.0,56.0,0.3023255813953488,369.32504111842104,0.15414075349506576,247.7747802734375,-0.22570381164550782,1.0,-1.0659145717140779,0.55,1779451293797531545
87.0,0.03748811408877373,0.4311218857765198,0.37192246317863464,76.21232604980469,327.1452331542969,42.0,45.0,0.034482758620689655,351.0901328273245,0.09715666508538909,221.25741577148438,-0.30857057571411134,0.9526540756225585,-0.007981130221572694,0.5,1779451294327588019
68.0,0.09459687769412994,0.4026085138320923,0.3679342567920685,81.99431610107422,307.7287902832031,33.0,35.0,0.029411764705882353,339.546290726817,0.061082158521303144,179.03762817382812,-0.4405074119567871,1.0,0.360985869222189,0.41250000000000003,1779451294360555638
84.0,0.0547984279692173,0.4223855137825012,0.3773363530635834,78.52901458740234,312.8274230957031,50.0,34.0,-0.19047619047619047,339.51859639016897,0.060995613719278016,163.74290466308594,-0.48830342292785645,0.9816126823425293,0.3601078276568876,0.75,1779451294394272170
90.0,0.030014777556061745,0.4179244041442871,0.3669887185096741,75.46512603759766,327.1452331542969,50.0,40.0,-0.1111111111111111,335.3192680481283,0.04787271265040101,305.3935852050781,-0.04564504623413086,0.9433140754699707,-0.341081989284296,0.41250000000000003,1779451294428204350
83.0,0.07829394936561584,0.378039687871933,0.336929589509964,80.06295013427734,323.0247802734375,51.0,32.0,-0.2289156626506024,333.5258620689655,0.04226831896551726,292.269287109375,-0.08665847778320312,1.0,0.44657128616292335,0.41250000000000003,1779451294529061127
83.0,0.019618913531303406,0.3899286091327667,0.32701319456100464,82.77509307861328,288.3678283691406,53.0,30.0,-0.27710843373493976,318.34027777777777,-0.005186631944444464,211.44308471679688,-0.33924036026000975,1.0,1.3191971759107533,0.41250000000000003,1779451294994836940
86.0,0.03847280889749527,0.3704829812049866,0.30732905864715576,84.4384994506836,353.3058166503906,59.0,27.0,-0.37209302325581395,314.1041666666667,-0.018424479166666608,244.61538696289062,-0.23557691574096679,1.0,1.2707446804389935,0.41250000000000003,1779451295161053465
89.0,-0.05892259255051613,0.42851927876472473,0.35681748390197754,85.00389862060547,326.9327087402344,58.0,31.0,-0.30337078651685395,304.4742857142857,-0.04851785714285715,202.56031799316406,-0.3669990062713623,1.0,1.0460634558182074,0.5,1779451295294516310
100.0,-0.000704175210557878,0.3907287120819092,0.3164348900318146,79.51654052734375,355.78082275390625,70.0,30.0,-0.4,414.3734939759036,0.2949171686746988,149.68112182617188,-0.5322464942932129,0.9939567565917968,0.5348311738765161,0.5,1779451295761285668
91.0,0.0260324589908123,0.40767401456832886,0.32246190309524536,85.48385620117188,342.44122314453125,60.0,31.0,-0.31868131868131866,463.40909090909093,0.44815340909090917,162.89813232421875,-0.49094333648681643,1.0,0.5214489673802413,0.5,1779451295794351441
94.0,-0.005666941870003939,0.40518826246261597,0.3274697959423065,86.80103302001953,327.1452331542969,60.0,34.0,-0.2765957446808511,458.03099730458223,0.4313468665768195,165.29244995117188,-0.4834610939025879,1.0,0.7511917430422506,0.75,1779451295828325855
96.0,-0.007258296012878418,0.4128433167934418,0.33442428708076477,81.3577880859375,298.7206115722656,65.0,31.0,-0.3541666666666667,456.3801768801768,0.4261880527505525,146.32980346679688,-0.5427193641662598,1.0,0.8480239822660728,0.75,1779451295861194013
84.0,-0.02375594712793827,0.4170372188091278,0.34374409914016724,94.51900482177734,304.58660888671875,56.0,28.0,-0.3333333333333333,380.3788502109705,0.18868390690928277,175.0479736328125,-0.4529750823974609,1.0,1.2198525642451088,0.5,1779451295894394373
98.0,-0.032575249671936035,0.4149053990840912,0.3358314037322998,79.63177490234375,335.3863525390625,64.0,34.0,-0.30612244897959184,454.5792857142857,0.42056026785714273,236.94720458984375,-0.2595399856567383,0.9953971862792969,1.2062765310257033,1.0,1779451295927525702
91.0,0.022030241787433624,0.4168952405452728,0.3343684673309326,86.11762237548828,355.78082275390625,62.0,29.0,-0.3626373626373626,449.50040022601,0.4046887507062813,57.76531219482422,-0.8194833993911743,1.0,0.9885100826549745,0.55,1779451295966694974
96.0,0.020507952198386192,0.4035409390926361,0.32221314311027527,81.654296875,327.1452331542969,61.0,35.0,-0.2708333333333333,424.55555555555554,0.32673611111111106,127.85594177246094,-0.6004501819610596,1.0,1.1973682840343691,0.75,1779451295996477347
93.0,-0.015294431708753109,0.4109375774860382,0.3305910527706146,87.41455078125,354.1539306640625,59.0,34.0,-0.26881720430107525,405.4267857142857,0.26695870535714283,135.43008422851562,-0.5767809867858886,1.0,1.1853918438815452,1.0,1779451296028345340
90.0,0.010737316682934761,0.41180217266082764,0.3199329674243927,83.13826751708984,346.8832702636719,58.0,32.0,-0.28888888888888886,435.5576923076923,0.3611177884615385,151.1993865966797,-0.527501916885376,1.0,1.1605423031844249,0.75,1779451296061195063
95.0,0.030848002061247826,0.3928157687187195,0.31661394238471985,83.24752044677734,377.68902587890625,64.0,31.0,-0.3473684210526316,397.60417984398066,0.24251306201243955,154.2893524169922,-0.5178457736968994,1.0,1.1605362133015114,0.75,1779451296095308002
90.0,0.007047093007713556,0.42510560154914856,0.3417282998561859,88.96683502197266,329.419189453125,58.0,32.0,-0.28888888888888886,360.17918515989527,0.1255599536246727,229.627197265625,-0.28241500854492185,1.0,1.1604330041569937,1.0,1779451296131953613
95.0,0.009519414976239204,0.40444597601890564,0.32556429505348206,89.9637222290039,337.6640319824219,58.0,37.0,-0.22105263157894736,382.55855855855856,0.1954954954954955,140.49111938476562,-0.5609652519226074,1.0,1.1481117534440572,1.0,1779451296161042069
100.0,0.016813505440950394,0.42587563395500183,0.33725953102111816,82.7170181274414,324.13885498046875,60.0,40.0,-0.2,408.7003787878788,0.2771886837121212,180.61404418945312,-0.435581111907959,1.0,1.0664962055798297,1.0,1779451296193832269
84.0,0.009242105297744274,0.43553853034973145,0.3390249013900757,89.3608169555664,298.9648742675781,47.0,37.0,-0.11904761904761904,327.65476190476187,0.023921130952380843,169.05990600585938,-0.47168779373168945,1.0,0.9372507513743353,1.0,1779451296230299499
89.0,-0.029919104650616646,0.4491933584213257,0.3535236716270447,88.56452941894531,302.9273986816406,57.0,32.0,-0.2808988764044944,396.7128870673953,0.23972777208561027,166.1229248046875,-0.4808658599853516,1.0,1.0747096576732498,1.0,1779451296266534145
83.0,-0.033347759395837784,0.4502461552619934,0.35010477900505066,91.65418243408203,319.048583984375,57.0,26.0,-0.37349397590361444,389.75618131868134,0.2179880666208792,188.09010314941406,-0.41221842765808103,1.0,1.1499228525994687,1.0,1779451296294386751
86.0,-0.01860165409743786,0.429120808839798,0.33055785298347473,91.83515167236328,367.9266357421875,58.0,28.0,-0.3488372093023256,407.6995614035088,0.27406112938596505,183.65087890625,-0.42609100341796874,1.0,1.020154003223914,1.0,1779451296328257538
80.0,-0.06909577548503876,0.43543875217437744,0.34926971793174744,96.18306732177734,372.0497131347656,57.0,23.0,-0.425,426.675,0.333359375,243.74313354492188,-0.23830270767211914,1.0,1.0883694402437512,1.0,1779451296360746040
81.0,-0.09103100746870041,0.43009650707244873,0.33690929412841797,94.35348510742188,340.4012451171875,49.0,32.0,-0.20987654320987653,420.04545454545456,0.3126420454545455,189.16729736328125,-0.40885219573974607,1.0,1.0894497585731044,0.55,1779451296394287123
83.0,-0.04262233152985573,0.3944412171840668,0.30912724137306213,91.44159698486328,288.3678283691406,53.0,30.0,-0.27710843373493976,442.68954703832753,0.3834048344947735,147.257568359375,-0.5398200988769531,1.0,1.0373025687089652,0.55,1779451296427562720
87.0,-0.11247427761554718,0.4520406424999237,0.36981436610221863,88.35086822509766,369.8675537109375,56.0,31.0,-0.28735632183908044,393.60619300911856,0.23001935315349548,283.31134033203125,-0.11465206146240234,1.0,1.0927201968446645,0.55,1779451296627986360
96.0,-0.03222423046827316,0.38052433729171753,0.30670449137687683,80.34634399414062,292.8839416503906,62.0,34.0,-0.2916666666666667,394.875,0.233984375,139.57699584960938,-0.5638218879699707,1.0,1.0592255813632006,0.55,1779451296661323844
87.0,-0.03583500534296036,0.40187186002731323,0.3360013961791992,91.04142761230469,355.55731201171875,54.0,33.0,-0.2413793103448276,400.3621621621621,0.25113175675675664,188.2296905517578,-0.41178221702575685,1.0,1.0273223545082506,0.55,1779451296727246362
94.0,-0.0018821656703948975,0.3670402765274048,0.30632078647613525,87.69674682617188,341.2037658691406,56.0,38.0,-0.19148936170212766,371.0129751461988,0.1594155473318713,138.49765014648438,-0.5671948432922364,1.0,1.0228558421100493,0.55,1779451296827538714
89.0,-0.04595886543393135,0.411800354719162,0.34416788816452026,93.93975830078125,351.9673156738281,52.0,37.0,-0.16853932584269662,374.54201891199517,0.1704438090999849,105.31121063232422,-0.6709024667739868,1.0,1.0949347268034124,1.0,1779451296894395729
92.0,-0.02635236084461212,0.3923031687736511,0.3219658136367798,86.20552062988281,319.3634338378906,45.0,47.0,0.021739130434782608,379.3616071428571,0.18550502232142846,128.3336181640625,-0.5989574432373047,1.0,0.9956526225633356,0.55,1779451296928210016
96.0,-0.015044895000755787,0.3973732888698578,0.32238975167274475,85.51700592041016,293.0273132324219,46.0,50.0,0.041666666666666664,369.0422077922078,0.15325689935064943,140.25881958007812,-0.5616911888122559,1.0,0.982610971374904,0.55,1779451296961283544
84.0,-0.018001392483711243,0.3831535875797272,0.31482037901878357,89.4460220336914,311.58465576171875,45.0,39.0,-0.07142857142857142,323.54488416988414,0.011077763030887944,175.4367218017578,-0.45176024436950685,1.0,0.9773513668807173,0.55,1779451296994378173
84.0,-0.0642021968960762,0.44320935010910034,0.37303978204727173,88.31089782714844,328.3473815917969,43.0,41.0,-0.023809523809523808,326.7911902286902,0.02122246946465687,130.30348205566406,-0.5928016185760498,1.0,0.9866945367533414,0.55,1779451297027412410
87.0,-0.024907320737838745,0.4216993749141693,0.34970343112945557,85.09552001953125,323.05108642578125,51.0,36.0,-0.1724137931034483,342.7352941176471,0.0710477941176471,138.82757568359375,-0.5661638259887696,1.0,1.0020538231748102,0.55,1779451297060495182
90.0,-0.0929180458188057,0.4376240074634552,0.3744770586490631,89.68738555908203,322.5228576660156,46.0,44.0,-0.022222222222222223,433.9,0.3559374999999999,172.54269409179688,-0.46080408096313474,1.0,1.0879300773831273,0.55,1779451297094295718
98.0,-0.013659261167049408,0.3968484401702881,0.3243820369243622,81.35639190673828,275.68280029296875,50.0,48.0,-0.02040816326530612,335.66963149763717,0.04896759843011615,172.6168670654297,-0.4605722904205322,1.0,0.9813016418214863,0.55,1779451297131785489
93.0,0.020711679011583328,0.38862934708595276,0.33285218477249146,88.6845932006836,275.4432678222656,46.0,47.0,0.010752688172043012,346.63227016885554,0.08322584427767357,100.30747985839844,-0.6865391254425048,1.0,0.9603642157935486,0.55,1779451297160664094
90.0,-0.0487649068236351,0.41268399357795715,0.35468125343322754,86.28155517578125,326.9892883300781,41.0,49.0,0.08888888888888889,340.46318681318684,0.06394745879120886,176.2789306640625,-0.4491283416748047,1.0,0.98853076798833,0.55,1779451297260883850
91.0,-0.023157067596912384,0.4009709060192108,0.3340715765953064,87.80858612060547,314.7459411621094,42.0,49.0,0.07692307692307693,342.1075870054884,0.06908620939215133,168.47686767578125,-0.4735097885131836,1.0,0.9729246335781804,0.55,1779451297298531108
100.0,-0.040127187967300415,0.44987139105796814,0.37860679626464844,78.0529556274414,294.83892822265625,41.0,59.0,0.18,351.4127884861271,0.09816496401914723,195.3159637451172,-0.3896376132965088,0.9756619453430175,0.9188248676918485,1.0,1779451297560694589
101.0,0.004275014623999596,0.43185555934906006,0.36905914545059204,81.1716079711914,228.06358337402344,37.0,64.0,0.26732673267326734,309.17884441963326,-0.033816111188646046,186.65090942382812,-0.4167159080505371,1.0,0.9360415387976307,1.0,1779451297627968035
96.0,-0.034021493047475815,0.4525071978569031,0.3878799378871918,84.02877044677734,313.0814514160156,41.0,55.0,0.14583333333333334,286.906314699793,-0.10341776656314697,186.80731201171875,-0.4162271499633789,1.0,0.9219708910558782,1.0,1779451297660972824
104.0,-0.01725879678600732,0.5015905866411801,0.42592423930522866,79.60783386230469,293.3939208984375,40.0,64.0,0.23076923076923078,248.99117647058824,-0.22190257352941173,211.53707885742188,-0.33894662857055663,0.9950979232788086,0.9453244378544233,1.0,1779451297694025894
86.0,0.006271588150411844,0.4450196623802185,0.391000360250473,85.73524475097656,314.96826171875,28.0,58.0,0.3488372093023256,243.225744975745,-0.23991954695079692,183.1023712158203,-0.42780508995056155,1.0,0.8815532701350544,0.55,1779451297726928230
93.0,-0.06053608539633909,0.4900086627588259,0.4087783378632089,88.54193115234375,297.880859375,37.0,56.0,0.20430107526881722,299.7433110367893,-0.06330215301003346,137.125,-0.571484375,1.0,0.8974853938708734,1.0,1779451297760755599
102.0,0.034340310441243374,0.4743031997224266,0.40293232738798695,80.99689483642578,296.7187194824219,49.0,53.0,0.0392156862745098,261.2363221884499,-0.1836364931610941,179.24200439453125,-0.43986873626708983,1.0,0.8647828440535826,1.0,1779451297828597688
84.0,-0.05733255669474602,0.46978700160980225,0.4109371304512024,92.1114730834961,277.7516784667969,32.0,52.0,0.23809523809523808,347.2775229357798,0.08524225917431191,223.7858428955078,-0.3006692409515381,1.0,0.9110024668699206,1.0,1779451297861877778
84.0,-0.016208980232477188,0.46017253398895264,0.40303194522857666,91.01878356933594,298.785888671875,33.0,51.0,0.21428571428571427,272.5224867724868,-0.1483672288359788,175.84463500976562,-0.4504855155944824,1.0,0.12826736382496964,0.5,1779451297894908212
97.0,-0.03815133579564516,0.5181943413932916,0.44165121934972423,78.54119873046875,296.5569152832031,40.0,57.0,0.17525773195876287,302.6218434343435,-0.05430673926767664,234.12380981445312,-0.26836309432983396,0.9817649841308593,0.8769506492913951,1.0,1779451297927882690
86.0,-0.06543301790952682,0.47927939891815186,0.4187551438808441,86.1082763671875,289.4563903808594,37.0,49.0,0.13953488372093023,272.3671171171172,-0.14885275900900882,211.9860076904297,-0.3375437259674072,1.0,0.4067474041677626,0.5,1779451297962942220
82.0,-0.07035351544618607,0.4893065094947815,0.43136653304100037,90.3913345336914,271.0608825683594,32.0,50.0,0.21951219512195122,266.7716617359475,-0.16633855707516415,170.10211181640625,-0.4684309005737305,1.0,0.8303460226365007,0.55,1779451298027406268
101.0,-0.022184547036886215,0.45367443561553955,0.3875136375427246,80.07972717285156,276.3421936035156,40.0,61.0,0.2079207920792079,312.5967351430668,-0.02313520267791631,274.18304443359375,-0.14317798614501953,1.0,0.9080251362729689,0.55,1779451298062357467
99.0,-0.022407595068216324,0.4744540750980377,0.41133370995521545,81.09258270263672,307.35809326171875,37.0,62.0,0.25252525252525254,283.4,-0.11437500000000007,187.04714965820312,-0.41547765731811526,1.0,0.7868801132802321,1.0,1779451298095800215
90.0,-0.011842624324368679,0.515079257090697,0.4494077134683988,82.46866607666016,292.49615478515625,38.0,52.0,0.15555555555555556,293.03478260869565,-0.08426630434782609,237.57461547851562,-0.25757932662963867,1.0,0.8560663824348277,1.0,1779451298131681438
99.0,-0.058005671948194504,0.5093958377838135,0.43358752131462097,80.68428802490234,267.7984313964844,42.0,57.0,0.15151515151515152,293.2547619047619,-0.08357886904761909,192.82672119140625,-0.3974164962768555,1.0,0.8855432595394608,1.0,1779451298160532047
104.0,-0.010148275643587112,0.46962180733680725,0.4091459810733795,76.77144622802734,251.3185272216797,39.0,65.0,0.25,276.1937971360793,-0.1368943839497522,202.73455810546875,-0.3664545059204102,0.9596430778503418,0.8226815124116865,1.0,1779451298261807442
98.0,0.014795954644551773,0.4960212795693027,0.42588480613413465,79.82025146484375,291.1717834472656,39.0,59.0,0.20408163265306123,295.71093205574914,-0.07590333732578394,201.69134521484375,-0.36971454620361327,0.9977531433105469,0.7479833132360889,1.0,1779451298294275886
104.0,-0.004295214919924086,0.5282915128617045,0.44715332793403656,73.67267608642578,254.4661102294922,39.0,65.0,0.25,292.2285714285714,-0.08678571428571438,262.1509704589844,-0.18077821731567384,0.9209084510803223,0.8300052408968084,1.0,1779451298360165979
96.0,-0.05118403876870196,0.5569796313511522,0.48147854129522366,79.88504791259766,273.1830749511719,38.0,58.0,0.20833333333333334,286.7744379276637,-0.1038298814760509,219.96533203125,-0.31260833740234373,0.9985630989074707,0.8615598279385057,1.0,1779451298393250144
99.0,-0.014108332662998345,0.5121143850447731,0.4357672885185475,78.30575561523438,246.4650115966797,36.0,63.0,0.2727272727272727,313.0652173913044,-0.021671195652173837,256.68609619140625,-0.19785594940185547,0.9788219451904296,0.7741524199254053,1.0,1779451298460956365
97.0,-0.0462932288646698,0.4922221899032593,0.42475247383117676,77.70462799072266,281.00177001953125,36.0,61.0,0.25773195876288657,305.24242424242425,-0.046117424242424224,255.53759765625,-0.20144500732421874,0.9713078498840332,0.7120580457714808,1.0,1779451298493320093
90.0,-0.03266390785574913,0.5021012425422668,0.45522862672805786,81.5216064453125,302.0066223144531,42.0,48.0,0.06666666666666667,298.06710615280593,-0.06854029327248146,249.45782470703125,-0.22044429779052735,1.0,0.9377426441209219,1.0,1779451298528344701
90.0,-0.028058035299181938,0.49337294697761536,0.4318227469921112,88.20511627197266,311.8541259765625,33.0,57.0,0.26666666666666666,311.3785377358491,-0.026942069575471628,257.4031677246094,-0.1956151008605957,1.0,0.7457136220095293,0.55,1779451298561265411
97.0,-0.03522169217467308,0.505416989326477,0.43993374705314636,71.2255859375,244.13111877441406,41.0,56.0,0.15463917525773196,310.7342657342657,-0.028955419580419674,272.1341857910156,-0.14958066940307618,0.89031982421875,0.7866208356011894,0.55,1779451298594452437
89.0,-0.08658915758132935,0.4964284598827362,0.4430885314941406,80.94835662841797,278.2894287109375,33.0,56.0,0.25842696629213485,317.2848837209302,-0.008484738372093048,248.5057373046875,-0.22341957092285156,1.0,0.8649411074498067,1.0,1779451298660699945
101.0,-0.0029203041922301054,0.4860817790031433,0.4230523705482483,70.12044525146484,237.2867431640625,37.0,64.0,0.26732673267326734,314.05210958312335,-0.01858715755273952,297.49554443359375,-0.07032642364501954,0.8765055656433105,1.2959038965633662,0.55,1779451298694219806
98.0,-0.020382653921842575,0.48019641637802124,0.4228067994117737,75.40485382080078,291.91265869140625,36.0,62.0,0.2653061224489796,354.17748226950357,0.10680463209219866,288.3973693847656,-0.09875822067260742,0.9425606727600098,0.9402592575075202,0.5,1779451298727653406
82.0,-0.05573399364948273,0.5040245652198792,0.4534839391708374,80.39984130859375,309.7821960449219,31.0,51.0,0.24390243902439024,297.44973544973544,-0.07046957671957674,293.50537109375,-0.08279571533203126,1.0,1.3210882105053416,0.55,1779451298760256557
93.0,-0.016668099910020828,0.5318642258644104,0.49007299542427063,73.96116638183594,280.2356262207031,35.0,58.0,0.24731182795698925,308.0,-0.0375,264.23876953125,-0.17425384521484374,0.9245145797729493,1.3102994209491452,1.0,1779451298793652256
91.0,-0.03758158162236214,0.5268208980560303,0.4768277406692505,76.96932220458984,270.3867492675781,34.0,57.0,0.25274725274725274,292.1627906976744,-0.08699127906976756,288.78271484375,-0.09755401611328125,0.9621165275573731,1.3114156985327552,0.41250000000000003,1779451298827283160
75.0,-0.09615154564380646,0.5366125106811523,0.49339941143989563,86.4010009765625,270.2239685058594,31.0,44.0,0.17333333333333334,308.3860465116279,-0.036293604651162784,276.0093688964844,-0.13747072219848633,1.0,1.3516778637113114,1.0,1779451298893224237
83.0,-0.06079236418008804,0.5280472040176392,0.4731314778327942,76.83800506591797,303.3298645019531,32.0,51.0,0.2289156626506024,303.41677844588344,-0.05182256735661426,252.74386596679688,-0.21017541885375976,0.9604750633239746,0.9858651022390293,0.5,1779451298927294428
84.0,-0.028359463438391685,0.5343429446220398,0.48409131169319153,76.30628204345703,312.2707214355469,37.0,47.0,0.11904761904761904,304.49530075187965,-0.04845218515037608,286.91943359375,-0.10337677001953124,0.9538285255432128,1.3502369237666987,0.55,1779451298960501971
78.0,-0.03827350586652756,0.5207424163818359,0.4669027030467987,79.33390045166016,207.1255645751953,30.0,48.0,0.23076923076923078,313.73513359400454,-0.01957770751873582,247.29881286621094,-0.22719120979309082,0.991673755645752,1.3417326573964603,0.75,1779451298994390894
86.0,-0.06780768930912018,0.5476998090744019,0.500210702419281,74.1678237915039,312.2707214355469,35.0,51.0,0.18604651162790697,266.2780195048762,-0.1678811890472618,266.349365234375,-0.16765823364257812,0.9270977973937988,0.9709767093818868,0.5,1779451299026874477
72.0,-0.006209797225892544,0.5346437096595764,0.4931783676147461,83.11363220214844,262.61187744140625,29.0,43.0,0.19444444444444445,282.04722850678735,-0.11860241091628954,262.6258850097656,-0.17929410934448242,1.0,1.1232109105944394,0.5,1779451299060495016
70.0,-0.07755164057016373,0.5602365136146545,0.514348030090332,91.82308197021484,269.3176574707031,29.0,41.0,0.17142857142857143,260.22222222222223,-0.18680555555555553,254.92938232421875,-0.2033456802368164,1.0,1.3774776366357413,0.41250000000000003,1779451299093927406
63.0,-0.03964167460799217,0.5295460820198059,0.4875478446483612,91.53929138183594,317.08990478515625,31.0,32.0,0.015873015873015872,261.4029414753099,-0.1831158078896566,254.1475830078125,-0.20578880310058595,1.0,1.3695111954385135,0.5,1779451299161009544
67.0,-0.02951723337173462,0.5378621220588684,0.5014135837554932,87.87568664550781,236.0275421142578,31.0,36.0,0.07462686567164178,295.7642857142857,-0.07573660714285727,267.22857666015625,-0.1649106979370117,1.0,0.838535874966275,0.5,1779451299228047657
59.0,-0.009124811738729477,0.5346066951751709,0.4947322905063629,93.87677764892578,278.2373046875,30.0,29.0,-0.01694915254237288,277.1036383170628,-0.13405113025917875,240.22781372070312,-0.24928808212280273,1.0,-1.064162818866664,0.5,1779451299326964714
63.0,-0.02538379654288292,0.5551949143409729,0.5174212455749512,86.4009017944336,271.9301452636719,31.0,32.0,0.015873015873015872,320.59375,0.00185546875,268.0895080566406,-0.16222028732299804,1.0,-1.0485933556971823,0.5,1779451299359983893
57.0,-0.10457703471183777,0.5526189208030701,0.521093487739563,87.95219421386719,295.16943359375,32.0,25.0,-0.12280701754385964,303.7386121834102,-0.050816836926843044,283.0994567871094,-0.1153141975402832,1.0,-1.0597956969879736,0.5,1779451299393757500
57.0,0.005509907845407724,0.5301439166069031,0.4905231297016144,92.8805923461914,315.5709228515625,30.0,27.0,-0.05263157894736842,320.0270935960591,8.466748768469756e-05,253.9835205078125,-0.20630149841308593,1.0,-1.0639822132482188,0.75,1779451299426756011
55.0,-0.01805400475859642,0.5464655756950378,0.5052555203437805,105.22600555419922,268.0018615722656,28.0,27.0,-0.01818181818181818,319.90902421129863,-0.0002842993396917848,268.70391845703125,-0.16030025482177734,1.0,-1.0252184588355495,0.5,1779451299459662271
53.0,-0.037881094962358475,0.5634440183639526,0.5266206860542297,109.76296997070312,288.27764892578125,28.0,25.0,-0.05660377358490566,325.4375,0.0169921875,262.3194885253906,-0.1802515983581543,1.0,-1.0319157805930927,0.41250000000000003,1779451299494442779
58.0,-0.0099072540178895,0.564382791519165,0.5223063230514526,87.97087097167969,255.66580200195312,29.0,29.0,0.0,324.33495670995677,0.01354673971861491,298.8096618652344,-0.06621980667114258,1.0,-0.9767633172293357,0.41250000000000003,1779451299561520312
53.0,0.06490295380353928,0.5582609176635742,0.5196515321731567,94.60440063476562,253.69273376464844,28.0,25.0,-0.05660377358490566,319.8917682926829,-0.00033822408536590134,239.97984313964844,-0.2500629901885986,1.0,-0.9501441657796502,0.41250000000000003,1779451299596896113
55.0,0.10999041795730591,0.5111661553382874,0.4830528199672699,88.5506362915039,255.55625915527344,29.0,26.0,-0.05454545454545454,315.5522817460318,-0.013899119543650685,238.7303466796875,-0.2539676666259766,1.0,-0.9481442269266968,0.41250000000000003,1779451299628267545
49.0,0.06636816263198853,0.5240508317947388,0.4843685030937195,96.33515167236328,285.46453857421875,26.0,23.0,-0.061224489795918366,312.6658223573117,-0.022919305133400947,225.43807983398438,-0.29550600051879883,1.0,-0.9193826285579565,0.41250000000000003,1779451299661004123
42.0,-0.04720386862754822,0.5256472229957581,0.4615655541419983,99.59294891357422,396.6081237792969,23.0,19.0,-0.09523809523809523,151.92854532163742,-0.525223295869883,467.9287109375,0.4622772216796875,1.0,-0.809601130810544,0.41250000000000003,1779451300527518164
39.0,0.001987367868423462,0.5201405882835388,0.43999436497688293,111.93529510498047,372.2109680175781,24.0,15.0,-0.23076923076923078,163.42728161668842,-0.4892897449478487,427.1631774902344,0.3348849296569824,1.0,-0.730280233256767,0.41250000000000003,1779451300661392321
47.0,0.03846633284216012,0.5599899764974621,0.4597677440295553,90.81332397460938,392.9198303222656,27.0,20.0,-0.14893617021276595,130.77272727272728,-0.5913352272727272,499.396240234375,0.5606132507324219,1.0,-0.7059769004003001,0.55,1779451300693638641
53.0,-0.0875192922429216,0.5114522098691238,0.42900074965918866,85.32084655761719,354.6448974609375,30.0,23.0,-0.1320754716981132,124.9426829268292,-0.6095541158536587,515.2313232421875,0.6100978851318359,1.0,-0.6887186968028628,0.41250000000000003,1779451300726275730
42.0,-0.010771331377327442,0.5662127137184143,0.4792052209377289,105.10774993896484,448.4830017089844,25.0,17.0,-0.19047619047619047,146.41724137931038,-0.542446120689655,432.49365234375,0.35154266357421876,1.0,-0.6598644075220046,0.55,1779451300761409538
46.0,-0.05401134490966797,0.5980530381202698,0.4979052245616913,88.97007751464844,403.2182922363281,28.0,18.0,-0.21739130434782608,165.04472744840172,-0.48423522672374464,445.1223449707031,0.3910073280334473,1.0,-0.6289335926412121,0.55,1779451300795546640
44.0,-0.11934082955121994,0.48459306359291077,0.4208774268627167,86.94074249267578,408.37481689453125,26.0,18.0,-0.18181818181818182,152.45,-0.5235937500000001,546.5756225585938,0.7080488204956055,1.0,-0.5971710364300534,0.41250000000000003,1779451300827838343
60.0,0.11020008474588394,0.47935736179351807,0.38623568415641785,92.54927825927734,306.7572326660156,24.0,36.0,0.2,322.3826634466103,0.007445823270657214,254.1313934326172,-0.2058393955230713,1.0,-1.2567324598828866,0.55,1779451304259693166
50.0,0.04998232051730156,0.5497696399688721,0.43076348304748535,93.3804702758789,306.9609069824219,18.0,32.0,0.28,352.81231671554247,0.1025384897360702,284.2897644042969,-0.11159448623657227,1.0,0.1111815608107117,0.5,1779451304697718423
55.0,-0.005877039860934019,0.5387532114982605,0.4178098440170288,92.71694946289062,287.0888366699219,27.0,28.0,0.01818181818181818,373.15,0.16609374999999993,291.0814514160156,-0.09037046432495117,1.0,0.07149799151349817,0.5,1779451304764906554
52.0,0.0017926065484061837,0.5298237204551697,0.40361160039901733,94.27489471435547,344.07122802734375,21.0,31.0,0.19230769230769232,358.8189202102246,0.1213091256569518,275.79278564453125,-0.13814754486083985,1.0,0.0591208475950116,0.5,1779451304796250648
60.0,0.02750471420586109,0.5351252555847168,0.4128265678882599,90.50736236572266,299.8683166503906,29.0,31.0,0.03333333333333333,340.2328582898434,0.06322768215576069,270.2010192871094,-0.1556218147277832,1.0,0.03207807663466558,0.5,1779451304925987846
57.0,-0.00016966331168077886,0.49179357290267944,0.36121416091918945,95.11843872070312,297.06060791015625,25.0,32.0,0.12280701754385964,334.38748461853976,0.044960889432936746,266.1090087890625,-0.1684093475341797,1.0,0.058906035025719616,0.5,1779451304960439075
62.0,0.01729002222418785,0.5510285496711731,0.4346771836280823,88.6780014038086,295.979736328125,29.0,33.0,0.06451612903225806,355.7653404067197,0.11176668877099907,220.7312774658203,-0.3102147579193115,1.0,0.05968741089762286,0.5,1779451305060719943
55.0,0.017313789576292038,0.5223607420921326,0.3929230868816376,96.56720733642578,324.863037109375,26.0,29.0,0.05454545454545454,334.55163912499467,0.045473872265608326,250.642822265625,-0.21674118041992188,1.0,0.049283845094913736,0.5,1779451305093398269
59.0,-0.003943980671465397,0.5166952610015869,0.3910441994667053,92.28215026855469,293.46551513671875,29.0,30.0,0.01694915254237288,330.7147865853658,0.03348370807926813,248.42247009277344,-0.223679780960083,1.0,0.10648394995531775,0.5,1779451305193415277
54.0,0.021197356283664703,0.5112267732620239,0.37948867678642273,98.54755401611328,295.979736328125,23.0,31.0,0.14814814814814814,320.9165923448532,0.0028643510776662495,236.30960083007812,-0.26153249740600587,1.0,0.09563747537501076,0.5,1779451305225592687
67.0,0.05212174728512764,0.4980624318122864,0.36995166540145874,90.73271942138672,321.1681823730469,24.0,43.0,0.2835820895522388,337.1428921568628,0.053571537990196205,220.69467163085938,-0.31032915115356446,1.0,0.15790809837591308,0.5,1779451305360808207
62.0,0.015741579234600067,0.49441221356391907,0.35808101296424866,82.32593536376953,297.3919982910156,26.0,36.0,0.16129032258064516,330.23736089030206,0.031991752782193926,238.2406463623047,-0.25549798011779784,1.0,0.1488313702329679,0.5,1779451305392173049
60.0,0.03753245249390602,0.5263153314590454,0.4017972946166992,85.64695739746094,264.8357849121094,20.0,40.0,0.3333333333333333,327.13896103896104,0.022309253246753258,218.38784790039062,-0.3175379753112793,1.0,0.17798548688173338,0.5,1779451305492413086
67.0,0.0862746462225914,0.5441668629646301,0.4170263409614563,84.60285949707031,274.5359802246094,27.0,40.0,0.19402985074626866,319.7267471029155,-0.0008539153033890301,374.03399658203125,0.16885623931884766,1.0,0.15007928664455883,0.5,1779451305558637341
70.0,0.04498516768217087,0.5348423719406128,0.41375166177749634,87.21709442138672,263.7821044921875,28.0,42.0,0.2,354.9829888027562,0.10932184000861316,240.1717987060547,-0.2494631290435791,1.0,0.15422610808952086,0.5,1779451305592963488
68.0,0.06503583490848541,0.5371788740158081,0.4050326347351074,81.88632202148438,263.0057067871094,26.0,42.0,0.23529411764705882,332.1181818181818,0.0378693181818182,347.6896057128906,0.0865300178527832,1.0,0.11804601953720055,0.5,1779451305626270040
73.0,-0.0026250320952385664,0.5159361362457275,0.37942373752593994,73.8471908569336,252.3826446533203,33.0,40.0,0.0958904109589041,351.5744428206065,0.09867013381439538,192.06942749023438,-0.3997830390930176,0.9230898857116699,0.11185127044103357,0.5,1779451305693060819
60.0,0.1219004914495241,0.5226167108418611,0.3943355168236187,90.71825408935547,288.21173095703125,24.0,36.0,0.2,336.0710616438356,0.050222067636986265,178.83544921875,-0.44113922119140625,1.0,0.09424061790121566,0.5,1779451305758487005
71.0,0.0722731428736441,0.5489916183632804,0.4038801421231696,77.8757553100586,266.1897888183594,30.0,41.0,0.15492957746478872,336.9047619047619,0.05282738095238102,213.68905639648438,-0.33222169876098634,0.9734469413757324,0.0947548708491429,0.41250000000000003,1779451305792581655
74.0,0.0398297698010464,0.5410983621513974,0.39405207638328,71.78582763671875,259.7883605957031,29.0,45.0,0.21621621621621623,344.707452024093,0.07721078757529068,222.91001892089844,-0.3034061908721924,0.8973228454589843,0.061325081773988446,0.75,1779451305858810598
66.0,0.09774109842722085,0.5583748247827063,0.4145036198386542,74.35029602050781,251.97817993164062,28.0,38.0,0.15151515151515152,343.2837365053978,0.0727616765793682,206.81411743164062,-0.35370588302612305,0.9293787002563476,0.04357936178233483,0.75,1779451305892906730
79.0,0.019290384162989498,0.5619584757976849,0.4163004963237947,70.07501220703125,186.67886352539062,37.0,42.0,0.06329113924050633,343.0,0.071875,307.77667236328125,-0.038197898864746095,0.8759376525878906,0.036504656645124194,0.75,1779451305926261923
75.0,0.05939612165093422,0.5284861326217651,0.39995118975639343,70.88407897949219,255.87692260742188,36.0,39.0,0.04,347.8125727872671,0.0869142899602096,219.05506896972656,-0.31545290946960447,0.8860509872436524,0.02457600267228474,0.5,1779451305960272627
68.0,0.10570421814918518,0.5602418184280396,0.4342144727706909,74.16580200195312,246.65765380859375,27.0,41.0,0.20588235294117646,342.10555555555555,0.06907986111111111,214.65505981445312,-0.329202938079834,0.9270725250244141,0.0219479763179804,0.5,1779451305995565757
70.0,0.07503888756036758,0.5739614367485046,0.45454853773117065,74.9999771118164,238.1931915283203,29.0,41.0,0.17142857142857143,351.971256684492,0.09991017713903752,220.69949340820312,-0.31031408309936526,0.937499713897705,-0.0001370671034767318,0.5,1779451306029563832
69.0,0.071616031229496,0.5935585498809814,0.45227596163749695,72.05229187011719,237.43841552734375,33.0,36.0,0.043478260869565216,353.9268241167435,0.10602132536482341,251.04132080078125,-0.21549587249755858,0.9006536483764649,-0.019561238129858077,0.75,1779451306058578612
75.0,0.08293511718511581,0.5905405879020691,0.45650604367256165,71.63821411132812,206.041259765625,37.0,38.0,0.013333333333333334,344.94565217391306,0.07795516304347831,496.9070739746094,0.5528346061706543,0.8954776763916016,-0.07480963710745309,0.75,1779451306092625221
69.0,0.10592230409383774,0.53176349401474,0.40611064434051514,76.10128784179688,208.62646484375,31.0,38.0,0.10144927536231885,340.73214285714283,0.06478794642857136,257.66070556640625,-0.19481029510498046,0.951266098022461,-0.04289239901748664,0.5,1779451306125796031
75.0,0.09320259094238281,0.5931157469749451,0.46426868438720703,65.58313751220703,204.62893676757812,35.0,40.0,0.06666666666666667,344.2652714932127,0.07582897341628972,196.1241455078125,-0.38711204528808596,0.8197892189025879,-0.03599679355336823,0.75,1779451306159347628
66.0,0.12508392333984375,0.6011586785316467,0.4760620892047882,70.48918151855469,227.2993621826172,25.0,41.0,0.24242424242424243,350.04,0.09387500000000007,175.24179077148438,-0.45236940383911134,0.8811147689819336,-0.05544406327719034,0.75,1779451306192989821
40.0,-0.0015120028983801603,0.6802154183387756,0.5732355117797852,78.30675506591797,225.88714599609375,18.0,22.0,0.1,329.73997024666477,0.030437407020827402,205.22012329101562,-0.3586871147155762,0.9788344383239747,-0.07702859772630169,0.5,1779451306226300259
76.0,0.14389078319072723,0.5604650974273682,0.4296412765979767,71.41614532470703,221.65061950683594,35.0,41.0,0.07894736842105263,346.22027027027025,0.08193834459459452,212.88409423828125,-0.3347372055053711,0.8927018165588378,-0.08390935847590006,0.75,1779451306260171864
78.0,0.09920772165060043,0.5554142594337463,0.4175117313861847,77.01679229736328,226.5568389892578,33.0,45.0,0.15384615384615385,332.48388604101757,0.0390121438781799,205.5,-0.3578125,0.962709903717041,-0.1030795215716113,0.75,1779451306299723191
83.0,0.10836207074629911,0.5853776793939365,0.43791749990545786,73.5936508178711,367.6424865722656,34.0,49.0,0.18072289156626506,336.89109304738844,0.052784665773088865,322.3701171875,0.0074066162109375,0.9199206352233886,-0.06933174312083376,1.0,1779451306329517581
75.0,0.11642920225858688,0.5514410734176636,0.42122727632522583,80.00867462158203,314.3055725097656,32.0,43.0,0.14666666666666667,349.09375097191554,0.09091797178723607,395.91302490234375,0.2372282028198242,1.0,-0.044100809836685725,0.75,1779451306360597036
82.0,0.07585710287094116,0.5520763993263245,0.4127637445926666,74.79783630371094,276.9729309082031,34.0,48.0,0.17073170731707318,343.8408983140148,0.07450280723129624,182.19964599609375,-0.43062610626220704,0.9349729537963867,-0.03641641821189863,0.5,1779451306392875607
72.0,0.10568925738334656,0.5443723201751709,0.4140775799751282,82.46688842773438,271.5529479980469,31.0,41.0,0.1388888888888889,341.1225651403997,0.06600801606374898,307.1727294921875,-0.040085220336914064,1.0,-0.042515327034923354,0.5,1779451306426259507
78.0,0.10453924536705017,0.5256212949752808,0.3861311972141266,80.74018096923828,285.476806640625,30.0,48.0,0.23076923076923078,338.90959595959595,0.05909248737373733,119.66708374023438,-0.6260403633117676,1.0,-1.3291180806765341,1.0,1779451306459625560
78.0,0.008432003669440746,0.5482075214385986,0.40317559242248535,78.8221435546875,201.8043670654297,39.0,39.0,0.0,326.2641223155929,0.01957538223622777,143.51138305664062,-0.5515269279479981,0.9852767944335937,-0.0279005600856513,0.5,1779451306494109118
87.0,0.06056300923228264,0.5522183775901794,0.42681124806404114,76.9982681274414,248.815185546875,38.0,49.0,0.12643678160919541,335.1933497536946,0.04747921798029555,218.12069702148438,-0.3183728218078613,0.9624783515930175,-0.018062405672204303,0.5,1779451306525838105
91.0,0.05640443414449692,0.5223991870880127,0.3852676451206207,71.74946594238281,231.5361785888672,43.0,48.0,0.054945054945054944,323.0186009538951,0.009433127980922152,319.9176025390625,-0.0002574920654296875,0.8968683242797851,-0.013484097260269709,0.5,1779451306559395189
81.0,0.05785970762372017,0.5356954336166382,0.40407198667526245,80.67198944091797,421.3039245605469,35.0,46.0,0.13580246913580246,352.3285714285714,0.1010267857142857,363.8289794921875,0.13696556091308593,1.0,0.0013714676350099556,0.5,1779451306592409495
73.0,0.02621840126812458,0.5408111810684204,0.40328094363212585,80.7110595703125,286.0279846191406,34.0,39.0,0.0684931506849315,355.1560975609756,0.1098628048780487,314.478759765625,-0.017253875732421875,1.0,0.017879145127176983,0.5,1779451306625632462
88.0,0.10922534018754959,0.5327526330947876,0.38977864384651184,71.59124755859375,211.02133178710938,38.0,50.0,0.13636363636363635,326.67695425142233,0.02086548203569478,242.42308044433594,-0.24242787361145018,0.8948905944824219,-0.009870036398855364,0.75,1779451306659221789
88.0,0.055437687784433365,0.5395686626434326,0.39099007844924927,71.0262451171875,211.14923095703125,42.0,46.0,0.045454545454545456,322.69444444444446,0.008420138888888928,243.82376098632812,-0.2380507469177246,0.8878280639648437,0.02672851340637839,0.5,1779451306692169597
86.0,0.08258125079980363,0.5712832855910834,0.4114291990016707,72.58776092529297,368.3924560546875,38.0,48.0,0.11627906976744186,340.38157894736844,0.06369243421052637,348.6646423339844,0.08957700729370117,0.9073470115661622,0.03006781661601436,1.0,1779451306725698913
88.0,0.04844718663668032,0.5564228453507991,0.39515065727893545,68.12919616699219,207.45361328125,36.0,52.0,0.18181818181818182,316.6666666666667,-0.010416666666666607,165.4499969482422,-0.4829687595367432,0.8516149520874023,0.0397459754235687,0.75,1779451306758374656
88.0,0.048214856535196304,0.573434054851532,0.4226069748401642,65.99507904052734,192.587646484375,36.0,52.0,0.18181818181818182,334.0991228070175,0.04405975877192976,216.1485595703125,-0.32453575134277346,0.8249384880065918,0.01001935262191372,0.75,1779451306792893373
83.0,-0.0013701965799555182,0.5230017900466919,0.3836015462875366,65.32073211669922,208.86598205566406,37.0,46.0,0.10843373493975904,309.5993961352657,-0.03250188707729471,166.0972900390625,-0.4809459686279297,0.8165091514587403,-1.2809053843190406,0.5,1779451306826446378
95.0,0.02436959184706211,0.593665361404419,0.4532375931739807,65.10828399658203,159.4521942138672,40.0,55.0,0.15789473684210525,326.17857142857144,0.019308035714285764,361.7427978515625,0.1304462432861328,0.8138535499572754,0.10475398273242292,0.75,1779451306858889457
85.0,0.004181450232863426,0.5508244633674622,0.40253040194511414,66.14421844482422,164.26806640625,36.0,49.0,0.15294117647058825,300.09483793517404,-0.06220363145258112,259.22711181640625,-0.18991527557373047,0.8268027305603027,0.08145944806277826,0.5,1779451306892333736
91.0,-0.019292546436190605,0.5833459496498108,0.4292254149913788,67.59244537353516,188.8306121826172,38.0,53.0,0.16483516483516483,306.22898836954136,-0.043034411345183265,335.07855224609375,0.04712047576904297,0.8449055671691894,0.11153034861543495,0.75,1779451306926487531
90.0,-0.004409300163388252,0.5427045822143555,0.38716253638267517,64.44146728515625,137.5354461669922,44.0,46.0,0.022222222222222223,306.5191538021727,-0.04212764436821033,299.2333984375,-0.0648956298828125,0.8055183410644531,0.06949193673944097,0.5,1779451306959231152
88.0,0.012714451868198225,0.615594256185679,0.4577346563628209,66.1123046875,145.34442138671875,42.0,46.0,0.045454545454545456,326.1981092436975,0.019369091386554693,374.888427734375,0.17152633666992187,0.82640380859375,0.058501640159414045,1.0,1779451306993236606
82.0,0.013564394786953926,0.5910961627960205,0.4367843270301819,64.61006927490234,151.40013122558594,45.0,37.0,-0.0975609756097561,320.3880952380953,0.0012127976190477341,286.59014892578125,-0.10440578460693359,0.8076258659362793,0.027663949244537744,0.5,1779451307025908793
83.0,-0.021565202623605728,0.5839729309082031,0.4347008764743805,68.95124053955078,144.2775115966797,41.0,42.0,0.012048192771084338,331.3368902439024,0.035427782012195055,268.7459411621094,-0.1601689338684082,0.8618905067443847,0.031025093491247654,0.5,1779451307059537941
78.0,0.0034504644572734833,0.5645204186439514,0.4072398841381073,67.33686828613281,134.37261962890625,34.0,44.0,0.1282051282051282,314.1731601731602,-0.018208874458874293,444.90631103515625,0.3903322219848633,0.8417108535766602,0.025723748646181044,0.5,1779451307092495272
77.0,0.044643256813287735,0.5637754797935486,0.4047508239746094,71.98517608642578,162.37303161621094,40.0,37.0,-0.03896103896103896,282.5,-0.1171875,330.9347839355469,0.03417119979858398,0.8998147010803222,-1.1816852595727254,1.0,1779451307126429468
70.0,0.02544870413839817,0.5682704448699951,0.4081289768218994,73.25711822509766,149.33518981933594,36.0,34.0,-0.02857142857142857,278.4279815892785,-0.12991255753350472,218.36000061035156,-0.3176249980926514,0.9157139778137207,0.0380556601874583,0.5,1779451307159496514
67.0,0.059585947543382645,0.5999878644943237,0.451691597700119,73.13758087158203,180.224853515625,32.0,35.0,0.04477611940298507,302.4978991596639,-0.05469406512605026,221.654296875,-0.307330322265625,0.9142197608947754,-1.1910103371217713,1.0,1779451307192853007
63.0,0.04026540741324425,0.6431646347045898,0.49002668261528015,70.66754150390625,146.49232482910156,28.0,35.0,0.1111111111111111,299.9757751937985,-0.06257570251937974,258.56158447265625,-0.1919950485229492,0.8833442687988281,-0.022870117359010397,1.0,1779451307226576299
65.0,0.011314723640680313,0.6196707487106323,0.4716182351112366,71.36392211914062,181.22361755371094,33.0,32.0,-0.015384615384615385,303.54545454545456,-0.0514204545454545,410.8474426269531,0.28389825820922854,0.8920490264892578,0.013976335991107097,0.75,1779451307258496274
60.0,0.03558582067489624,0.6211413741111755,0.48700687289237976,73.5691909790039,180.27755737304688,28.0,32.0,0.06666666666666667,302.48395374080167,-0.05473764455999479,295.79803466796875,-0.07563114166259766,0.9196148872375488,0.018480666703457403,0.5,1779451307292146002
67.0,0.09299945831298828,0.6364195942878723,0.5041775107383728,68.6702880859375,161.6075439453125,30.0,37.0,0.1044776119402985,306.98127090301,-0.04068352842809375,257.32977294921875,-0.1958444595336914,0.8583786010742187,0.005345238748673965,0.75,1779451307325524604
63.0,0.14886002242565155,0.6367275714874268,0.5153969526290894,67.64092254638672,183.2730255126953,25.0,38.0,0.20634920634920634,304.48314127187365,-0.048490183525394845,312.85528564453125,-0.022327232360839843,0.845511531829834,0.011261435480931522,0.75,1779451307358475731
60.0,0.04215612635016441,0.5867406129837036,0.43077799677848816,65.76881408691406,185.27008056640625,28.0,32.0,0.06666666666666667,318.40442561205276,-0.004986169962335118,328.90350341796875,0.027823448181152344,0.8221101760864258,0.004765726774355695,0.5,1779451307392814320
49.0,0.04897667467594147,0.6904110312461853,0.5301429033279419,84.47981262207031,176.4086151123047,24.0,25.0,0.02040816326530612,307.96875,-0.03759765625,297.14959716796875,-0.07140750885009765,1.0,-0.051039436892646395,1.0,1779451307425549345
55.0,0.07193737477064133,0.6423742175102234,0.48397296667099,72.35037231445312,178.40403747558594,25.0,30.0,0.09090909090909091,316.7675438596491,-0.010101425438596578,311.7593994140625,-0.025751876831054687,0.9043796539306641,-0.04093160531699347,0.75,1779451307458425143
62.0,0.05072474479675293,0.6795530319213867,0.5114878416061401,72.22527313232422,190.26296997070312,29.0,33.0,0.06451612903225806,317.6414835164835,-0.00737036401098905,345.62274169921875,0.0800710678100586,0.9028159141540527,-0.023740865161364214,1.0,1779451307491415826
51.0,0.034951500594615936,0.6667491793632507,0.5047788023948669,72.45368194580078,188.4489288330078,23.0,28.0,0.09803921568627451,304.0,-0.05,315.76898193359375,-0.013221931457519532,0.9056710243225098,-0.015648263737876242,0.75,1779451307529895591
39.0,0.03179510682821274,0.699759304523468,0.5389346480369568,83.4078140258789,194.43507385253906,17.0,22.0,0.1282051282051282,291.12490407261373,-0.09023467477308209,316.40484619140625,-0.011234855651855469,1.0,-0.013691295243169335,0.75,1779451307559050098
50.0,-0.017737438902258873,0.6711560487747192,0.5187910199165344,79.18016815185547,202.24737548828125,26.0,24.0,-0.04,291.95,-0.08765625000000003,312.36138916015625,-0.02387065887451172,0.9897521018981934,-0.060646775910057016,0.75,1779451307592044609
47.0,-0.09142065793275833,0.7139970660209656,0.5610257387161255,80.76371002197266,208.29066467285156,28.0,19.0,-0.19148936170212766,244.36666666666665,-0.23635416666666673,317.517578125,-0.007757568359375,1.0,-0.004773286041934229,1.0,1779451307625651545
40.0,-0.022665509954094887,0.7674236297607422,0.6273922920227051,94.73988342285156,209.28927612304688,21.0,19.0,-0.05,328.26733954451345,0.025835436076604525,319.66864013671875,-0.0010354995727539062,1.0,-0.00016250944074773597,1.0,1779451307658673043
36.0,-0.04824361577630043,0.7593981623649597,0.6237180233001709,93.47718048095703,210.28790283203125,19.0,17.0,-0.05555555555555555,331.2945205479452,0.0352953767123287,314.8122863769531,-0.016211605072021483,1.0,-0.04565777224761561,0.75,1779451307691936978
42.0,0.03309562802314758,0.7577945590019226,0.6206751465797424,85.04713439941406,229.31419372558594,20.0,22.0,0.047619047619047616,301.7524023717031,-0.057023742588427774,324.77447509765625,0.014920234680175781,1.0,-0.05871204967146211,0.75,1779451307724903119
46.0,-0.012732207775115967,0.731207549571991,0.5574072599411011,79.9112777709961,216.2799072265625,22.0,24.0,0.043478260869565216,332.06889333538555,0.037715291673079854,258.31402587890625,-0.19276866912841797,0.9988909721374511,-0.04203509161766064,1.0,1779451307758283032
46.0,-0.11273793876171112,0.7917327880859375,0.6394286155700684,79.02278900146484,212.28518676757812,25.0,21.0,-0.08695652173913043,318.3998786407767,-0.005000379247572795,319.8671875,-0.0004150390625,0.9877848625183105,-0.001036557753915427,1.0,1779451307791859232
52.0,-0.0450013130903244,0.7502251267433167,0.5698648691177368,80.6519775390625,218.27734375,27.0,25.0,-0.038461538461538464,315.2771378672025,-0.014758944164992193,320.9644775390625,0.0030139923095703126,1.0,-0.05273039925050563,1.0,1779451307825325225
51.0,0.029369965195655823,0.7081122994422913,0.5177782773971558,89.62061309814453,221.16510009765625,29.0,22.0,-0.13725490196078433,325.1364512839529,0.01605141026235284,310.71356201171875,-0.029020118713378906,1.0,-0.07828540058390716,1.0,1779451307857858643
64.0,0.04946038872003555,0.6596819162368774,0.47049468755722046,77.38984680175781,221.16510009765625,36.0,28.0,-0.125,336.8316430020284,0.05259888438133871,286.53314208984375,-0.10458393096923828,0.9673730850219726,-0.07571948574577364,1.0,1779451307891849394
65.0,-0.05682399868965149,0.6096952557563782,0.39964261651039124,76.20144653320312,219.0,43.0,22.0,-0.3230769230769231,317.4637651821862,-0.007925733805668144,393.258056640625,0.22893142700195312,0.952518081665039,-0.0548019055508578,1.0,1779451307926132308
62.0,0.12203032523393631,0.5972484350204468,0.4137934446334839,78.3745346069336,217.27862548828125,33.0,29.0,-0.06451612903225806,325.7735011721516,0.018042191162973786,403.873779296875,0.26210556030273435,0.9796816825866699,-0.07427373092304543,1.0,1779451307959742258
63.0,-0.004314224701374769,0.5882204174995422,0.36760881543159485,79.76390075683594,208.197021484375,37.0,26.0,-0.1746031746031746,314.2367149758454,-0.018010265700483075,407.4142150878906,0.2731694221496582,0.9970487594604492,-0.04344992231260201,1.0,1779451307992316416
67.0,0.07844159752130508,0.591172993183136,0.3917063772678375,73.6419677734375,209.28927612304688,35.0,32.0,-0.04477611940298507,331.2254936843978,0.03507966776374314,436.25,0.36328125,0.9205245971679688,-0.0714367960741087,1.0,1779451308025918962
54.0,0.017914297059178352,0.6973485350608826,0.5271977782249451,73.71696472167969,209.28927612304688,21.0,33.0,0.2222222222222222,332.6598143236074,0.03956191976127314,393.4829406738281,0.22963418960571289,0.9214620590209961,-0.007428380853135946,1.0,1779451308058984545
50.0,0.07349813729524612,0.6293990015983582,0.47946470975875854,77.07758331298828,201.8043670654297,20.0,30.0,0.2,329.724730458221,0.03038978268194068,399.2015686035156,0.24750490188598634,0.9634697914123536,-1.3674406222748985,0.5,1779451308091947429
50.0,0.013718868605792522,0.7170384526252747,0.5399740934371948,80.16720581054688,206.041259765625,23.0,27.0,0.08,322.5770543453209,0.008053294829127821,395.0067138671875,0.23439598083496094,1.0,0.0025531391114597124,1.0,1779451308124818532
43.0,-0.02880283258855343,0.7111605405807495,0.5384208559989929,85.31878662109375,215.33462524414062,21.0,22.0,0.023255813953488372,316.7391304347826,-0.010190217391304301,301.54901123046875,-0.057659339904785153,1.0,0.018565595212133083,0.75,1779451308158477103
41.0,-0.12318795919418335,0.7012377381324768,0.5159044861793518,85.36372375488281,213.28384399414062,24.0,17.0,-0.17073170731707318,317.23760683760685,-0.008632478632478601,295.2342224121094,-0.0773930549621582,1.0,0.03923274181072453,1.0,1779451308192670118
49.0,0.007869469933211803,0.6953809857368469,0.512417197227478,80.18696594238281,222.31959533691406,25.0,24.0,-0.02040816326530612,275.14738360170475,-0.14016442624467268,295.2768249511719,-0.07725992202758789,1.0,0.010797119670488804,1.0,1779451308224970831
33.0,-0.03200903907418251,0.7610301375389099,0.6024329662322998,115.88253021240234,289.1729736328125,18.0,15.0,-0.09090909090909091,282.30158392716623,-0.11780755022760551,296.4988098144531,-0.07344121932983398,1.0,-0.017860660163155802,1.0,1779451308258830359
41.0,-0.021269623190164566,0.6952075362205505,0.5151525139808655,103.22278594970703,225.88714599609375,23.0,18.0,-0.12195121951219512,293.43303899926417,-0.08302175312729947,294.75006103515625,-0.07890605926513672,1.0,-0.05017545763051715,1.0,1779451308292197385
44.0,-0.026430856436491013,0.6393879055976868,0.4522959887981415,88.0815200805664,233.69210815429688,23.0,21.0,-0.045454545454545456,278.3631168831169,-0.13011525974025967,349.6300048828125,0.09259376525878907,1.0,-0.017413464070864325,0.75,1779451308325393001
46.0,0.0797693133354187,0.6189507842063904,0.4461940824985504,82.12307739257812,211.28652954101562,23.0,23.0,0.0,278.89432835820895,-0.12845522388059702,364.7531433105469,0.139853572845459,1.0,-0.04371117029193739,0.75,1779451308358371905
38.0,-0.009695587679743767,0.7049885392189026,0.5260388255119324,105.442138671875,310.1612548828125,21.0,17.0,-0.10526315789473684,283.8460645829159,-0.11298104817838776,300.7787780761719,-0.06006631851196289,1.0,-0.06306413495535984,1.0,1779451308392419420
36.0,-0.008691570721566677,0.7029694318771362,0.5206943154335022,109.77815246582031,261.26806640625,18.0,18.0,0.0,296.97027972027973,-0.07196787587412583,295.51971435546875,-0.07650089263916016,1.0,-0.03909590072197246,1.0,1779451308425357421
42.0,-0.030832940712571144,0.6648958325386047,0.46984562277793884,98.60067749023438,315.1920166015625,24.0,18.0,-0.14285714285714285,298.99387755102043,-0.06564413265306115,295.19097900390625,-0.07752819061279297,1.0,-0.06955867660803791,1.0,1779451308459627378
43.0,0.06542252749204636,0.6013038754463196,0.411083847284317,90.71997833251953,273.3093566894531,16.0,27.0,0.2558139534883721,302.5238086933413,-0.054613097833308366,381.0440673828125,0.19076271057128907,1.0,-0.07671668089267872,0.75,1779451308493451769
37.0,0.01415177620947361,0.6330201029777527,0.4469365179538727,106.33879089355469,299.16717529296875,17.0,20.0,0.08108108108108109,285.46581196581195,-0.10791933760683765,343.7425537109375,0.07419548034667969,1.0,-0.08486517463850277,0.75,1779451308524488217
37.0,-0.020943883806467056,0.5619871020317078,0.37220755219459534,101.40849304199219,281.1138610839844,17.0,20.0,0.08108108108108109,293.38328912466847,-0.08317722148541104,381.48187255859375,0.19213085174560546,1.0,-0.05124845036987185,0.5,1779451308558323043
34.0,0.056292712688446045,0.6118007898330688,0.4407859742641449,113.05426025390625,302.3722839355469,16.0,18.0,0.058823529411764705,295.9897326542301,-0.07503208545553086,297.23486328125,-0.07114105224609375,1.0,-0.05411675601437631,0.5,1779451308593652743
38.0,-0.0638875663280487,0.5716627240180969,0.3903687000274658,101.2710189819336,303.041259765625,20.0,18.0,-0.05263157894736842,275.84376417233557,-0.13798823696145135,303.0460510253906,-0.052981090545654294,1.0,-0.07422133599803293,0.5,1779451308624777798
45.0,-0.0019701719284057617,0.643429160118103,0.4631304442882538,92.99931335449219,312.2579040527344,25.0,20.0,-0.1111111111111111,280.38685720293165,-0.12379107124083859,322.3814392089844,0.007441997528076172,1.0,-0.07594750748560618,1.0,1779451308658594424
41.0,0.04048638790845871,0.5977141857147217,0.40009745955467224,91.17325592041016,262.0114440917969,15.0,26.0,0.2682926829268293,279.52338129496405,-0.12648943345323732,384.9246520996094,0.2028895378112793,1.0,-0.12447015032185091,0.75,1779451308692308829
43.0,-0.039260488003492355,0.648303210735321,0.4488832354545593,93.58663940429688,311.5894775390625,23.0,20.0,-0.06976744186046512,302.5957435459782,-0.05438830141881805,296.8141174316406,-0.07245588302612305,1.0,-0.08558359173534826,1.0,1779451308725165570
45.0,-0.0347825633955808,0.6655691335915076,0.4721593109296946,97.07159423828125,287.83502197265625,22.0,23.0,0.022222222222222223,312.666586743393,-0.02291691642689688,315.60675048828125,-0.013728904724121093,1.0,-0.08610748476481588,1.0,1779451308758482272
40.0,-0.048350147902965546,0.5777136087417603,0.39609742164611816,107.50785064697266,281.6025695800781,20.0,20.0,0.0,303.1802722349974,-0.052561649265633115,385.599365234375,0.20499801635742188,1.0,-0.07244715605862884,0.5,1779451308791954442
44.0,0.03526028711625004,0.6486119232908037,0.4456819944449977,100.53516387939453,302.3722839355469,22.0,22.0,0.0,292.7202762038586,-0.08524913686294192,294.42626953125,-0.07991790771484375,1.0,-0.09625580196000856,1.0,1779451308825379725
52.0,0.09644373646473457,0.6425028144053898,0.43836601053903684,89.86630249023438,306.6088562011719,23.0,29.0,0.11538461538461539,294.46806649168855,-0.07978729221347329,293.50347900390625,-0.08280162811279297,1.0,-0.10735684870224714,1.0,1779451308862602883
40.0,0.05494643375277519,0.6483884453773499,0.45688629150390625,104.07633209228516,312.16021728515625,17.0,23.0,0.15,282.7070800834462,-0.11654037473923058,296.21453857421875,-0.0743295669555664,1.0,-0.12080939418517848,1.0,1779451308899395335
52.0,0.027146756364793887,0.6256796012024579,0.3971381369428441,85.24641418457031,297.3919982910156,22.0,30.0,0.15384615384615385,293.46280068728527,-0.08292874785223354,297.54595947265625,-0.07016887664794921,1.0,-0.12133927034224624,1.0,1779451308929001900
54.0,0.037707890869057986,0.541394727451062,0.3265264472015358,77.96142578125,301.62890625,20.0,34.0,0.25925925925925924,314.65221071981426,-0.016711841500580426,288.6334228515625,-0.09802055358886719,0.974517822265625,-0.09837566446032528,0.75,1779451308961206537
37.0,0.0935470505675579,0.6096988563719417,0.41025631608316887,106.1991195678711,288.9186706542969,15.0,22.0,0.1891891891891892,314.64102564102564,-0.01674679487179489,214.5794677734375,-0.3294391632080078,1.0,-0.10263729520228934,0.75,1779451308993542877
40.0,0.1866625764498374,0.6324753933437033,0.4397894740195832,109.22998046875,300.96014404296875,17.0,23.0,0.15,314.6769391273927,-0.016634565226897814,245.612548828125,-0.23246078491210936,1.0,-0.11059048142567202,1.0,1779451309026446037
49.0,0.03499109670519829,0.5869726538658142,0.3954025208950043,90.32864379882812,285.8426208496094,17.0,32.0,0.30612244897959184,302.7811528503018,-0.053808897342806895,214.88771057128906,-0.3284759044647217,1.0,-0.09244584975761037,0.75,1779451309058320544
51.0,0.08260611963807166,0.5825262588576795,0.3625399615736315,80.54889678955078,282.5260925292969,23.0,28.0,0.09803921568627451,314.5036306509046,-0.017176154215923133,291.1933898925781,-0.09002065658569336,1.0,-0.09767844446881327,1.0,1779451309091873964
49.0,0.06636462509119892,0.5031656782066636,0.31123036686198946,92.07487487792969,286.7629699707031,24.0,25.0,0.02040816326530612,303.09568321973387,-0.05282598993833165,292.47186279296875,-0.08602542877197265,1.0,-0.10443143885758124,0.5,1779451309125670148
53.0,0.13367792085834074,0.5603495952542576,0.3853844448548199,92.94688415527344,288.9186706542969,23.0,30.0,0.1320754716981132,294.1309523809524,-0.08084077380952373,290.0606689453125,-0.09356040954589843,1.0,-0.09441016956868405,0.75,1779451309158508513
44.0,0.12641600794858435,0.611861301317938,0.43992062425517103,95.83804321289062,283.9383850097656,17.0,27.0,0.22727272727272727,289.3519662921348,-0.0957751053370787,294.4151611328125,-0.07995262145996093,1.0,-0.10524973569615526,0.75,1779451309192152530
54.0,0.07795007154570589,0.5923932552518274,0.4213172918277086,93.37850952148438,274.05291748046875,22.0,32.0,0.18518518518518517,308.56346517491335,-0.03573917132839579,393.8127136230469,0.23066473007202148,1.0,-0.14307086625696727,0.75,1779451309225473155
48.0,0.1926807900527978,0.5936247659616719,0.42381099576849385,85.96662139892578,247.52374267578125,20.0,28.0,0.16666666666666666,330.90350732070476,0.03407346037720238,397.7980651855469,0.243118953704834,1.0,-0.16255657017858532,1.0,1779451309258884055
63.0,0.09355957235683443,0.5468828612740285,0.37940239111184043,80.46012115478516,249.6577606201172,23.0,40.0,0.2698412698412698,312.0707390410853,-0.02477894049660847,246.98870849609375,-0.22816028594970703,1.0,-0.11589905267282619,0.5,1779451309292007558
46.0,0.09935039103943256,0.5587867433241726,0.38416959418491065,93.21765899658203,342.1768493652344,21.0,25.0,0.08695652173913043,312.17857142857144,-0.024441964285714234,289.4915771484375,-0.09533882141113281,1.0,-0.11461995763788543,0.5,1779451309325502432
51.0,0.12400154877638497,0.5308121803008479,0.32661657800972843,74.82999420166016,289.2490234375,23.0,28.0,0.09803921568627451,321.45159151193633,0.0045362234748010264,401.06646728515625,0.25333271026611326,0.9353749275207519,-0.0954312325775272,0.75,1779451309358665580
54.0,0.14507325335545482,0.5548006093763044,0.353193478352856,82.29525756835938,282.78082275390625,25.0,29.0,0.07407407407407407,299.76652636123254,-0.06322960512114832,295.0,-0.078125,1.0,-0.1515932550411357,1.0,1779451309391372115
39.0,0.16527504949761243,0.6036482445327335,0.4123133388290853,108.30998229980469,294.2108154296875,14.0,25.0,0.28205128205128205,313.7820945945946,-0.01943095439189193,221.60714721679688,-0.3074776649475098,1.0,-0.12236095317032639,0.75,1779451309426630494
47.0,0.09797987341880798,0.4834950864315033,0.2824527621269226,91.34200286865234,297.0387268066406,20.0,27.0,0.14893617021276595,322.3562951496388,0.007363422342621284,222.10751342773438,-0.30591402053833006,1.0,-0.1467494346941025,0.5,1779451309460146599
55.0,0.16082747551748874,0.5606128869065603,0.33404196487894644,82.0736083984375,299.1471252441406,18.0,37.0,0.34545454545454546,316.5,-0.0109375,191.30499267578125,-0.4021718978881836,1.0,-0.19557650089462053,1.0,1779451309491939524
55.0,0.05609234930439429,0.5542823402646834,0.3299173032739794,83.51763916015625,282.8745422363281,22.0,33.0,0.2,306.5888019874862,-0.04190999378910565,197.24774169921875,-0.3836008071899414,1.0,-0.2122061527730342,1.0,1779451309525840013
38.0,0.10949844866991043,0.5797885656356812,0.4037972390651703,100.73959350585938,262.274658203125,13.0,25.0,0.3157894736842105,314.2549019607843,-0.017953431372549032,299.6811828613281,-0.0634963035583496,1.0,-0.1432577928130385,0.5,1779451309558489146
58.0,0.018999013933176347,0.5646583954686847,0.3369473143329942,81.74148559570312,256.0078125,22.0,36.0,0.2413793103448276,315.2791838678945,-0.014752550412829635,272.48541259765625,-0.1484830856323242,1.0,-0.15892594384859862,1.0,1779451309591952792
57.0,0.05540439721998325,0.5230118029983185,0.3123377249189,79.19599914550781,263.0304260253906,26.0,31.0,0.08771929824561403,305.0692307692308,-0.046658653846153794,191.03863525390625,-0.40300426483154295,0.9899499893188477,-0.1479556442243601,0.75,1779451309625345934
56.0,0.06572011858224869,0.548682689666748,0.350978821516037,90.1220474243164,234.61671447753906,23.0,33.0,0.17857142857142858,315.5,-0.0140625,228.13638305664062,-0.28707380294799806,1.0,-0.17969662847830026,0.75,1779451309657966946
50.0,-0.011324862018227577,0.5697844624519348,0.3945350646972656,96.2158203125,232.1378936767578,25.0,25.0,0.0,313.73333333333335,-0.019583333333333286,237.6342010498047,-0.25739312171936035,1.0,-0.151510589014632,0.5,1779451309692406171
59.0,0.10490043461322784,0.56218022108078,0.3693218231201172,81.66975402832031,270.7397155761719,26.0,33.0,0.11864406779661017,315.04213483146066,-0.015493328651685446,292.8076477050781,-0.08497610092163085,1.0,-0.1919254490399617,1.0,1779451309725497118
59.0,0.13935991806405912,0.5701664524361039,0.3705588708025705,85.24535369873047,278.6000671386719,24.0,35.0,0.1864406779661017,316.0,-0.0125,291.51080322265625,-0.08902873992919921,1.0,-0.15544805213555332,1.0,1779451309758347430
53.0,0.0860840361588284,0.5643360480904976,0.3702331592685649,90.29060363769531,304.055908203125,25.0,28.0,0.05660377358490566,305.8181818181818,-0.04431818181818183,239.01126098632812,-0.25308980941772463,1.0,-0.18242419221854234,0.75,1779451309791790985
55.0,0.09045777469873428,0.49990472197532654,0.32893162965774536,87.99462890625,304.055908203125,21.0,34.0,0.23636363636363636,314.8372093023256,-0.016133720930232444,203.68763732910156,-0.3634761333465576,1.0,-0.19747313654000156,0.5,1779451309824929949
54.0,0.13002142310142517,0.5476607084274292,0.3719460666179657,95.38074493408203,295.5706481933594,21.0,33.0,0.2222222222222222,315.25,-0.01484375,411.6666564941406,0.28645830154418944,1.0,-0.15534062882190283,0.75,1779451309858561706
48.0,0.12984196841716766,0.5108133554458618,0.3273217976093292,100.58048248291016,302.6416931152344,16.0,32.0,0.3333333333333333,315.2743902439024,-0.014767530487804947,293.013427734375,-0.08433303833007813,1.0,-0.2101371638037524,0.75,1779451309892675606
50.0,0.111583411693573,0.5075528025627136,0.33537712693214417,99.49505615234375,304.055908203125,18.0,32.0,0.28,315.8099856321839,-0.013093794899425326,195.07574462890625,-0.39038829803466796,1.0,-0.1683623797625823,0.5,1779451309925363755
51.0,0.019156010821461678,0.5311251878738403,0.33694395422935486,94.54420471191406,278.2265319824219,23.0,28.0,0.09803921568627451,316.7181818181818,-0.010255681818181905,177.15579223632812,-0.44638814926147463,1.0,-0.16908579357730424,0.5,1779451309958622241
57.0,0.08039703965187073,0.5430507063865662,0.3680739104747772,94.48529052734375,278.2265319824219,23.0,34.0,0.19298245614035087,313.81089743589746,-0.01934094551282044,245.89393615722656,-0.231581449508667,1.0,-0.22143217849624122,0.75,1779451309991747588
58.0,0.16101115942001343,0.4468565881252289,0.29366758465766907,87.89681243896484,301.22747802734375,19.0,39.0,0.3448275862068966,354.83653846153845,0.10886418269230766,186.54690551757812,-0.41704092025756834,1.0,-0.1694352004572656,0.5,1779451310025579078
60.0,0.11734391748905182,0.49146759510040283,0.30671435594558716,87.8224105834961,299.8132629394531,21.0,39.0,0.3,317.75,-0.00703125,238.5990753173828,-0.2543778896331787,1.0,-0.20174703091200574,0.75,1779451310059994137
61.0,0.07609719783067703,0.4728730320930481,0.28882935643196106,87.3204116821289,260.1095886230469,22.0,39.0,0.2786885245901639,318.5,-0.0046875,264.0572814941406,-0.17482099533081055,1.0,-0.19571172293542405,0.5,1779451310092206865
57.0,0.08315620571374893,0.5443530678749084,0.35734063386917114,91.47930908203125,259.4532775878906,23.0,34.0,0.19298245614035087,360.6868686868687,0.1271464646464647,391.4942932128906,0.2234196662902832,1.0,1.3386294677557948,1.0,1779451310125351573
67.0,0.08390358090400696,0.5236156582832336,0.34915855526924133,80.85427856445312,257.28778076171875,25.0,42.0,0.2537313432835821,341.72717662886794,0.06789742696521231,268.7521057128906,-0.1601496696472168,1.0,-0.21161499524632615,0.75,1779451310159155118
69.0,0.040740709751844406,0.48275327682495117,0.30688127875328064,77.22453308105469,269.4085998535156,29.0,40.0,0.15942028985507245,368.5,0.1515625,451.0,0.409375,0.9653066635131836,-0.18962566467099623,0.5,1779451310191221731
68.0,0.07188405096530914,0.5164117217063904,0.3362973630428314,83.86113739013672,274.4048156738281,27.0,41.0,0.20588235294117646,360.125,0.125390625,177.69898986816406,-0.4446906566619873,1.0,-0.2205077058142631,0.75,1779451310225505992
72.0,-0.0078435642644763,0.501609742641449,0.3101785182952881,78.12430572509766,276.588134765625,30.0,42.0,0.16666666666666666,342.2506493506494,0.06953327922077931,419.5555419921875,0.3111110687255859,0.9765538215637207,-0.25588573593821146,0.75,1779451310258403155
62.0,0.08496377617120743,0.45648786425590515,0.29091426730155945,89.47026062011719,277.21832275390625,22.0,40.0,0.2903225806451613,321.21350931677017,0.003792216614906785,185.997314453125,-0.4187583923339844,1.0,-0.19895321414017736,0.5,1779451310291954380
63.0,0.07049645483493805,0.4778962731361389,0.3059837520122528,86.35775756835938,276.588134765625,22.0,41.0,0.30158730158730157,318.81714285714287,-0.0036964285714285337,228.42501831054688,-0.28617181777954104,1.0,-0.19400334068462866,0.5,1779451310324721050
65.0,0.08480923622846603,0.4744158685207367,0.30622896552085876,90.42605590820312,276.588134765625,26.0,39.0,0.2,355.11409344059405,0.10973154200185639,440.7930908203125,0.37747840881347655,1.0,-0.19957230481110227,0.5,1779451310358265682
57.0,0.11854740977287292,0.47295835614204407,0.3072037398815155,98.44892120361328,298.4526672363281,20.0,37.0,0.2982456140350877,362.5282534246575,0.13290079195205476,290.37054443359375,-0.09259204864501953,1.0,-0.20210887746520076,0.5,1779451310392002051
66.0,0.0259016752243042,0.46024298667907715,0.2736329436302185,86.2951431274414,298.4526672363281,28.0,38.0,0.15151515151515152,337.11176357335387,0.05347426116673084,176.79513549804688,-0.4475152015686035,1.0,-0.20072540213514625,0.5,1779451310425685781
65.0,0.08186983317136765,0.4873723089694977,0.3152027428150177,94.67390441894531,298.4526672363281,24.0,41.0,0.26153846153846155,354.78600405679515,0.10870626267748484,193.0247344970703,-0.39679770469665526,1.0,-0.19703376414941262,0.5,1779451310458053635
67.0,0.07225736230611801,0.44814491271972656,0.2663803696632385,84.95957946777344,298.4526672363281,23.0,44.0,0.31343283582089554,341.58015230383654,0.06743797594948919,185.97674560546875,-0.4188226699829102,1.0,-0.20489866251239972,0.5,1779451310490764013
71.0,0.050405777990818024,0.44625645875930786,0.26812225580215454,79.12129211425781,297.73309326171875,24.0,47.0,0.323943661971831,332.6843995796826,0.03963874868650805,153.97467041015625,-0.5188291549682618,0.9890161514282226,-0.20279005535915023,0.5,1779451310526842654
66.0,0.04901434853672981,0.46963992714881897,0.2875336706638336,85.2533950805664,298.4526672363281,25.0,41.0,0.24242424242424243,365.8581699346405,0.14330678104575156,168.32614135742188,-0.47398080825805666,1.0,-0.2070744130451863,0.5,1779451310558741786
67.0,0.04157916083931923,0.4815122187137604,0.3181561231613159,83.45906829833984,263.7972717285156,26.0,41.0,0.22388059701492538,362.284375,0.13213867187500003,248.97857666015625,-0.22194194793701172,1.0,-0.22310428021424233,0.5,1779451310591616367
70.0,0.03049405664205551,0.47249436378479004,0.29666662216186523,75.10973358154297,294.2108154296875,30.0,40.0,0.14285714285714285,344.7663553354646,0.07739486042332686,423.28179931640625,0.3227556228637695,0.9388716697692872,-0.2201659008345077,0.5,1779451310625200476
68.0,0.008822520263493061,0.48769068717956543,0.31586045026779175,76.09654998779297,228.9738006591797,24.0,44.0,0.29411764705882354,362.27993348115297,0.132124792128603,439.86376953125,0.37457427978515623,0.9512068748474121,-0.2335961561135027,0.5,1779451310659233147
68.0,0.019876834005117416,0.49836811423301697,0.32580238580703735,76.07429504394531,242.86004638671875,28.0,40.0,0.17647058823529413,367.0,0.146875,384.80902099609375,0.20252819061279298,0.9509286880493164,-0.2297547820952078,0.5,1779451310692422923
73.0,0.037631262093782425,0.5022494792938232,0.332512766122818,73.22246551513672,270.6621398925781,30.0,43.0,0.1780821917808219,364.25,0.13828125,339.48492431640625,0.06089038848876953,0.915280818939209,-0.28780561787885983,0.75,1779451310724791940
64.0,0.046044833958148956,0.504972517490387,0.3349165916442871,80.11638641357422,270.6621398925781,23.0,41.0,0.28125,366.31888156345656,0.14474650488580174,388.87109375,0.21522216796875,1.0,-0.2134680423554615,0.5,1779451310758544865
69.0,0.06218014657497406,0.5008559823036194,0.3343178927898407,75.07086944580078,272.85345458984375,26.0,43.0,0.2463768115942029,343.45436507936506,0.07329489087301581,400.8447570800781,0.2526398658752441,0.9383858680725098,-0.2475595628888845,0.5,1779451310792619733
59.0,0.0576634556055069,0.5093180537223816,0.32936525344848633,87.0862045288086,269.25823974609375,21.0,38.0,0.288135593220339,334.9950704225352,0.04685959507042252,451.71197509765625,0.41159992218017577,1.0,-0.260286975107991,0.5,1779451310826299517
66.0,0.08712493628263474,0.4774013161659241,0.30614012479782104,80.54795837402344,272.85345458984375,25.0,41.0,0.24242424242424243,375.64057465091304,0.17387679578410326,242.38601684570312,-0.24254369735717773,1.0,-0.2376364450670736,0.5,1779451310857896940
66.0,0.03203817084431648,0.48025059700012207,0.2954988181591034,73.91170501708984,272.3912658691406,22.0,44.0,0.3333333333333333,381.53703703703707,0.19230324074074084,228.09439086914062,-0.28720502853393554,0.923896312713623,-0.23112722862125992,0.5,1779451310894584708
59.0,0.050811443477869034,0.48844102025032043,0.3105151057243347,80.98593139648438,290.0827331542969,23.0,36.0,0.22033898305084745,410.06560283687946,0.2814550088652483,156.12185668945312,-0.512119197845459,1.0,-0.254155094726113,0.5,1779451310926759913
65.0,0.08557317405939102,0.5027996301651001,0.3268403112888336,74.39270782470703,282.2853088378906,24.0,41.0,0.26153846153846155,323.1742424242424,0.009919507575757436,212.63182067871094,-0.3355255603790283,0.9299088478088379,-0.2398685110114217,0.5,1779451310959709241
63.0,0.09569000452756882,0.45506539940834045,0.2760760188102722,71.87925720214844,294.32293701171875,22.0,41.0,0.30158730158730157,328.25980578827114,0.025811893088347304,147.53680419921875,-0.5389474868774414,0.8984907150268555,-0.2634506405484379,0.5,1779451310991708356
56.0,0.13525566458702087,0.4962863028049469,0.3286941349506378,83.64385986328125,293.64093017578125,18.0,38.0,0.35714285714285715,330.0906745473309,0.03153335796040899,293.555908203125,-0.08263778686523438,1.0,-0.2775626863843396,0.5,1779451311024772268
53.0,0.1444074809551239,0.5095643401145935,0.32915449142456055,82.18988037109375,294.32293701171875,19.0,34.0,0.2830188679245283,319.1898148148148,-0.002531828703703809,270.00103759765625,-0.15624675750732422,1.0,-0.25549758007622947,0.5,1779451311058224662
55.0,0.1267244666814804,0.5047140121459961,0.33384019136428833,81.91746520996094,294.32293701171875,20.0,35.0,0.2727272727272727,331.2230483656877,0.03507202614277407,150.45449829101562,-0.5298296928405761,1.0,-0.2713575021857739,0.5,1779451311091771161
63.0,0.09544418007135391,0.4791835844516754,0.2881533205509186,71.60647583007812,292.9095458984375,27.0,36.0,0.14285714285714285,307.65666502705363,-0.03857292179045739,152.43099975585938,-0.5236531257629394,0.8950809478759766,-0.2643278382486572,0.5,1779451311125371189
59.0,0.09822521358728409,0.5099493265151978,0.33259153366088867,74.33922576904297,292.2276611328125,20.0,39.0,0.3220338983050847,303.9204531586869,-0.05024858387910349,210.8614044189453,-0.3410581111907959,0.9292403221130371,-0.2609523792237598,0.5,1779451311158713551
54.0,0.06959690898656845,0.4831210672855377,0.2888294756412506,81.64777374267578,290.8143615722656,23.0,31.0,0.14814814814814814,330.9443894920868,0.03420121716277134,342.4117431640625,0.07003669738769532,1.0,-0.2667909358178101,0.5,1779451311191632171
55.0,0.041054535657167435,0.5199648141860962,0.3403071463108063,76.85497283935547,292.2276611328125,23.0,32.0,0.16363636363636364,331.1855325914149,0.034954789348171644,300.83642578125,-0.05988616943359375,0.9606871604919434,-0.2958985979408994,0.5,1779451311225215321
59.0,0.01586640253663063,0.462576299905777,0.29118475317955017,71.85629272460938,262.49761962890625,22.0,37.0,0.2542372881355932,325.4,0.016874999999999928,169.39898681640625,-0.4706281661987305,0.8982036590576172,1.3454023150439638,1.0,1779451311258217589
60.0,0.01815670169889927,0.45359182357788086,0.28241127729415894,74.27165222167969,263.4027404785156,26.0,34.0,0.13333333333333333,413.7185534591195,0.29287047955974843,273.44451904296875,-0.14548587799072266,0.9283956527709961,1.3307156572814025,1.0,1779451311291354410
48.0,-0.02512960694730282,0.4486715495586395,0.28267309069633484,81.52069091796875,263.4027404785156,22.0,26.0,0.08333333333333333,333.87684989429175,0.043365155919661724,171.28500366210938,-0.4647343635559082,1.0,1.3016105423077666,0.55,1779451311391974013
54.0,0.03519575670361519,0.41098400950431824,0.2531917691230774,77.88914489746094,263.4027404785156,22.0,32.0,0.18518518518518517,398.8723958333333,0.2464762369791666,207.99337768554688,-0.350020694732666,0.9736143112182617,1.3440976134819291,0.55,1779451311426578997
47.0,0.0343429371714592,0.4559425413608551,0.3108363151550293,82.42324829101562,269.20068359375,15.0,32.0,0.3617021276595745,389.1691743996177,0.2161536699988053,143.16567993164062,-0.552607250213623,1.0,1.2783667137797035,0.55,1779451311525155563
35.0,0.0652439147233963,0.42408502101898193,0.2859501242637634,88.38970184326172,267.80029296875,11.0,24.0,0.37142857142857144,435.2905653416737,0.36028301669273033,209.69784545898438,-0.3446942329406738,1.0,1.27804373378325,0.41250000000000003,1779451311593966770
40.0,0.07985328882932663,0.40935248136520386,0.2654048502445221,78.33921813964844,289.587646484375,12.0,28.0,0.4,423.89635854341736,0.3246761204481793,295.93914794921875,-0.07519016265869141,0.9792402267456055,1.3170847840088022,0.55,1779451311723374867
36.0,0.056938886642456055,0.45145365595817566,0.30143675208091736,82.40991973876953,288.9186706542969,14.0,22.0,0.2222222222222222,387.1830400782014,0.2099470002443793,268.43292236328125,-0.1611471176147461,1.0,1.3450547272923923,0.55,1779451311824731105
39.0,0.12033412605524063,0.4935466945171356,0.35636648535728455,75.28484344482422,285.35064697265625,12.0,27.0,0.38461538461538464,411.9604978354978,0.28737655573593057,297.82373046875,-0.06930084228515625,0.9410605430603027,-1.2502816211820993,0.5,1779451311891423274
42.0,0.1235777884721756,0.44026729464530945,0.3086842894554138,71.9286117553711,288.9186706542969,15.0,27.0,0.2857142857142857,447.7094594594595,0.3990920608108109,239.107421875,-0.252789306640625,0.8991076469421386,1.294893967676444,1.0,1779451311958380849
40.0,0.13902628421783447,0.4525436460971832,0.31843656301498413,79.75050354003906,305.0409851074219,16.0,24.0,0.2,399.4690476190476,0.2483407738095238,281.91961669921875,-0.11900119781494141,0.9968812942504883,1.3198812616418805,1.0,1779451311991349228
41.0,0.15451809763908386,0.4596519470214844,0.33563032746315,80.48162078857422,283.9383850097656,12.0,29.0,0.4146341463414634,335.3172169811321,0.04786630306603783,283.2691650390625,-0.11478385925292969,1.0,1.321465727055197,1.0,1779451312025043508
29.0,0.04312245175242424,0.5097764134407043,0.3743986487388611,78.93850708007812,278.2894287109375,10.0,19.0,0.3103448275862069,453.16129032258067,0.4161290322580646,288.18939208984375,-0.09940814971923828,0.9867313385009766,1.3104301321829772,0.55,1779451312057929204
